
 Configurando el directorio C:\Program Files\Microsoft SQL Server\ para no comprimir los archivos nuevos [Correcto]

 Descomprimiendo archivos en C:\Program Files\Microsoft SQL Server\

110 [Correcto]
150 [Correcto]
80 [Correcto]
90 [Correcto]
Client SDK [Correcto]
MSSQL15.MSSQLSERVER [Correcto]

 Descomprimiendo archivos en C:\Program Files\Microsoft SQL Server\110\

KeyFile [Correcto]
License Terms [Correcto]
SDK [Correcto]
Shared [Correcto]

 Descomprimiendo archivos en C:\Program Files\Microsoft SQL Server\110\KeyFile\

1033 [Correcto]

 Descomprimiendo archivos en C:\Program Files\Microsoft SQL Server\110\KeyFile\1033\

sqlncli_keyfile.dll [Correcto]

 Descomprimiendo archivos en C:\Program Files\Microsoft SQL Server\110\License Terms\

License_SQLNCLI_ENU.txt [Correcto]

 Descomprimiendo archivos en C:\Program Files\Microsoft SQL Server\110\SDK\

Include [Correcto]
Lib [Correcto]

 Descomprimiendo archivos en C:\Program Files\Microsoft SQL Server\110\SDK\Include\

sqlncli.h [Correcto]

 Descomprimiendo archivos en C:\Program Files\Microsoft SQL Server\110\SDK\Lib\

x64 [Correcto]
x86 [Correcto]

 Descomprimiendo archivos en C:\Program Files\Microsoft SQL Server\110\SDK\Lib\x64\

sqlncli11.lib [Correcto]

 Descomprimiendo archivos en C:\Program Files\Microsoft SQL Server\110\SDK\Lib\x86\

sqlncli11.lib [Correcto]

 Descomprimiendo archivos en C:\Program Files\Microsoft SQL Server\110\Shared\

msasxpress.dll [Correcto]

 Descomprimiendo archivos en C:\Program Files\Microsoft SQL Server\150\

COM [Correcto]
DTS [Correcto]
KeyFile [Correcto]
License Terms [Correcto]
SDK [Correcto]
Setup Bootstrap [Correcto]
Shared [Correcto]
SSEI [Correcto]
Tools [Correcto]

 Descomprimiendo archivos en C:\Program Files\Microsoft SQL Server\150\COM\

en [Correcto]
es [Correcto]
instapi150.dll [Correcto]
Resources [Correcto]
sqlresld.dll [Correcto]
sqlwep150.dll [Correcto]

 Descomprimiendo archivos en C:\Program Files\Microsoft SQL Server\150\COM\en\

Microsoft.SqlServer.Replication.BusinessLogicSupport.xml [Correcto]

 Descomprimiendo archivos en C:\Program Files\Microsoft SQL Server\150\COM\es\

microsoft.sqlserver.replication.businesslogicsupport.resources.dll [Correcto]
Microsoft.SqlServer.Replication.BusinessLogicSupport.xml [Correcto]

 Descomprimiendo archivos en C:\Program Files\Microsoft SQL Server\150\COM\Resources\

1033 [Correcto]
3082 [Correcto]

 Descomprimiendo archivos en C:\Program Files\Microsoft SQL Server\150\COM\Resources\1033\

msoledbsqlr.rll [Correcto]
REPLRES.rll [Correcto]

 Descomprimiendo archivos en C:\Program Files\Microsoft SQL Server\150\COM\Resources\3082\

msoledbsqlr.rll [Correcto]
REPLRES.rll [Correcto]

 Descomprimiendo archivos en C:\Program Files\Microsoft SQL Server\150\DTS\

Binn [Correcto]
Connections [Correcto]
DataDumps [Correcto]
Extensions [Correcto]
ForEachEnumerators [Correcto]
LogProviders [Correcto]
MappingFiles [Correcto]
Packages [Correcto]
PipelineComponents [Correcto]
ProviderDescriptors [Correcto]
Tasks [Correcto]
UpgradeMappings [Correcto]

 Descomprimiendo archivos en C:\Program Files\Microsoft SQL Server\150\DTS\Binn\

batchparser.dll [Correcto]
DataCollectorTasks.dll [Correcto]
DTEParse.dll [Correcto]
DTEParseMgd.dll [Correcto]
DTEPkg.dll [Correcto]
DTExec.exe [Correcto]
DTExec.exe.config [Correcto]
DTS.dll [Correcto]
DTSComExprEval.dll [Correcto]
DtsConn.dll [Correcto]
dtshost.exe [Correcto]
dtshost.exe.config [Correcto]
DTSLog.dll [Correcto]
dtsmsg150.dll [Correcto]
DTSPERF.H [Correcto]
DTSPERF.INI [Correcto]
DTSPipeline.dll [Correcto]
DTSWizard.exe [Correcto]
DTSWizard.exe.config [Correcto]
dtuparse.dll [Correcto]
dtutil.exe [Correcto]
DTUtil.exe.config [Correcto]
DtwTypeConversion.xml [Correcto]
es [Correcto]
ExecPackageTask.dll [Correcto]
interop.msdasc.dll [Correcto]
Microsoft.AnalysisServices.AppLocal.Core.dll [Correcto]
Microsoft.AnalysisServices.AppLocal.dll [Correcto]
Microsoft.AnalysisServices.AppLocal.Tabular.dll [Correcto]
Microsoft.SqlServer.DTEnum.dll [Correcto]
Microsoft.SqlServer.DtsMsg.dll [Correcto]
Microsoft.SqlServer.DTSUtilities.dll [Correcto]
Microsoft.SqlServer.ForEachFileEnumeratorWrap.dll [Correcto]
Microsoft.SqlServer.IntegrationServices.RuntimeTelemetry.dll [Correcto]
Microsoft.SqlServer.PackageFormatUpdate.dll [Correcto]
Microsoft.SqlServer.PipelineXML.dll [Correcto]
Microsoft.SqlServer.SQLTaskConnectionsWrap.dll [Correcto]
Microsoft.SqlServer.XEvent.Configuration.dll [Correcto]
Microsoft.SqlServer.XEvent.dll [Correcto]
MsDtsSrvrUtil.dll [Correcto]
Resources [Correcto]
SQLTaskConnections.dll [Correcto]
SqlTDiagN.dll [Correcto]
SSISOLEDB.dll [Correcto]
xe.dll [Correcto]

 Descomprimiendo archivos en C:\Program Files\Microsoft SQL Server\150\DTS\Binn\es\

DataProfileViewer.resources.dll [Correcto]
DTSWizard.resources.dll [Correcto]

 Descomprimiendo archivos en C:\Program Files\Microsoft SQL Server\150\DTS\Binn\Resources\

1033 [Correcto]
3082 [Correcto]

 Descomprimiendo archivos en C:\Program Files\Microsoft SQL Server\150\DTS\Binn\Resources\1033\

DataCollectorTasks.rll [Correcto]
DTEParse.rll [Correcto]
DTEPkg.rll [Correcto]
dtexec.rll [Correcto]
dts.rll [Correcto]
dtsconn.rll [Correcto]
dtshost.rll [Correcto]
dtslog.rll [Correcto]
dtsmsg150.rll [Correcto]
dtspipeline.rll [Correcto]
dtuparse.rll [Correcto]
dtutil.rll [Correcto]
sqltaskconnections.rll [Correcto]

 Descomprimiendo archivos en C:\Program Files\Microsoft SQL Server\150\DTS\Binn\Resources\3082\

DataCollectorTasks.rll [Correcto]
DTEParse.rll [Correcto]
DTEPkg.rll [Correcto]
dtexec.rll [Correcto]
dts.rll [Correcto]
dtsconn.rll [Correcto]
dtshost.rll [Correcto]
dtslog.rll [Correcto]
dtsmsg150.rll [Correcto]
dtspipeline.rll [Correcto]
dtuparse.rll [Correcto]
dtutil.rll [Correcto]
sqltaskconnections.rll [Correcto]

 Descomprimiendo archivos en C:\Program Files\Microsoft SQL Server\150\DTS\Connections\

en [Correcto]
es [Correcto]
Microsoft.SqlServer.IntegrationService.HadoopConnections.dll [Correcto]
Microsoft.SqlServer.IntegrationServices.ODataConnectionManager.dll [Correcto]
Microsoft.SqlServer.ManagedConnections.dll [Correcto]

 Descomprimiendo archivos en C:\Program Files\Microsoft SQL Server\150\DTS\Connections\en\

Microsoft.SqlServer.ManagedConnections.xml [Correcto]

 Descomprimiendo archivos en C:\Program Files\Microsoft SQL Server\150\DTS\Connections\es\

Microsoft.SqlServer.ManagedConnections.xml [Correcto]

 Descomprimiendo archivos en C:\Program Files\Microsoft SQL Server\150\DTS\DataDumps\


 Descomprimiendo archivos en C:\Program Files\Microsoft SQL Server\150\DTS\Extensions\

Common [Correcto]
ODataSource [Correcto]

 Descomprimiendo archivos en C:\Program Files\Microsoft SQL Server\150\DTS\Extensions\Common\

Jars [Correcto]
Microsoft.Azure.KeyVault.dll [Correcto]
Microsoft.DataTransfer.Authentication.AcsToken.dll [Correcto]
Microsoft.DataTransfer.ClientLibrary.dll [Correcto]
Microsoft.DataTransfer.Common.dll [Correcto]
Microsoft.DataTransfer.Common.Http.WebApiV4.dll [Correcto]
Microsoft.DataTransfer.Common.RetryPolicies.dll [Correcto]
Microsoft.DataTransfer.Common.Tracing.Interface.dll [Correcto]
Microsoft.DataTransfer.Common.Tracing.Local.dll [Correcto]
Microsoft.DataTransfer.Common.Utils.dll [Correcto]
Microsoft.DataTransfer.Compression.XPress9.dll [Correcto]
Microsoft.DataTransfer.Compression.XPress9Interop.dll [Correcto]
Microsoft.DataTransfer.CredentialService.DataContracts.dll [Correcto]
Microsoft.DataTransfer.DataContracts.dll [Correcto]
Microsoft.DataTransfer.EventInfo.dll [Correcto]
Microsoft.DataTransfer.Execution.DataContract.dll [Correcto]
Microsoft.DataTransfer.Execution.PropertiesBagExtension.dll [Correcto]
Microsoft.DataTransfer.Execution.PropertiesBagWrappers.dll [Correcto]
Microsoft.DataTransfer.MsiStoreServiceClient.dll [Correcto]
Microsoft.DataTransfer.Office365OAuthClient.dll [Correcto]
Microsoft.DataTransfer.PayloadCredentialProtection.dll [Correcto]
Microsoft.DataTransfer.Richfile.HiveOrcBridge.dll [Correcto]
Microsoft.DataTransfer.Richfile.OrcTransferPlugin.dll [Correcto]
Microsoft.DataTransfer.SensitiveString.dll [Correcto]
Microsoft.DataTransfer.ServiceLibrary.dll [Correcto]
Microsoft.DataTransfer.TransferServiceClient.dll [Correcto]
Microsoft.Hadoop.Avro.dll [Correcto]
Microsoft.IdentityModel.Clients.ActiveDirectory.dll [Correcto]
Microsoft.IdentityModel.Clients.ActiveDirectory.WindowsForms.dll [Correcto]
Microsoft.Practices.TransientFaultHandling.Core.dll [Correcto]
Microsoft.Rest.ClientRuntime.Azure.dll [Correcto]
Microsoft.Rest.ClientRuntime.dll [Correcto]
Microsoft.SqlServer.Types.dll [Correcto]
Microsoft.WindowsAzure.Storage.dll [Correcto]
Newtonsoft.Json.dll [Correcto]
PlatformLibrary.dll [Correcto]
System.IO.Compression.dll [Correcto]
System.Net.Http.Formatting.dll [Correcto]
System.Web.Http.dll [Correcto]

 Descomprimiendo archivos en C:\Program Files\Microsoft SQL Server\150\DTS\Extensions\Common\Jars\

commons-codec-1.4.jar [Correcto]
commons-collections-3.2.1.jar [Correcto]
commons-configuration-1.6.jar [Correcto]
commons-lang-2.6.jar [Correcto]
commons-logging-1.1.3.jar [Correcto]
hadoop-auth-2.6.0.2.2.0.0-2041.jar [Correcto]
hadoop-common-2.6.0.2.2.0.0-2041.jar [Correcto]
hadoop-mapreduce-client-common-2.6.0.2.2.0.0-2041.jar [Correcto]
hadoop-mapreduce-client-core-2.6.0.2.2.0.0-2041.jar [Correcto]
hive-exec-2.1.0.jar [Correcto]
HiveOrcBridge-1.0.jar [Correcto]
slf4j-api-1.7.5.jar [Correcto]
snappy-java-1.1.1.6.jar [Correcto]

 Descomprimiendo archivos en C:\Program Files\Microsoft SQL Server\150\DTS\Extensions\ODataSource\

References [Correcto]

 Descomprimiendo archivos en C:\Program Files\Microsoft SQL Server\150\DTS\Extensions\ODataSource\References\

Microsoft.Data.Edm.dll [Correcto]
Microsoft.Data.OData.dll [Correcto]
Microsoft.IdentityModel.Clients.ActiveDirectory.dll [Correcto]
Microsoft.IdentityModel.Clients.ActiveDirectory.WindowsForms.dll [Correcto]
Microsoft.OData.Core.dll [Correcto]
Microsoft.OData.Edm.dll [Correcto]
Microsoft.Spatial.dll [Correcto]
System.Spatial.dll [Correcto]

 Descomprimiendo archivos en C:\Program Files\Microsoft SQL Server\150\DTS\ForEachEnumerators\

DataCollectorEnumerators.dll [Correcto]
en [Correcto]
es [Correcto]
ForEachFileEnumerator.dll [Correcto]
Microsoft.SqlServer.ForEachAdoEnumerator.dll [Correcto]
Microsoft.SqlServer.ForEachFromVarEnumerator.dll [Correcto]
Microsoft.SqlServer.ForEachNodeListEnumerator.dll [Correcto]
Microsoft.SqlServer.ForEachSMOEnumerator.dll [Correcto]
Microsoft.SqlServer.IntegrationService.HadoopEnumerators.dll [Correcto]
Resources [Correcto]

 Descomprimiendo archivos en C:\Program Files\Microsoft SQL Server\150\DTS\ForEachEnumerators\en\

Microsoft.SqlServer.ForEachAdoEnumerator.xml [Correcto]
Microsoft.SqlServer.ForEachSMOEnumerator.xml [Correcto]

 Descomprimiendo archivos en C:\Program Files\Microsoft SQL Server\150\DTS\ForEachEnumerators\es\

Microsoft.SqlServer.ForEachAdoEnumerator.xml [Correcto]
Microsoft.SqlServer.ForEachSMOEnumerator.xml [Correcto]

 Descomprimiendo archivos en C:\Program Files\Microsoft SQL Server\150\DTS\ForEachEnumerators\Resources\

1033 [Correcto]
3082 [Correcto]

 Descomprimiendo archivos en C:\Program Files\Microsoft SQL Server\150\DTS\ForEachEnumerators\Resources\1033\

foreachfileenumerator.rll [Correcto]

 Descomprimiendo archivos en C:\Program Files\Microsoft SQL Server\150\DTS\ForEachEnumerators\Resources\3082\

foreachfileenumerator.rll [Correcto]

 Descomprimiendo archivos en C:\Program Files\Microsoft SQL Server\150\DTS\LogProviders\


 Descomprimiendo archivos en C:\Program Files\Microsoft SQL Server\150\DTS\MappingFiles\

AceToSSIS.xml [Correcto]
DB2ToMSSql.XML [Correcto]
DB2ToMSSql10.XML [Correcto]
DB2ToSSIS10.XML [Correcto]
IBMDB2ToMSSql.XML [Correcto]
IBMDB2ToMSSql10.XML [Correcto]
IBMDB2ToSSIS10.XML [Correcto]
JetToDB2.xml [Correcto]
JetToIBMDB2.XML [Correcto]
JetToMSSql8.xml [Correcto]
JetToMSSql9.xml [Correcto]
JetToOracle.xml [Correcto]
JetToSSIS.xml [Correcto]
MSSql10ToMSSql9.xml [Correcto]
MSSql8ToOracle8.XML [Correcto]
MSSql9ToMSSql8.xml [Correcto]
MSSQLToDB2.XML [Correcto]
MSSQLToIBMDB2.XML [Correcto]
MSSqlToJet4.XML [Correcto]
MSSQLToSSIS10.XML [Correcto]
OracleClientToMSSql.XML [Correcto]
OracleClientToMSSql10.XML [Correcto]
OracleClientToSSIS10.XML [Correcto]
OracleToMSSql.XML [Correcto]
OracleToMSSql10.XML [Correcto]
OracleToSSIS10.XML [Correcto]
SqlClient9ToMSSql8.xml [Correcto]
SqlClient9ToMSSql9.xml [Correcto]
SqlClientToDB2.XML [Correcto]
SqlClientToIBMDB2.XML [Correcto]
SqlClientToMSSql10.xml [Correcto]
SqlClientToOracle.XML [Correcto]
SqlClientToSSIS.XML [Correcto]
SSIS10ToDB2.XML [Correcto]
SSIS10ToIBMDB2.XML [Correcto]
SSIS10ToMSSQL.XML [Correcto]
SSISToJet.XML [Correcto]
SSISToOracle.XML [Correcto]

 Descomprimiendo archivos en C:\Program Files\Microsoft SQL Server\150\DTS\Packages\


 Descomprimiendo archivos en C:\Program Files\Microsoft SQL Server\150\DTS\PipelineComponents\

CommandDest.dll [Correcto]
exceldest.dll [Correcto]
excelsrc.dll [Correcto]
FlatFileDest.dll [Correcto]
FlatFileSrc.dll [Correcto]
Microsoft.SqlServer.ADONETDest.dll [Correcto]
Microsoft.SqlServer.ADONETSrc.dll [Correcto]
Microsoft.SqlServer.DataStreaming.Dest.dll [Correcto]
Microsoft.SqlServer.IntegrationService.HadoopComponents.dll [Correcto]
Microsoft.SqlServer.IntegrationServices.ODataSrc.dll [Correcto]
Microsoft.SqlServer.SqlCEDest.dll [Correcto]
Microsoft.SqlServer.XMLSrc.dll [Correcto]
OleDbDest.dll [Correcto]
OleDbSrc.dll [Correcto]
RawDest.dll [Correcto]
RawSource.dll [Correcto]
RecordSetDest.dll [Correcto]
Resources [Correcto]
TxAgg.dll [Correcto]
TxBDD.dll [Correcto]
TxDataCollector.dll [Correcto]
TxDataConvert.dll [Correcto]
TxDerived.dll [Correcto]
TxLookup.dll [Correcto]
TxMerge.dll [Correcto]
TxMergeJoin.dll [Correcto]
TxMulticast.dll [Correcto]
TxRowCount.dll [Correcto]
TxSort.dll [Correcto]
TxSplit.dll [Correcto]
TxUnionAll.dll [Correcto]

 Descomprimiendo archivos en C:\Program Files\Microsoft SQL Server\150\DTS\PipelineComponents\Resources\

1033 [Correcto]
3082 [Correcto]

 Descomprimiendo archivos en C:\Program Files\Microsoft SQL Server\150\DTS\PipelineComponents\Resources\1033\

dtspipeline.rll [Correcto]
TxDataCollector.rll [Correcto]

 Descomprimiendo archivos en C:\Program Files\Microsoft SQL Server\150\DTS\PipelineComponents\Resources\3082\

dtspipeline.rll [Correcto]
TxDataCollector.rll [Correcto]

 Descomprimiendo archivos en C:\Program Files\Microsoft SQL Server\150\DTS\ProviderDescriptors\

ProviderDescriptors.xml [Correcto]

 Descomprimiendo archivos en C:\Program Files\Microsoft SQL Server\150\DTS\Tasks\

en [Correcto]
es [Correcto]
Microsoft.AnalysisServices.AppLocal.Core.dll [Correcto]
Microsoft.AnalysisServices.AppLocal.dll [Correcto]
Microsoft.AnalysisServices.AppLocal.Tabular.dll [Correcto]
Microsoft.SqlServer.ExpressionTask.dll [Correcto]
Microsoft.SqlServer.FileSystemTask.dll [Correcto]
Microsoft.SqlServer.IntegrationService.HadoopTasks.dll [Correcto]
Microsoft.SqlServer.MaintenancePlanTasks.dll [Correcto]
Microsoft.SqlServer.Management.CollectorTasks.dll [Correcto]
Microsoft.SqlServer.SQLTask.dll [Correcto]
Microsoft.SqlServer.TransferDatabasesTask.dll [Correcto]
Microsoft.SqlServer.TransferErrorMessagesTask.dll [Correcto]
Microsoft.SqlServer.TransferJobsTask.dll [Correcto]
Microsoft.SqlServer.TransferLoginsTask.dll [Correcto]
Microsoft.SqlServer.TransferObjectsTask.dll [Correcto]
Microsoft.SqlServer.TransferStoredProceduresTask.dll [Correcto]
Microsoft.SqlServer.WebServiceTask.dll [Correcto]
Microsoft.SqlServer.WMIDRTask.dll [Correcto]
Microsoft.SqlServer.WMIEWTask.dll [Correcto]
Microsoft.SqlServer.XmlTask.dll [Correcto]

 Descomprimiendo archivos en C:\Program Files\Microsoft SQL Server\150\DTS\Tasks\en\

Microsoft.SqlServer.ExpressionTask.xml [Correcto]
Microsoft.SqlServer.MaintenancePlanTasks.xml [Correcto]
Microsoft.SqlServer.TransferDatabasesTask.xml [Correcto]
Microsoft.SqlServer.TransferErrorMessagesTask.xml [Correcto]
Microsoft.SqlServer.TransferJobsTask.xml [Correcto]
Microsoft.SqlServer.TransferLoginsTask.xml [Correcto]
Microsoft.SqlServer.TransferStoredProceduresTask.xml [Correcto]
Microsoft.SqlServer.WebServiceTask.xml [Correcto]
Microsoft.SqlServer.WMIDRTask.xml [Correcto]
Microsoft.SqlServer.WMIEWTask.xml [Correcto]

 Descomprimiendo archivos en C:\Program Files\Microsoft SQL Server\150\DTS\Tasks\es\

Microsoft.SqlServer.ExpressionTask.xml [Correcto]
Microsoft.SqlServer.MaintenancePlanTasks.resources.dll [Correcto]
Microsoft.SqlServer.MaintenancePlanTasks.xml [Correcto]
Microsoft.SqlServer.Management.CollectorTasks.resources.dll [Correcto]
Microsoft.SqlServer.TransferDatabasesTask.Resources.dll [Correcto]
Microsoft.SqlServer.TransferDatabasesTask.xml [Correcto]
Microsoft.SqlServer.TransferErrorMessagesTask.Resources.dll [Correcto]
Microsoft.SqlServer.TransferErrorMessagesTask.xml [Correcto]
Microsoft.SqlServer.TransferJobsTask.Resources.dll [Correcto]
Microsoft.SqlServer.TransferJobsTask.xml [Correcto]
Microsoft.SqlServer.TransferLoginsTask.Resources.dll [Correcto]
Microsoft.SqlServer.TransferLoginsTask.xml [Correcto]
Microsoft.SqlServer.TransferObjectsTask.resources.dll [Correcto]
Microsoft.SqlServer.TransferStoredProceduresTask.Resources.dll [Correcto]
Microsoft.SqlServer.TransferStoredProceduresTask.xml [Correcto]
Microsoft.SqlServer.WebServiceTask.xml [Correcto]
Microsoft.SqlServer.WMIDRTask.xml [Correcto]
Microsoft.SqlServer.WMIEWTask.xml [Correcto]

 Descomprimiendo archivos en C:\Program Files\Microsoft SQL Server\150\DTS\UpgradeMappings\

extensions.xml [Correcto]
HadoopExtensions.xml [Correcto]
HadoopFeatureExtensionMappings.xml [Correcto]
mapping.xml.sample [Correcto]

 Descomprimiendo archivos en C:\Program Files\Microsoft SQL Server\150\KeyFile\

1033 [Correcto]
3082 [Correcto]
conn_info_keyfile.dll [Correcto]
smo_extensions_keyfile.dll [Correcto]
smo_keyfile.dll [Correcto]
sql_batchparser_keyfile.dll [Correcto]
sql_common_core_keyfile.dll [Correcto]
sql_diag_keyfile.dll [Correcto]
sql_dmf_keyfile.dll [Correcto]
sql_engine_core_shared_keyfile.dll [Correcto]
sql_tools_extensions_keyfile.dll [Correcto]
sql_tools_keyfile.dll [Correcto]
sql_xevent_keyfile.dll [Correcto]

 Descomprimiendo archivos en C:\Program Files\Microsoft SQL Server\150\KeyFile\1033\

conn_info_loc_keyfile.dll [Correcto]
rsfx_keyfile.dll [Correcto]
smo_extensions_loc_keyfile.dll [Correcto]
smo_loc_keyfile.dll [Correcto]
sqlsupport15_0_keyfile.dll [Correcto]
sqlwriter_keyfile.dll [Correcto]
sql_common_core_loc_keyfile.dll [Correcto]
sql_dmf_loc_keyfile.dll [Correcto]
sql_engine_core_shared_loc_keyfile.dll [Correcto]
sql_tools_extensions_loc_keyfile.dll [Correcto]
sql_tools_loc_keyfile.dll [Correcto]
sql_xevent_loc_keyfile.dll [Correcto]

 Descomprimiendo archivos en C:\Program Files\Microsoft SQL Server\150\KeyFile\3082\

conn_info_loc_keyfile.dll [Correcto]
smo_extensions_loc_keyfile.dll [Correcto]
smo_loc_keyfile.dll [Correcto]
sqlwriter_keyfile.dll [Correcto]
sql_common_core_loc_keyfile.dll [Correcto]
sql_dmf_loc_keyfile.dll [Correcto]
sql_engine_core_shared_loc_keyfile.dll [Correcto]
sql_tools_extensions_loc_keyfile.dll [Correcto]
sql_tools_loc_keyfile.dll [Correcto]
sql_xevent_loc_keyfile.dll [Correcto]

 Descomprimiendo archivos en C:\Program Files\Microsoft SQL Server\150\License Terms\

SQLServer2019_License_EVAL_3082.rtf [Correcto]

 Descomprimiendo archivos en C:\Program Files\Microsoft SQL Server\150\SDK\

Assemblies [Correcto]

 Descomprimiendo archivos en C:\Program Files\Microsoft SQL Server\150\SDK\Assemblies\

en [Correcto]
es [Correcto]
Microsoft.SqlServer.Replication.dll [Correcto]
Redist_TSqlLanguageService.txt [Correcto]

 Descomprimiendo archivos en C:\Program Files\Microsoft SQL Server\150\SDK\Assemblies\en\

Microsoft.SqlServer.Replication.xml [Correcto]

 Descomprimiendo archivos en C:\Program Files\Microsoft SQL Server\150\SDK\Assemblies\es\

License_TSqlLangSvc.txt [Correcto]
Microsoft.SqlServer.Replication.Resources.dll [Correcto]
Microsoft.SqlServer.Replication.xml [Correcto]

 Descomprimiendo archivos en C:\Program Files\Microsoft SQL Server\150\Setup Bootstrap\

Log [Correcto]
SQL2019 [Correcto]
Update Cache [Correcto]
xmlrw.dll [Correcto]

 Descomprimiendo archivos en C:\Program Files\Microsoft SQL Server\150\Setup Bootstrap\Log\

20251229_132715 [Correcto]
20251229_132851 [Correcto]
20251229_133620 [Correcto]
20251229_133624 [Correcto]
20251229_205835 [Correcto]
20251229_210428 [Correcto]
20251229_210434 [Correcto]
20260116_110202 [Correcto]
20260406_214812 [Correcto]
20260419_230231 [Correcto]
20260522_100357 [Correcto]
20260601_000039 [Correcto]
20260701_141905 [Correcto]
20260701_142918 [Correcto]
Summary.txt [Correcto]

 Descomprimiendo archivos en C:\Program Files\Microsoft SQL Server\150\Setup Bootstrap\Log\20251229_132715\

Datastore_Rules [Correcto]
Detail_Rules.txt [Correcto]
resources [Correcto]
Settings_Rules.xml [Correcto]
Summary_WIN-9PR5MB1L82U_20251229_132715_Rules.txt [Correcto]
SystemConfigurationCheck_Report.htm [Correcto]

 Descomprimiendo archivos en C:\Program Files\Microsoft SQL Server\150\Setup Bootstrap\Log\20251229_132715\Datastore_Rules\

CommonProperties.xml [Correcto]
Datastore_ClusterDiscovery.xml [Correcto]
Datastore_Discovery.xml [Correcto]
InputSettings_ChainerSettings_SlpSettings.xml [Correcto]
InputSettings_FeatureSpecific_SlpInputSettings.xml [Correcto]
InputSettings_RsDumper_Private.xml [Correcto]
Package.xml [Correcto]
Product.xml [Correcto]
ProductSettings_AgentScript_Private.xml [Correcto]
ProductSettings_Agent_Private.xml [Correcto]
ProductSettings_Agent_Public.xml [Correcto]
ProductSettings_AsDumper_Private.xml [Correcto]
ProductSettings_AsInstanceId_Private.xml [Correcto]
ProductSettings_ASTelemetry_Private.xml [Correcto]
ProductSettings_AS_Private.xml [Correcto]
ProductSettings_AS_Public.xml [Correcto]
ProductSettings_ClusterDisk_Private.xml [Correcto]
ProductSettings_ClusterDisk_Public.xml [Correcto]
ProductSettings_ClusterGroup_Private.xml [Correcto]
ProductSettings_ClusterGroup_Public.xml [Correcto]
ProductSettings_ClusterIPAddresses_Private.xml [Correcto]
ProductSettings_ClusterIPAddresses_Public.xml [Correcto]
ProductSettings_ClusterNodesStatus_Public.xml [Correcto]
ProductSettings_ClusterNode_Private.xml [Correcto]
ProductSettings_ClusterNode_Public.xml [Correcto]
ProductSettings_DReplayClient_Private.xml [Correcto]
ProductSettings_DReplayController_Private.xml [Correcto]
ProductSettings_Extensibility_Private.xml [Correcto]
ProductSettings_Extensibility_Public.xml [Correcto]
ProductSettings_FailOverClusterName_Private.xml [Correcto]
ProductSettings_FailoverClusterName_Public.xml [Correcto]
ProductSettings_Fulltext_Private.xml [Correcto]
ProductSettings_Fulltext_Public.xml [Correcto]
ProductSettings_IMPY_Private.xml [Correcto]
ProductSettings_IMPY_Public.xml [Correcto]
ProductSettings_IMR_Private.xml [Correcto]
ProductSettings_IMR_Public.xml [Correcto]
ProductSettings_ISMaster_Private.xml [Correcto]
ProductSettings_ISMaster_Public.xml [Correcto]
ProductSettings_ISTelemetry_Private.xml [Correcto]
ProductSettings_ISWorker_Private.xml [Correcto]
ProductSettings_ISWorker_Public.xml [Correcto]
ProductSettings_ManagementToolsAdvanced_Private.xml [Correcto]
ProductSettings_ManagementToolsAdvanced_Public.xml [Correcto]
ProductSettings_ManagementTools_Private.xml [Correcto]
ProductSettings_ManagementTools_Public.xml [Correcto]
ProductSettings_PolybaseJava_ConfigDB.xml [Correcto]
ProductSettings_PolybaseJava_Private.xml [Correcto]
ProductSettings_Polybase_ConfigDB.xml [Correcto]
ProductSettings_Polybase_Private.xml [Correcto]
ProductSettings_Repl_Private.xml [Correcto]
ProductSettings_Repl_Public.xml [Correcto]
ProductSettings_RsInstanceId_Private.xml [Correcto]
ProductSettings_SAA_Private.xml [Correcto]
ProductSettings_SAA_Public.xml [Correcto]
ProductSettings_Sku_Private.xml [Correcto]
ProductSettings_Sku_Public.xml [Correcto]
ProductSettings_SlpDumper_Private.xml [Correcto]
ProductSettings_Slp_Private.xml [Correcto]
ProductSettings_Slp_Public.xml [Correcto]
ProductSettings_SMPY_Private.xml [Correcto]
ProductSettings_SMPY_Public.xml [Correcto]
ProductSettings_SMR_Private.xml [Correcto]
ProductSettings_SMR_Public.xml [Correcto]
ProductSettings_SniServer_Private.xml [Correcto]
ProductSettings_SniServer_Public.xml [Correcto]
ProductSettings_SqlBrowserStopService_Private.xml [Correcto]
ProductSettings_SqlBrowser_Private.xml [Correcto]
ProductSettings_SqlBrowser_Public.xml [Correcto]
ProductSettings_SqlEngineDumper_Private.xml [Correcto]
ProductSettings_SqlEngine_Private.xml [Correcto]
ProductSettings_SqlEngine_Public.xml [Correcto]
ProductSettings_SqlInstanceId_Private.xml [Correcto]
ProductSettings_SqlLegacyDiscovery_Private.xml [Correcto]
ProductSettings_SqlLegacyDiscovery_Public.xml [Correcto]
ProductSettings_SqlPowershell_Private.xml [Correcto]
ProductSettings_SqlPowershell_Public.xml [Correcto]
ProductSettings_SqlRS_DBPrivate.xml [Correcto]
ProductSettings_SqlRS_Private.xml [Correcto]
ProductSettings_SqlRS_Public.xml [Correcto]
ProductSettings_SQLServerSCP_Private.xml [Correcto]
ProductSettings_SSIS_Private.xml [Correcto]
ProductSettings_SSIS_Public.xml [Correcto]
ProductSettings_SSIS_VSTA_Private.xml [Correcto]
ProductSettings_Telemetry_Private.xml [Correcto]
ProductSettings_Telemetry_TelemetryScriptConfig.xml [Correcto]
ProductSettings_XTP_Private.xml [Correcto]
RunRuleResults_RunStandaloneRules.xml [Correcto]
SLP_Actions_PersistedActionData.xml [Correcto]
Telemetry.xml [Correcto]

 Descomprimiendo archivos en C:\Program Files\Microsoft SQL Server\150\Setup Bootstrap\Log\20251229_132715\resources\

ProgressError.ico [Correcto]
ProgressSkip.ico [Correcto]
ProgressSuccess.ico [Correcto]
ProgressWarn.ico [Correcto]

 Descomprimiendo archivos en C:\Program Files\Microsoft SQL Server\150\Setup Bootstrap\Log\20251229_132851\

ConfigurationFile.ini [Correcto]
Datastore [Correcto]
Datastore_Local [Correcto]
Detail.txt [Correcto]
Detail_Local.txt [Correcto]
LogSet_WIN-9PR5MB1L82U_20251229_132851.cab [Correcto]
resources [Correcto]
Settings.xml [Correcto]
Settings_Local.xml [Correcto]
SqlSupport_Cpu64_1.log [Correcto]
Summary_WIN-9PR5MB1L82U_20251229_132851.txt [Correcto]
SystemConfigurationCheck_Report.htm [Correcto]

 Descomprimiendo archivos en C:\Program Files\Microsoft SQL Server\150\Setup Bootstrap\Log\20251229_132851\Datastore\

CommonProperties.xml [Correcto]
Datastore_ClusterDiscovery.xml [Correcto]
Datastore_Discovery.xml [Correcto]
InputSettings_ChainerSettings_SlpSettings.xml [Correcto]
InputSettings_FeatureSpecific_SlpInputSettings.xml [Correcto]
InputSettings_RsDumper_Private.xml [Correcto]
Package.xml [Correcto]
Product.xml [Correcto]
ProductSettings_AgentScript_Private.xml [Correcto]
ProductSettings_Agent_Private.xml [Correcto]
ProductSettings_Agent_Public.xml [Correcto]
ProductSettings_AsDumper_Private.xml [Correcto]
ProductSettings_AsInstanceId_Private.xml [Correcto]
ProductSettings_ASTelemetry_Private.xml [Correcto]
ProductSettings_AS_Private.xml [Correcto]
ProductSettings_AS_Public.xml [Correcto]
ProductSettings_ClusterDisk_Private.xml [Correcto]
ProductSettings_ClusterDisk_Public.xml [Correcto]
ProductSettings_ClusterGroup_Private.xml [Correcto]
ProductSettings_ClusterGroup_Public.xml [Correcto]
ProductSettings_ClusterIPAddresses_Private.xml [Correcto]
ProductSettings_ClusterIPAddresses_Public.xml [Correcto]
ProductSettings_ClusterNodesStatus_Public.xml [Correcto]
ProductSettings_ClusterNode_Private.xml [Correcto]
ProductSettings_ClusterNode_Public.xml [Correcto]
ProductSettings_DReplayClient_Private.xml [Correcto]
ProductSettings_DReplayController_Private.xml [Correcto]
ProductSettings_Extensibility_Private.xml [Correcto]
ProductSettings_Extensibility_Public.xml [Correcto]
ProductSettings_FailOverClusterName_Private.xml [Correcto]
ProductSettings_FailoverClusterName_Public.xml [Correcto]
ProductSettings_Fulltext_Private.xml [Correcto]
ProductSettings_Fulltext_Public.xml [Correcto]
ProductSettings_IMPY_Private.xml [Correcto]
ProductSettings_IMPY_Public.xml [Correcto]
ProductSettings_IMR_Private.xml [Correcto]
ProductSettings_IMR_Public.xml [Correcto]
ProductSettings_ISMaster_Private.xml [Correcto]
ProductSettings_ISMaster_Public.xml [Correcto]
ProductSettings_ISTelemetry_Private.xml [Correcto]
ProductSettings_ISWorker_Private.xml [Correcto]
ProductSettings_ISWorker_Public.xml [Correcto]
ProductSettings_ManagementToolsAdvanced_Private.xml [Correcto]
ProductSettings_ManagementToolsAdvanced_Public.xml [Correcto]
ProductSettings_ManagementTools_Private.xml [Correcto]
ProductSettings_ManagementTools_Public.xml [Correcto]
ProductSettings_PolybaseJava_ConfigDB.xml [Correcto]
ProductSettings_PolybaseJava_Private.xml [Correcto]
ProductSettings_Polybase_ConfigDB.xml [Correcto]
ProductSettings_Polybase_Private.xml [Correcto]
ProductSettings_Repl_Private.xml [Correcto]
ProductSettings_Repl_Public.xml [Correcto]
ProductSettings_RsInstanceId_Private.xml [Correcto]
ProductSettings_SAA_Private.xml [Correcto]
ProductSettings_SAA_Public.xml [Correcto]
ProductSettings_Sku_Private.xml [Correcto]
ProductSettings_Sku_Public.xml [Correcto]
ProductSettings_SlpDumper_Private.xml [Correcto]
ProductSettings_Slp_Private.xml [Correcto]
ProductSettings_Slp_Public.xml [Correcto]
ProductSettings_SMPY_Private.xml [Correcto]
ProductSettings_SMPY_Public.xml [Correcto]
ProductSettings_SMR_Private.xml [Correcto]
ProductSettings_SMR_Public.xml [Correcto]
ProductSettings_SniServer_Private.xml [Correcto]
ProductSettings_SniServer_Public.xml [Correcto]
ProductSettings_SqlBrowserStopService_Private.xml [Correcto]
ProductSettings_SqlBrowser_Private.xml [Correcto]
ProductSettings_SqlBrowser_Public.xml [Correcto]
ProductSettings_SqlEngineDumper_Private.xml [Correcto]
ProductSettings_SqlEngine_Private.xml [Correcto]
ProductSettings_SqlEngine_Public.xml [Correcto]
ProductSettings_SqlInstanceId_Private.xml [Correcto]
ProductSettings_SqlLegacyDiscovery_Private.xml [Correcto]
ProductSettings_SqlLegacyDiscovery_Public.xml [Correcto]
ProductSettings_SqlPowershell_Private.xml [Correcto]
ProductSettings_SqlPowershell_Public.xml [Correcto]
ProductSettings_SqlRS_DBPrivate.xml [Correcto]
ProductSettings_SqlRS_Private.xml [Correcto]
ProductSettings_SqlRS_Public.xml [Correcto]
ProductSettings_SQLServerSCP_Private.xml [Correcto]
ProductSettings_SSIS_Private.xml [Correcto]
ProductSettings_SSIS_Public.xml [Correcto]
ProductSettings_SSIS_VSTA_Private.xml [Correcto]
ProductSettings_Telemetry_Private.xml [Correcto]
ProductSettings_Telemetry_TelemetryScriptConfig.xml [Correcto]
ProductSettings_XTP_Private.xml [Correcto]
RunRuleResults_RunStandaloneRules.xml [Correcto]
Runtime_ActionData.xml [Correcto]
SLP_Actions_PersistedActionData.xml [Correcto]
Telemetry.xml [Correcto]
_Extensions_Config_ActionCollection.xml [Correcto]
_Extensions_Config_FeatureScenario.xml [Correcto]
_Extensions_Config_PackagesInstallStateProperties.xml [Correcto]
_Extensions_Msi_FeatureScenario.xml [Correcto]
_Extensions_Msi_InitialPackageInstallList.xml [Correcto]
_Extensions_Msi_OrderedFeatureList.xml [Correcto]
_Extensions_Msi_OrderedPackageDependencyList.xml [Correcto]
_Extensions_Msi_PackageInstallMap.xml [Correcto]
_Extensions_Msi_PackagesInstallStateProperties.xml [Correcto]
_Extensions_Setup_DiscoveryMachineNames.xml [Correcto]
_Scenario_GlobalObjects_DetectPackageIdFilter.xml [Correcto]
_Scenario_GlobalObjects_DetectSqlSupportPackageIdFilter.xml [Correcto]

 Descomprimiendo archivos en C:\Program Files\Microsoft SQL Server\150\Setup Bootstrap\Log\20251229_132851\Datastore_Local\

CommonProperties.xml [Correcto]
Datastore_ClusterDiscovery.xml [Correcto]
Datastore_Discovery.xml [Correcto]
InputSettings_ChainerSettings_SlpSettings.xml [Correcto]
InputSettings_FeatureSpecific_SlpInputSettings.xml [Correcto]
InputSettings_RsDumper_Private.xml [Correcto]
Package.xml [Correcto]
Product.xml [Correcto]
ProductSettings_AgentScript_Private.xml [Correcto]
ProductSettings_Agent_Private.xml [Correcto]
ProductSettings_Agent_Public.xml [Correcto]
ProductSettings_AsDumper_Private.xml [Correcto]
ProductSettings_AsInstanceId_Private.xml [Correcto]
ProductSettings_ASTelemetry_Private.xml [Correcto]
ProductSettings_AS_Private.xml [Correcto]
ProductSettings_AS_Public.xml [Correcto]
ProductSettings_ClusterDisk_Private.xml [Correcto]
ProductSettings_ClusterDisk_Public.xml [Correcto]
ProductSettings_ClusterGroup_Private.xml [Correcto]
ProductSettings_ClusterGroup_Public.xml [Correcto]
ProductSettings_ClusterIPAddresses_Private.xml [Correcto]
ProductSettings_ClusterIPAddresses_Public.xml [Correcto]
ProductSettings_ClusterNodesStatus_Public.xml [Correcto]
ProductSettings_ClusterNode_Private.xml [Correcto]
ProductSettings_ClusterNode_Public.xml [Correcto]
ProductSettings_DReplayClient_Private.xml [Correcto]
ProductSettings_DReplayController_Private.xml [Correcto]
ProductSettings_Extensibility_Private.xml [Correcto]
ProductSettings_Extensibility_Public.xml [Correcto]
ProductSettings_FailOverClusterName_Private.xml [Correcto]
ProductSettings_FailoverClusterName_Public.xml [Correcto]
ProductSettings_Fulltext_Private.xml [Correcto]
ProductSettings_Fulltext_Public.xml [Correcto]
ProductSettings_IMPY_Private.xml [Correcto]
ProductSettings_IMPY_Public.xml [Correcto]
ProductSettings_IMR_Private.xml [Correcto]
ProductSettings_IMR_Public.xml [Correcto]
ProductSettings_ISMaster_Private.xml [Correcto]
ProductSettings_ISMaster_Public.xml [Correcto]
ProductSettings_ISTelemetry_Private.xml [Correcto]
ProductSettings_ISWorker_Private.xml [Correcto]
ProductSettings_ISWorker_Public.xml [Correcto]
ProductSettings_ManagementToolsAdvanced_Private.xml [Correcto]
ProductSettings_ManagementToolsAdvanced_Public.xml [Correcto]
ProductSettings_ManagementTools_Private.xml [Correcto]
ProductSettings_ManagementTools_Public.xml [Correcto]
ProductSettings_PolybaseJava_ConfigDB.xml [Correcto]
ProductSettings_PolybaseJava_Private.xml [Correcto]
ProductSettings_Polybase_ConfigDB.xml [Correcto]
ProductSettings_Polybase_Private.xml [Correcto]
ProductSettings_Repl_Private.xml [Correcto]
ProductSettings_Repl_Public.xml [Correcto]
ProductSettings_RsInstanceId_Private.xml [Correcto]
ProductSettings_SAA_Private.xml [Correcto]
ProductSettings_SAA_Public.xml [Correcto]
ProductSettings_Sku_Private.xml [Correcto]
ProductSettings_Sku_Public.xml [Correcto]
ProductSettings_SlpDumper_Private.xml [Correcto]
ProductSettings_Slp_Private.xml [Correcto]
ProductSettings_Slp_Public.xml [Correcto]
ProductSettings_SMPY_Private.xml [Correcto]
ProductSettings_SMPY_Public.xml [Correcto]
ProductSettings_SMR_Private.xml [Correcto]
ProductSettings_SMR_Public.xml [Correcto]
ProductSettings_SniServer_Private.xml [Correcto]
ProductSettings_SniServer_Public.xml [Correcto]
ProductSettings_SqlBrowserStopService_Private.xml [Correcto]
ProductSettings_SqlBrowser_Private.xml [Correcto]
ProductSettings_SqlBrowser_Public.xml [Correcto]
ProductSettings_SqlEngineDumper_Private.xml [Correcto]
ProductSettings_SqlEngine_Private.xml [Correcto]
ProductSettings_SqlEngine_Public.xml [Correcto]
ProductSettings_SqlInstanceId_Private.xml [Correcto]
ProductSettings_SqlLegacyDiscovery_Private.xml [Correcto]
ProductSettings_SqlLegacyDiscovery_Public.xml [Correcto]
ProductSettings_SqlPowershell_Private.xml [Correcto]
ProductSettings_SqlPowershell_Public.xml [Correcto]
ProductSettings_SqlRS_DBPrivate.xml [Correcto]
ProductSettings_SqlRS_Private.xml [Correcto]
ProductSettings_SqlRS_Public.xml [Correcto]
ProductSettings_SQLServerSCP_Private.xml [Correcto]
ProductSettings_SSIS_Private.xml [Correcto]
ProductSettings_SSIS_Public.xml [Correcto]
ProductSettings_SSIS_VSTA_Private.xml [Correcto]
ProductSettings_Telemetry_Private.xml [Correcto]
ProductSettings_Telemetry_TelemetryScriptConfig.xml [Correcto]
ProductSettings_XTP_Private.xml [Correcto]
RunRuleResults_RunScenarioGlobalRules.xml [Correcto]
SLP_Actions_PersistedActionData.xml [Correcto]
Telemetry.xml [Correcto]
_Extensions_Config_ActionCollection.xml [Correcto]
_Extensions_Config_FeatureScenario.xml [Correcto]
_Extensions_Config_PackagesInstallStateProperties.xml [Correcto]
_Extensions_Msi_FeatureScenario.xml [Correcto]
_Extensions_Msi_InitialPackageInstallList.xml [Correcto]
_Extensions_Msi_OrderedFeatureList.xml [Correcto]
_Extensions_Msi_OrderedPackageDependencyList.xml [Correcto]
_Extensions_Msi_PackageInstallMap.xml [Correcto]
_Extensions_Msi_PackagesInstallStateProperties.xml [Correcto]
_Extensions_Setup_DiscoveryMachineNames.xml [Correcto]
_Extension_Slp_OriginalInputSettingValues.xml [Correcto]

 Descomprimiendo archivos en C:\Program Files\Microsoft SQL Server\150\Setup Bootstrap\Log\20251229_132851\resources\

ProgressError.ico [Correcto]
ProgressSkip.ico [Correcto]
ProgressSuccess.ico [Correcto]
ProgressWarn.ico [Correcto]

 Descomprimiendo archivos en C:\Program Files\Microsoft SQL Server\150\Setup Bootstrap\Log\20251229_133620\

Datastore_Rules [Correcto]
Detail_Rules.txt [Correcto]
resources [Correcto]
Settings_Rules.xml [Correcto]
Summary_WIN-9PR5MB1L82U_20251229_133620_Rules.txt [Correcto]
SystemConfigurationCheck_Report.htm [Correcto]

 Descomprimiendo archivos en C:\Program Files\Microsoft SQL Server\150\Setup Bootstrap\Log\20251229_133620\Datastore_Rules\

CommonProperties.xml [Correcto]
Datastore_ClusterDiscovery.xml [Correcto]
Datastore_Discovery.xml [Correcto]
InputSettings_ChainerSettings_SlpSettings.xml [Correcto]
InputSettings_FeatureSpecific_SlpInputSettings.xml [Correcto]
InputSettings_RsDumper_Private.xml [Correcto]
Package.xml [Correcto]
Product.xml [Correcto]
ProductSettings_AgentScript_Private.xml [Correcto]
ProductSettings_Agent_Private.xml [Correcto]
ProductSettings_Agent_Public.xml [Correcto]
ProductSettings_AsDumper_Private.xml [Correcto]
ProductSettings_AsInstanceId_Private.xml [Correcto]
ProductSettings_ASTelemetry_Private.xml [Correcto]
ProductSettings_AS_Private.xml [Correcto]
ProductSettings_AS_Public.xml [Correcto]
ProductSettings_ClusterDisk_Private.xml [Correcto]
ProductSettings_ClusterDisk_Public.xml [Correcto]
ProductSettings_ClusterGroup_Private.xml [Correcto]
ProductSettings_ClusterGroup_Public.xml [Correcto]
ProductSettings_ClusterIPAddresses_Private.xml [Correcto]
ProductSettings_ClusterIPAddresses_Public.xml [Correcto]
ProductSettings_ClusterNodesStatus_Public.xml [Correcto]
ProductSettings_ClusterNode_Private.xml [Correcto]
ProductSettings_ClusterNode_Public.xml [Correcto]
ProductSettings_DReplayClient_Private.xml [Correcto]
ProductSettings_DReplayController_Private.xml [Correcto]
ProductSettings_Extensibility_Private.xml [Correcto]
ProductSettings_Extensibility_Public.xml [Correcto]
ProductSettings_FailOverClusterName_Private.xml [Correcto]
ProductSettings_FailoverClusterName_Public.xml [Correcto]
ProductSettings_Fulltext_Private.xml [Correcto]
ProductSettings_Fulltext_Public.xml [Correcto]
ProductSettings_IMPY_Private.xml [Correcto]
ProductSettings_IMPY_Public.xml [Correcto]
ProductSettings_IMR_Private.xml [Correcto]
ProductSettings_IMR_Public.xml [Correcto]
ProductSettings_ISMaster_Private.xml [Correcto]
ProductSettings_ISMaster_Public.xml [Correcto]
ProductSettings_ISTelemetry_Private.xml [Correcto]
ProductSettings_ISWorker_Private.xml [Correcto]
ProductSettings_ISWorker_Public.xml [Correcto]
ProductSettings_ManagementToolsAdvanced_Private.xml [Correcto]
ProductSettings_ManagementToolsAdvanced_Public.xml [Correcto]
ProductSettings_ManagementTools_Private.xml [Correcto]
ProductSettings_ManagementTools_Public.xml [Correcto]
ProductSettings_PolybaseJava_ConfigDB.xml [Correcto]
ProductSettings_PolybaseJava_Private.xml [Correcto]
ProductSettings_Polybase_ConfigDB.xml [Correcto]
ProductSettings_Polybase_Private.xml [Correcto]
ProductSettings_Repl_Private.xml [Correcto]
ProductSettings_Repl_Public.xml [Correcto]
ProductSettings_RsInstanceId_Private.xml [Correcto]
ProductSettings_SAA_Private.xml [Correcto]
ProductSettings_SAA_Public.xml [Correcto]
ProductSettings_Sku_Private.xml [Correcto]
ProductSettings_Sku_Public.xml [Correcto]
ProductSettings_SlpDumper_Private.xml [Correcto]
ProductSettings_Slp_Private.xml [Correcto]
ProductSettings_Slp_Public.xml [Correcto]
ProductSettings_SMPY_Private.xml [Correcto]
ProductSettings_SMPY_Public.xml [Correcto]
ProductSettings_SMR_Private.xml [Correcto]
ProductSettings_SMR_Public.xml [Correcto]
ProductSettings_SniServer_Private.xml [Correcto]
ProductSettings_SniServer_Public.xml [Correcto]
ProductSettings_SqlBrowserStopService_Private.xml [Correcto]
ProductSettings_SqlBrowser_Private.xml [Correcto]
ProductSettings_SqlBrowser_Public.xml [Correcto]
ProductSettings_SqlEngineDumper_Private.xml [Correcto]
ProductSettings_SqlEngine_Private.xml [Correcto]
ProductSettings_SqlEngine_Public.xml [Correcto]
ProductSettings_SqlInstanceId_Private.xml [Correcto]
ProductSettings_SqlLegacyDiscovery_Private.xml [Correcto]
ProductSettings_SqlLegacyDiscovery_Public.xml [Correcto]
ProductSettings_SqlPowershell_Private.xml [Correcto]
ProductSettings_SqlPowershell_Public.xml [Correcto]
ProductSettings_SqlRS_DBPrivate.xml [Correcto]
ProductSettings_SqlRS_Private.xml [Correcto]
ProductSettings_SqlRS_Public.xml [Correcto]
ProductSettings_SQLServerSCP_Private.xml [Correcto]
ProductSettings_SSIS_Private.xml [Correcto]
ProductSettings_SSIS_Public.xml [Correcto]
ProductSettings_SSIS_VSTA_Private.xml [Correcto]
ProductSettings_Telemetry_Private.xml [Correcto]
ProductSettings_Telemetry_TelemetryScriptConfig.xml [Correcto]
ProductSettings_XTP_Private.xml [Correcto]
RunRuleResults_RunStandaloneRules.xml [Correcto]
SLP_Actions_PersistedActionData.xml [Correcto]
Telemetry.xml [Correcto]

 Descomprimiendo archivos en C:\Program Files\Microsoft SQL Server\150\Setup Bootstrap\Log\20251229_133620\resources\

ProgressError.ico [Correcto]
ProgressSkip.ico [Correcto]
ProgressSuccess.ico [Correcto]
ProgressWarn.ico [Correcto]

 Descomprimiendo archivos en C:\Program Files\Microsoft SQL Server\150\Setup Bootstrap\Log\20251229_133624\

ConfigurationFile.ini [Correcto]
conn_info_Cpu64_1.log [Correcto]
conn_info_loc_Cpu64_3082_1.log [Correcto]
Datastore [Correcto]
Detail.txt [Correcto]
HkEngineEventFile_0_134115035146560000_2025-12-29T13.38.34.xel [Correcto]
HkEngineEventFile_0_134115035216620000_2025-12-29T13.38.41.xel [Correcto]
LogSet_WIN-9PR5MB1L82U_20251229_133624.cab [Correcto]
msodbcsql_Cpu64_1.log [Correcto]
msoledbsql_Cpu64_1.log [Correcto]
resources [Correcto]
RsFx_Cpu64_1.log [Correcto]
Settings.xml [Correcto]
smo_Cpu64_1.log [Correcto]
smo_extensions_Cpu64_1.log [Correcto]
smo_extensions_loc_Cpu64_3082_1.log [Correcto]
smo_loc_Cpu64_3082_1.log [Correcto]
SqlBrowser_Cpu32_1.log [Correcto]
sqlncli_Cpu64_1.log [Correcto]
SQLServer_ERRORLOG_2025-12-29T13.38.36.txt [Correcto]
SQLServer_ERRORLOG_2025-12-29T13.38.42.txt [Correcto]
SqlSupport_Cpu64_1.log [Correcto]
SqlWriter_Cpu64_1.log [Correcto]
sql_batchparser_Cpu64_1.log [Correcto]
sql_common_core_Cpu64_1.log [Correcto]
sql_common_core_loc_Cpu64_3082_1.log [Correcto]
sql_diag_Cpu64_1.log [Correcto]
sql_dmf_Cpu64_1.log [Correcto]
sql_dmf_loc_Cpu64_3082_1.log [Correcto]
sql_engine_core_inst_Cpu64_1.log [Correcto]
sql_engine_core_inst_loc_Cpu64_3082_1.log [Correcto]
sql_engine_core_shared_Cpu64_1.log [Correcto]
sql_engine_core_shared_loc_Cpu64_3082_1.log [Correcto]
sql_xevent_Cpu64_1.log [Correcto]
sql_xevent_loc_Cpu64_3082_1.log [Correcto]
Summary_WIN-9PR5MB1L82U_20251229_133624.txt [Correcto]
SystemConfigurationCheck_Report.htm [Correcto]
system_health_0_134115035150930000_2025-12-29T13.38.35.xel [Correcto]
system_health_0_134115035218330000_2025-12-29T13.38.41.xel [Correcto]
tsqllangsvc_Cpu64_1.log [Correcto]
VCRuntime140_Cpu32_1.log [Correcto]
VCRuntime140_Cpu32_1_000_vcRuntimeMinimum_x86.log [Correcto]
VCRuntime140_Cpu32_1_001_vcRuntimeAdditional_x86.log [Correcto]
VCRuntime140_x64_Cpu64_1.log [Correcto]
VCRuntime140_x64_Cpu64_1_000_vcRuntimeMinimum_x64.log [Correcto]
VCRuntime140_x64_Cpu64_1_001_vcRuntimeAdditional_x64.log [Correcto]

 Descomprimiendo archivos en C:\Program Files\Microsoft SQL Server\150\Setup Bootstrap\Log\20251229_133624\Datastore\

CommonProperties.xml [Correcto]
Datastore_ClusterDiscovery.xml [Correcto]
Datastore_ClusterDiscoveryRefresh.xml [Correcto]
Datastore_Discovery.xml [Correcto]
Datastore_DiscoveryRefresh.xml [Correcto]
InputSettings_ChainerSettings_SlpSettings.xml [Correcto]
InputSettings_FeatureSpecific_SlpInputSettings.xml [Correcto]
InputSettings_RsDumper_Private.xml [Correcto]
Package.xml [Correcto]
Product.xml [Correcto]
ProductSettings_AgentScript_Private.xml [Correcto]
ProductSettings_Agent_Private.xml [Correcto]
ProductSettings_Agent_Private_ScriptFile.xml [Correcto]
ProductSettings_Agent_Public.xml [Correcto]
ProductSettings_AsDumper_Private.xml [Correcto]
ProductSettings_AsInstanceId_Private.xml [Correcto]
ProductSettings_ASTelemetry_Private.xml [Correcto]
ProductSettings_AS_Private.xml [Correcto]
ProductSettings_AS_Public.xml [Correcto]
ProductSettings_ClusterDisk_Private.xml [Correcto]
ProductSettings_ClusterDisk_Public.xml [Correcto]
ProductSettings_ClusterGroup_Private.xml [Correcto]
ProductSettings_ClusterGroup_Public.xml [Correcto]
ProductSettings_ClusterIPAddresses_Private.xml [Correcto]
ProductSettings_ClusterIPAddresses_Public.xml [Correcto]
ProductSettings_ClusterNodesStatus_Public.xml [Correcto]
ProductSettings_ClusterNode_Private.xml [Correcto]
ProductSettings_ClusterNode_Public.xml [Correcto]
ProductSettings_DReplayClient_Private.xml [Correcto]
ProductSettings_DReplayController_Private.xml [Correcto]
ProductSettings_Extensibility_Private.xml [Correcto]
ProductSettings_Extensibility_Public.xml [Correcto]
ProductSettings_FailOverClusterName_Private.xml [Correcto]
ProductSettings_FailoverClusterName_Public.xml [Correcto]
ProductSettings_Fulltext_Private.xml [Correcto]
ProductSettings_Fulltext_Public.xml [Correcto]
ProductSettings_IMPY_Private.xml [Correcto]
ProductSettings_IMPY_Public.xml [Correcto]
ProductSettings_IMR_Private.xml [Correcto]
ProductSettings_IMR_Public.xml [Correcto]
ProductSettings_ISMaster_Private.xml [Correcto]
ProductSettings_ISMaster_Public.xml [Correcto]
ProductSettings_ISTelemetry_Private.xml [Correcto]
ProductSettings_ISWorker_Private.xml [Correcto]
ProductSettings_ISWorker_Public.xml [Correcto]
ProductSettings_ManagementToolsAdvanced_Private.xml [Correcto]
ProductSettings_ManagementToolsAdvanced_Public.xml [Correcto]
ProductSettings_ManagementTools_Private.xml [Correcto]
ProductSettings_ManagementTools_Public.xml [Correcto]
ProductSettings_PolybaseJava_ConfigDB.xml [Correcto]
ProductSettings_PolybaseJava_Private.xml [Correcto]
ProductSettings_Polybase_ConfigDB.xml [Correcto]
ProductSettings_Polybase_Private.xml [Correcto]
ProductSettings_Repl_Private.xml [Correcto]
ProductSettings_Repl_Public.xml [Correcto]
ProductSettings_RsInstanceId_Private.xml [Correcto]
ProductSettings_SAA_Private.xml [Correcto]
ProductSettings_SAA_Public.xml [Correcto]
ProductSettings_Sku_Private.xml [Correcto]
ProductSettings_Sku_Public.xml [Correcto]
ProductSettings_SlpDumper_Private.xml [Correcto]
ProductSettings_Slp_Private.xml [Correcto]
ProductSettings_Slp_Public.xml [Correcto]
ProductSettings_SMPY_Private.xml [Correcto]
ProductSettings_SMPY_Public.xml [Correcto]
ProductSettings_SMR_Private.xml [Correcto]
ProductSettings_SMR_Public.xml [Correcto]
ProductSettings_SniServer_Private.xml [Correcto]
ProductSettings_SniServer_Public.xml [Correcto]
ProductSettings_SqlBrowserStopService_Private.xml [Correcto]
ProductSettings_SqlBrowser_Private.xml [Correcto]
ProductSettings_SqlBrowser_Public.xml [Correcto]
ProductSettings_SqlEngineDumper_Private.xml [Correcto]
ProductSettings_SqlEngine_Private.xml [Correcto]
ProductSettings_SqlEngine_Public.xml [Correcto]
ProductSettings_SqlInstanceId_Private.xml [Correcto]
ProductSettings_SqlLegacyDiscovery_Private.xml [Correcto]
ProductSettings_SqlLegacyDiscovery_Public.xml [Correcto]
ProductSettings_SqlPowershell_Private.xml [Correcto]
ProductSettings_SqlPowershell_Public.xml [Correcto]
ProductSettings_SqlRS_DBPrivate.xml [Correcto]
ProductSettings_SqlRS_Private.xml [Correcto]
ProductSettings_SqlRS_Public.xml [Correcto]
ProductSettings_SQLServerSCP_Private.xml [Correcto]
ProductSettings_SSIS_Private.xml [Correcto]
ProductSettings_SSIS_Public.xml [Correcto]
ProductSettings_SSIS_VSTA_Private.xml [Correcto]
ProductSettings_Telemetry_Private.xml [Correcto]
ProductSettings_Telemetry_TelemetryScriptConfig.xml [Correcto]
ProductSettings_XTP_Private.xml [Correcto]
RunRuleResults_RunFeatureSpecificConfigRules.xml [Correcto]
RunRuleResults_RunFeatureSpecificRules.xml [Correcto]
RunRuleResults_RunScenarioGlobalRules.xml [Correcto]
RunRuleResults_RunStandaloneRules.xml [Correcto]
Runtime_ActionData.xml [Correcto]
SLP_Actions_PersistedActionData.xml [Correcto]
Telemetry.xml [Correcto]
_Extensions_Config_ActionCollection.xml [Correcto]
_Extensions_Config_FeatureScenario.xml [Correcto]
_Extensions_Config_PackagesInstallStateProperties.xml [Correcto]
_Extensions_Msi_FeatureScenario.xml [Correcto]
_Extensions_Msi_InitialPackageInstallList.xml [Correcto]
_Extensions_Msi_OrderedFeatureList.xml [Correcto]
_Extensions_Msi_OrderedPackageDependencyList.xml [Correcto]
_Extensions_Msi_PackageInstallMap.xml [Correcto]
_Extensions_Msi_PackagesInstallStateProperties.xml [Correcto]
_Extensions_Setup_DiscoveryMachineNames.xml [Correcto]
_Extensions_Setup_ProductScenarioStatus.xml [Correcto]
_Extension_Agent_AddNode.xml [Correcto]
_Extension_Agent_AgentInstanceRegPath.xml [Correcto]
_Extension_Agent_AgentLocalGroupDescription.xml [Correcto]
_Extension_Agent_AgentLocalGroupName.xml [Correcto]
_Extension_Agent_AgentLogDllPath.xml [Correcto]
_Extension_Agent_AgentPrincipal.xml [Correcto]
_Extension_Agent_AgentResourceDescription.xml [Correcto]
_Extension_Agent_AgentResourceName.xml [Correcto]
_Extension_Agent_AgentServiceAccount.xml [Correcto]
_Extension_Agent_AgentServiceBinaryFile.xml [Correcto]
_Extension_Agent_AgentServiceDescription.xml [Correcto]
_Extension_Agent_AgentServiceDisplayName.xml [Correcto]
_Extension_Agent_AgentSetupRegPath.xml [Correcto]
_Extension_Agent_AgentSID.xml [Correcto]
_Extension_Agent_AgentSysadminSID.xml [Correcto]
_Extension_Agent_AtxcorePath.xml [Correcto]
_Extension_Agent_CheckpointingHives.xml [Correcto]
_Extension_Agent_ClusterState.xml [Correcto]
_Extension_Agent_DefaultRegistryValues.xml [Correcto]
_Extension_Agent_EnginePrincipal.xml [Correcto]
_Extension_Agent_EngineServiceName.xml [Correcto]
_Extension_Agent_EngineSID.xml [Correcto]
_Extension_Agent_IniSourceFilePath.xml [Correcto]
_Extension_Agent_InstanceId.xml [Correcto]
_Extension_Agent_InstanceName.xml [Correcto]
_Extension_Agent_InstanceRegPath.xml [Correcto]
_Extension_Agent_InstanceWMIPath.xml [Correcto]
_Extension_Agent_IsClusterUpgrade.xml [Correcto]
_Extension_Agent_LibraryFileName.xml [Correcto]
_Extension_Agent_LocalMachineName.xml [Correcto]
_Extension_Agent_LogDirectoryPath.xml [Correcto]
_Extension_Agent_LogFilePath.xml [Correcto]
_Extension_Agent_ParentWMIPath.xml [Correcto]
_Extension_Agent_PerfCounterDll32SourcePath.xml [Correcto]
_Extension_Agent_PerfCounterDllSourcePath.xml [Correcto]
_Extension_Agent_PerfCounterDllTargetSystemFilePath.xml [Correcto]
_Extension_Agent_PerfCounterDllTargetSystemWOWFilePath.xml [Correcto]
_Extension_Agent_PerformanceMonitorUseGroupSID.xml [Correcto]
_Extension_Agent_PrefixServiceName.xml [Correcto]
_Extension_Agent_RegistryValuesToWrite.xml [Correcto]
_Extension_Agent_ResourceInstanceName.xml [Correcto]
_Extension_Agent_ServiceName.xml [Correcto]
_Extension_Agent_SkipOnDomainController.xml [Correcto]
_Extension_Agent_SqagtresPath.xml [Correcto]
_Extension_Agent_SqlBinnPath.xml [Correcto]
_Extension_Agent_SqlDataPath.xml [Correcto]
_Extension_Agent_SqlInstallPath.xml [Correcto]
_Extension_Agent_SqlResourceLoaderPath.xml [Correcto]
_Extension_Agent_WorkingDirectory.xml [Correcto]
_Extension_FSS_SqlBinnPath.xml [Correcto]
_Extension_FSS_SystemFolder.xml [Correcto]
_Extension_HADR_SqlBinnPath.xml [Correcto]
_Extension_HADR_SystemFolder.xml [Correcto]
_Extension_SlpExtension_CompleteImageShortcut_Path.xml [Correcto]
_Extension_Slp_OriginalInputSettingValues.xml [Correcto]
_Scenario_GlobalObjects_DetectPackageIdFilter.xml [Correcto]
_Scenario_GlobalObjects_DetectSqlSupportPackageIdFilter.xml [Correcto]

 Descomprimiendo archivos en C:\Program Files\Microsoft SQL Server\150\Setup Bootstrap\Log\20251229_133624\resources\

ProgressError.ico [Correcto]
ProgressSkip.ico [Correcto]
ProgressSuccess.ico [Correcto]
ProgressWarn.ico [Correcto]

 Descomprimiendo archivos en C:\Program Files\Microsoft SQL Server\150\Setup Bootstrap\Log\20251229_205835\

ConfigurationFile.ini [Correcto]
conn_info_Cpu64_1.log [Correcto]
conn_info_loc_Cpu64_3082_1.log [Correcto]
Datastore [Correcto]
Detail.txt [Correcto]
LogSet_CONTROLAB-IA_20251229_205835.cab [Correcto]
resources [Correcto]
RsFx_Cpu64_1.log [Correcto]
Settings.xml [Correcto]
smo_Cpu64_1.log [Correcto]
smo_extensions_Cpu64_1.log [Correcto]
smo_extensions_loc_Cpu64_3082_1.log [Correcto]
smo_loc_Cpu64_3082_1.log [Correcto]
SqlBrowser_Cpu32_1.log [Correcto]
SqlWriter_Cpu64_1.log [Correcto]
sql_batchparser_Cpu64_1.log [Correcto]
sql_common_core_Cpu64_1.log [Correcto]
sql_common_core_loc_Cpu64_3082_1.log [Correcto]
sql_diag_Cpu64_1.log [Correcto]
sql_dmf_Cpu64_1.log [Correcto]
sql_dmf_loc_Cpu64_3082_1.log [Correcto]
sql_engine_core_inst_Cpu64_1.log [Correcto]
sql_engine_core_inst_loc_Cpu64_3082_1.log [Correcto]
sql_engine_core_shared_Cpu64_1.log [Correcto]
sql_engine_core_shared_loc_Cpu64_3082_1.log [Correcto]
sql_xevent_Cpu64_1.log [Correcto]
sql_xevent_loc_Cpu64_3082_1.log [Correcto]
Summary_CONTROLAB-IA_20251229_205835.txt [Correcto]
SystemConfigurationCheck_Report.htm [Correcto]

 Descomprimiendo archivos en C:\Program Files\Microsoft SQL Server\150\Setup Bootstrap\Log\20251229_205835\Datastore\

CommonProperties.xml [Correcto]
Datastore_ClusterDiscovery.xml [Correcto]
Datastore_ClusterDiscoveryRefresh.xml [Correcto]
Datastore_Discovery.xml [Correcto]
Datastore_DiscoveryRefresh.xml [Correcto]
InputSettings_ChainerSettings_SlpSettings.xml [Correcto]
InputSettings_FeatureSpecific_SlpInputSettings.xml [Correcto]
InputSettings_RsDumper_Private.xml [Correcto]
Package.xml [Correcto]
Product.xml [Correcto]
ProductSettings_AgentScript_Private.xml [Correcto]
ProductSettings_Agent_Private.xml [Correcto]
ProductSettings_Agent_Public.xml [Correcto]
ProductSettings_AsDumper_Private.xml [Correcto]
ProductSettings_AsInstanceId_Private.xml [Correcto]
ProductSettings_ASTelemetry_Private.xml [Correcto]
ProductSettings_AS_Private.xml [Correcto]
ProductSettings_AS_Public.xml [Correcto]
ProductSettings_ClusterDisk_Private.xml [Correcto]
ProductSettings_ClusterDisk_Public.xml [Correcto]
ProductSettings_ClusterGroup_Private.xml [Correcto]
ProductSettings_ClusterGroup_Public.xml [Correcto]
ProductSettings_ClusterIPAddresses_Private.xml [Correcto]
ProductSettings_ClusterIPAddresses_Public.xml [Correcto]
ProductSettings_ClusterNodesStatus_Public.xml [Correcto]
ProductSettings_ClusterNode_Private.xml [Correcto]
ProductSettings_ClusterNode_Public.xml [Correcto]
ProductSettings_DReplayClient_Private.xml [Correcto]
ProductSettings_DReplayController_Private.xml [Correcto]
ProductSettings_Extensibility_Private.xml [Correcto]
ProductSettings_Extensibility_Public.xml [Correcto]
ProductSettings_FailOverClusterName_Private.xml [Correcto]
ProductSettings_FailoverClusterName_Public.xml [Correcto]
ProductSettings_Fulltext_Private.xml [Correcto]
ProductSettings_Fulltext_Public.xml [Correcto]
ProductSettings_IMPY_Private.xml [Correcto]
ProductSettings_IMPY_Public.xml [Correcto]
ProductSettings_IMR_Private.xml [Correcto]
ProductSettings_IMR_Public.xml [Correcto]
ProductSettings_ISMaster_Private.xml [Correcto]
ProductSettings_ISMaster_Public.xml [Correcto]
ProductSettings_ISTelemetry_Private.xml [Correcto]
ProductSettings_ISWorker_Private.xml [Correcto]
ProductSettings_ISWorker_Public.xml [Correcto]
ProductSettings_ManagementToolsAdvanced_Private.xml [Correcto]
ProductSettings_ManagementToolsAdvanced_Public.xml [Correcto]
ProductSettings_ManagementTools_Private.xml [Correcto]
ProductSettings_ManagementTools_Public.xml [Correcto]
ProductSettings_PolybaseJava_ConfigDB.xml [Correcto]
ProductSettings_PolybaseJava_Private.xml [Correcto]
ProductSettings_Polybase_ConfigDB.xml [Correcto]
ProductSettings_Polybase_Private.xml [Correcto]
ProductSettings_Repl_Private.xml [Correcto]
ProductSettings_Repl_Public.xml [Correcto]
ProductSettings_RsInstanceId_Private.xml [Correcto]
ProductSettings_SAA_Private.xml [Correcto]
ProductSettings_SAA_Public.xml [Correcto]
ProductSettings_Sku_Private.xml [Correcto]
ProductSettings_Sku_Public.xml [Correcto]
ProductSettings_SlpDumper_Private.xml [Correcto]
ProductSettings_Slp_Private.xml [Correcto]
ProductSettings_Slp_Public.xml [Correcto]
ProductSettings_SMPY_Private.xml [Correcto]
ProductSettings_SMPY_Public.xml [Correcto]
ProductSettings_SMR_Private.xml [Correcto]
ProductSettings_SMR_Public.xml [Correcto]
ProductSettings_SniServer_Private.xml [Correcto]
ProductSettings_SniServer_Public.xml [Correcto]
ProductSettings_SqlBrowserStopService_Private.xml [Correcto]
ProductSettings_SqlBrowser_Private.xml [Correcto]
ProductSettings_SqlBrowser_Public.xml [Correcto]
ProductSettings_SqlEngineDumper_Private.xml [Correcto]
ProductSettings_SqlEngine_Private.xml [Correcto]
ProductSettings_SqlEngine_Public.xml [Correcto]
ProductSettings_SqlInstanceId_Private.xml [Correcto]
ProductSettings_SqlLegacyDiscovery_Private.xml [Correcto]
ProductSettings_SqlLegacyDiscovery_Public.xml [Correcto]
ProductSettings_SqlPowershell_Private.xml [Correcto]
ProductSettings_SqlPowershell_Public.xml [Correcto]
ProductSettings_SqlRS_DBPrivate.xml [Correcto]
ProductSettings_SqlRS_Private.xml [Correcto]
ProductSettings_SqlRS_Public.xml [Correcto]
ProductSettings_SQLServerSCP_Private.xml [Correcto]
ProductSettings_SSIS_Private.xml [Correcto]
ProductSettings_SSIS_Public.xml [Correcto]
ProductSettings_SSIS_VSTA_Private.xml [Correcto]
ProductSettings_Telemetry_Private.xml [Correcto]
ProductSettings_Telemetry_TelemetryScriptConfig.xml [Correcto]
ProductSettings_XTP_Private.xml [Correcto]
RunRuleResults_RunFeatureSpecificRules.xml [Correcto]
RunRuleResults_RunStandaloneRules.xml [Correcto]
Runtime_ActionData.xml [Correcto]
SLP_Actions_PersistedActionData.xml [Correcto]
Telemetry.xml [Correcto]
_Extensions_Config_ActionCollection.xml [Correcto]
_Extensions_Config_FeatureScenario.xml [Correcto]
_Extensions_Config_PackagesInstallStateProperties.xml [Correcto]
_Extensions_Msi_FeatureScenario.xml [Correcto]
_Extensions_Msi_InitialPackageInstallList.xml [Correcto]
_Extensions_Msi_OrderedFeatureList.xml [Correcto]
_Extensions_Msi_OrderedPackageDependencyList.xml [Correcto]
_Extensions_Msi_PackageInstallMap.xml [Correcto]
_Extensions_Msi_PackagesInstallStateProperties.xml [Correcto]
_Extensions_Setup_DiscoveryMachineNames.xml [Correcto]
_Extensions_Setup_ProductScenarioStatus.xml [Correcto]
_Extension_Agent_AddNode.xml [Correcto]
_Extension_Agent_AgentInstanceRegPath.xml [Correcto]
_Extension_Agent_AgentLocalGroupDescription.xml [Correcto]
_Extension_Agent_AgentLocalGroupName.xml [Correcto]
_Extension_Agent_AgentLogDllPath.xml [Correcto]
_Extension_Agent_AgentResourceDescription.xml [Correcto]
_Extension_Agent_AgentResourceName.xml [Correcto]
_Extension_Agent_AgentServiceAccount.xml [Correcto]
_Extension_Agent_AgentServiceBinaryFile.xml [Correcto]
_Extension_Agent_AgentServiceDescription.xml [Correcto]
_Extension_Agent_AgentServiceDisplayName.xml [Correcto]
_Extension_Agent_AgentSetupRegPath.xml [Correcto]
_Extension_Agent_AtxcorePath.xml [Correcto]
_Extension_Agent_CheckpointingHives.xml [Correcto]
_Extension_Agent_ClusterState.xml [Correcto]
_Extension_Agent_EngineServiceName.xml [Correcto]
_Extension_Agent_IniSourceFilePath.xml [Correcto]
_Extension_Agent_InstanceId.xml [Correcto]
_Extension_Agent_InstanceName.xml [Correcto]
_Extension_Agent_InstanceRegPath.xml [Correcto]
_Extension_Agent_InstanceWMIPath.xml [Correcto]
_Extension_Agent_LibraryFileName.xml [Correcto]
_Extension_Agent_LocalMachineName.xml [Correcto]
_Extension_Agent_LogDirectoryPath.xml [Correcto]
_Extension_Agent_LogFilePath.xml [Correcto]
_Extension_Agent_ParentWMIPath.xml [Correcto]
_Extension_Agent_PerfCounterDll32SourcePath.xml [Correcto]
_Extension_Agent_PerfCounterDllSourcePath.xml [Correcto]
_Extension_Agent_PerfCounterDllTargetSystemFilePath.xml [Correcto]
_Extension_Agent_PerfCounterDllTargetSystemWOWFilePath.xml [Correcto]
_Extension_Agent_PerformanceMonitorUseGroupSID.xml [Correcto]
_Extension_Agent_PrefixServiceName.xml [Correcto]
_Extension_Agent_RemoveFilePerfCounterDllTargetSystemFilePath.xml [Correcto]
_Extension_Agent_RemoveFilePerfCounterDllTargetSystemWOWFilePath.xml [Correcto]
_Extension_Agent_ResourceInstanceName.xml [Correcto]
_Extension_Agent_ServiceName.xml [Correcto]
_Extension_Agent_SkipOnDomainController.xml [Correcto]
_Extension_Agent_SqagtresPath.xml [Correcto]
_Extension_Agent_SqlBinnPath.xml [Correcto]
_Extension_Agent_SqlDataPath.xml [Correcto]
_Extension_Agent_SqlInstallPath.xml [Correcto]
_Extension_Agent_SqlResourceLoaderPath.xml [Correcto]
_Extension_Agent_WorkingDirectory.xml [Correcto]
_Extension_SlpExtension_CompleteImageShortcut_Path.xml [Correcto]
_Extension_Slp_OriginalInputSettingValues.xml [Correcto]

 Descomprimiendo archivos en C:\Program Files\Microsoft SQL Server\150\Setup Bootstrap\Log\20251229_205835\resources\

ProgressError.ico [Correcto]
ProgressSkip.ico [Correcto]
ProgressSuccess.ico [Correcto]
ProgressWarn.ico [Correcto]

 Descomprimiendo archivos en C:\Program Files\Microsoft SQL Server\150\Setup Bootstrap\Log\20251229_210428\

Datastore_LandingPage [Correcto]
Detail_LandingPage.txt [Correcto]
Settings_LandingPage.xml [Correcto]
Summary_CONTROLAB-IA_20251229_210428_LandingPage.txt [Correcto]

 Descomprimiendo archivos en C:\Program Files\Microsoft SQL Server\150\Setup Bootstrap\Log\20251229_210428\Datastore_LandingPage\

CommonProperties.xml [Correcto]
InputSettings_ChainerSettings_SlpSettings.xml [Correcto]
InputSettings_FeatureSpecific_SlpInputSettings.xml [Correcto]
InputSettings_RsDumper_Private.xml [Correcto]
Package.xml [Correcto]
Product.xml [Correcto]
ProductSettings_AgentScript_Private.xml [Correcto]
ProductSettings_Agent_Private.xml [Correcto]
ProductSettings_Agent_Public.xml [Correcto]
ProductSettings_AsDumper_Private.xml [Correcto]
ProductSettings_AsInstanceId_Private.xml [Correcto]
ProductSettings_ASTelemetry_Private.xml [Correcto]
ProductSettings_AS_Private.xml [Correcto]
ProductSettings_AS_Public.xml [Correcto]
ProductSettings_ClusterDisk_Private.xml [Correcto]
ProductSettings_ClusterDisk_Public.xml [Correcto]
ProductSettings_ClusterGroup_Private.xml [Correcto]
ProductSettings_ClusterGroup_Public.xml [Correcto]
ProductSettings_ClusterIPAddresses_Private.xml [Correcto]
ProductSettings_ClusterIPAddresses_Public.xml [Correcto]
ProductSettings_ClusterNodesStatus_Public.xml [Correcto]
ProductSettings_ClusterNode_Private.xml [Correcto]
ProductSettings_ClusterNode_Public.xml [Correcto]
ProductSettings_DReplayClient_Private.xml [Correcto]
ProductSettings_DReplayController_Private.xml [Correcto]
ProductSettings_Extensibility_Private.xml [Correcto]
ProductSettings_Extensibility_Public.xml [Correcto]
ProductSettings_FailOverClusterName_Private.xml [Correcto]
ProductSettings_FailoverClusterName_Public.xml [Correcto]
ProductSettings_Fulltext_Private.xml [Correcto]
ProductSettings_Fulltext_Public.xml [Correcto]
ProductSettings_IMPY_Private.xml [Correcto]
ProductSettings_IMPY_Public.xml [Correcto]
ProductSettings_IMR_Private.xml [Correcto]
ProductSettings_IMR_Public.xml [Correcto]
ProductSettings_ISMaster_Private.xml [Correcto]
ProductSettings_ISMaster_Public.xml [Correcto]
ProductSettings_ISTelemetry_Private.xml [Correcto]
ProductSettings_ISWorker_Private.xml [Correcto]
ProductSettings_ISWorker_Public.xml [Correcto]
ProductSettings_ManagementToolsAdvanced_Private.xml [Correcto]
ProductSettings_ManagementToolsAdvanced_Public.xml [Correcto]
ProductSettings_ManagementTools_Private.xml [Correcto]
ProductSettings_ManagementTools_Public.xml [Correcto]
ProductSettings_PolybaseJava_ConfigDB.xml [Correcto]
ProductSettings_PolybaseJava_Private.xml [Correcto]
ProductSettings_Polybase_ConfigDB.xml [Correcto]
ProductSettings_Polybase_Private.xml [Correcto]
ProductSettings_Repl_Private.xml [Correcto]
ProductSettings_Repl_Public.xml [Correcto]
ProductSettings_RsInstanceId_Private.xml [Correcto]
ProductSettings_SAA_Private.xml [Correcto]
ProductSettings_SAA_Public.xml [Correcto]
ProductSettings_Sku_Private.xml [Correcto]
ProductSettings_Sku_Public.xml [Correcto]
ProductSettings_SlpDumper_Private.xml [Correcto]
ProductSettings_Slp_Private.xml [Correcto]
ProductSettings_Slp_Public.xml [Correcto]
ProductSettings_SMPY_Private.xml [Correcto]
ProductSettings_SMPY_Public.xml [Correcto]
ProductSettings_SMR_Private.xml [Correcto]
ProductSettings_SMR_Public.xml [Correcto]
ProductSettings_SniServer_Private.xml [Correcto]
ProductSettings_SniServer_Public.xml [Correcto]
ProductSettings_SqlBrowserStopService_Private.xml [Correcto]
ProductSettings_SqlBrowser_Private.xml [Correcto]
ProductSettings_SqlBrowser_Public.xml [Correcto]
ProductSettings_SqlEngineDumper_Private.xml [Correcto]
ProductSettings_SqlEngine_Private.xml [Correcto]
ProductSettings_SqlEngine_Public.xml [Correcto]
ProductSettings_SqlInstanceId_Private.xml [Correcto]
ProductSettings_SqlLegacyDiscovery_Private.xml [Correcto]
ProductSettings_SqlLegacyDiscovery_Public.xml [Correcto]
ProductSettings_SqlPowershell_Private.xml [Correcto]
ProductSettings_SqlPowershell_Public.xml [Correcto]
ProductSettings_SqlRS_DBPrivate.xml [Correcto]
ProductSettings_SqlRS_Private.xml [Correcto]
ProductSettings_SqlRS_Public.xml [Correcto]
ProductSettings_SQLServerSCP_Private.xml [Correcto]
ProductSettings_SSIS_Private.xml [Correcto]
ProductSettings_SSIS_Public.xml [Correcto]
ProductSettings_SSIS_VSTA_Private.xml [Correcto]
ProductSettings_Telemetry_Private.xml [Correcto]
ProductSettings_Telemetry_TelemetryScriptConfig.xml [Correcto]
ProductSettings_XTP_Private.xml [Correcto]
SLP_Actions_PersistedActionData.xml [Correcto]
Telemetry.xml [Correcto]

 Descomprimiendo archivos en C:\Program Files\Microsoft SQL Server\150\Setup Bootstrap\Log\20251229_210434\

AdvancedAnalytics_Cpu64_1.log [Correcto]
ConfigurationFile.ini [Correcto]
conn_info_Cpu64_1.log [Correcto]
conn_info_loc_Cpu64_3082_1.log [Correcto]
Datastore [Correcto]
Detail.txt [Correcto]
HkEngineEventFile_0_134115309244070000_2025-12-29T21.15.24.xel [Correcto]
HkEngineEventFile_0_134115309323960000_2025-12-29T21.15.32.xel [Correcto]
LogSet_CONTROLAB-IA_20251229_210434.cab [Correcto]
MsMpi_Cpu64_1.log [Correcto]
msodbcsql_Cpu64_1.log [Correcto]
msoledbsql_Cpu64_1.log [Correcto]
resources [Correcto]
RsFx_Cpu64_1.log [Correcto]
Settings.xml [Correcto]
smo_Cpu64_1.log [Correcto]
smo_extensions_Cpu64_1.log [Correcto]
smo_extensions_loc_Cpu64_3082_1.log [Correcto]
smo_loc_Cpu64_3082_1.log [Correcto]
SqlBrowser_Cpu32_1.log [Correcto]
sqlncli_Cpu64_1.log [Correcto]
SQLServer_ERRORLOG_2025-12-29T21.15.26.txt [Correcto]
SQLServer_ERRORLOG_2025-12-29T21.15.32.txt [Correcto]
SqlSupport_Cpu64_1.log [Correcto]
SqlWriter_Cpu64_1.log [Correcto]
sql_batchparser_Cpu64_1.log [Correcto]
sql_common_core_Cpu64_1.log [Correcto]
sql_common_core_loc_Cpu64_3082_1.log [Correcto]
sql_diag_Cpu64_1.log [Correcto]
sql_dmf_Cpu64_1.log [Correcto]
sql_dmf_loc_Cpu64_3082_1.log [Correcto]
sql_engine_core_inst_Cpu64_1.log [Correcto]
sql_engine_core_inst_loc_Cpu64_3082_1.log [Correcto]
sql_engine_core_shared_Cpu64_1.log [Correcto]
sql_engine_core_shared_loc_Cpu64_3082_1.log [Correcto]
sql_tools_Cpu64_1.log [Correcto]
sql_tools_extensions_Cpu64_1.log [Correcto]
sql_tools_extensions_loc_Cpu64_3082_1.log [Correcto]
sql_tools_loc_Cpu64_3082_1.log [Correcto]
sql_xevent_Cpu64_1.log [Correcto]
sql_xevent_loc_Cpu64_3082_1.log [Correcto]
Summary_CONTROLAB-IA_20251229_210434.txt [Correcto]
SystemConfigurationCheck_Report.htm [Correcto]
system_health_0_134115309248290000_2025-12-29T21.15.24.xel [Correcto]
system_health_0_134115309325360000_2025-12-29T21.15.32.xel [Correcto]

 Descomprimiendo archivos en C:\Program Files\Microsoft SQL Server\150\Setup Bootstrap\Log\20251229_210434\Datastore\

CommonProperties.xml [Correcto]
Datastore_ClusterDiscovery.xml [Correcto]
Datastore_ClusterDiscoveryRefresh.xml [Correcto]
Datastore_Discovery.xml [Correcto]
Datastore_DiscoveryRefresh.xml [Correcto]
InputSettings_ChainerSettings_SlpSettings.xml [Correcto]
InputSettings_FeatureSpecific_SlpInputSettings.xml [Correcto]
InputSettings_RsDumper_Private.xml [Correcto]
Package.xml [Correcto]
Product.xml [Correcto]
ProductSettings_AgentScript_Private.xml [Correcto]
ProductSettings_Agent_Private.xml [Correcto]
ProductSettings_Agent_Private_ScriptFile.xml [Correcto]
ProductSettings_Agent_Public.xml [Correcto]
ProductSettings_AsDumper_Private.xml [Correcto]
ProductSettings_AsInstanceId_Private.xml [Correcto]
ProductSettings_ASTelemetry_Private.xml [Correcto]
ProductSettings_AS_Private.xml [Correcto]
ProductSettings_AS_Public.xml [Correcto]
ProductSettings_ClusterDisk_Private.xml [Correcto]
ProductSettings_ClusterDisk_Public.xml [Correcto]
ProductSettings_ClusterGroup_Private.xml [Correcto]
ProductSettings_ClusterGroup_Public.xml [Correcto]
ProductSettings_ClusterIPAddresses_Private.xml [Correcto]
ProductSettings_ClusterIPAddresses_Public.xml [Correcto]
ProductSettings_ClusterNodesStatus_Public.xml [Correcto]
ProductSettings_ClusterNode_Private.xml [Correcto]
ProductSettings_ClusterNode_Public.xml [Correcto]
ProductSettings_DReplayClient_Private.xml [Correcto]
ProductSettings_DReplayController_Private.xml [Correcto]
ProductSettings_Extensibility_Private.xml [Correcto]
ProductSettings_Extensibility_Public.xml [Correcto]
ProductSettings_FailOverClusterName_Private.xml [Correcto]
ProductSettings_FailoverClusterName_Public.xml [Correcto]
ProductSettings_Fulltext_Private.xml [Correcto]
ProductSettings_Fulltext_Public.xml [Correcto]
ProductSettings_IMPY_Private.xml [Correcto]
ProductSettings_IMPY_Public.xml [Correcto]
ProductSettings_IMR_Private.xml [Correcto]
ProductSettings_IMR_Public.xml [Correcto]
ProductSettings_ISMaster_Private.xml [Correcto]
ProductSettings_ISMaster_Public.xml [Correcto]
ProductSettings_ISTelemetry_Private.xml [Correcto]
ProductSettings_ISWorker_Private.xml [Correcto]
ProductSettings_ISWorker_Public.xml [Correcto]
ProductSettings_ManagementToolsAdvanced_Private.xml [Correcto]
ProductSettings_ManagementToolsAdvanced_Public.xml [Correcto]
ProductSettings_ManagementTools_Private.xml [Correcto]
ProductSettings_ManagementTools_Public.xml [Correcto]
ProductSettings_PolybaseJava_ConfigDB.xml [Correcto]
ProductSettings_PolybaseJava_Private.xml [Correcto]
ProductSettings_Polybase_ConfigDB.xml [Correcto]
ProductSettings_Polybase_Private.xml [Correcto]
ProductSettings_Repl_Private.xml [Correcto]
ProductSettings_Repl_Public.xml [Correcto]
ProductSettings_RsInstanceId_Private.xml [Correcto]
ProductSettings_SAA_Private.xml [Correcto]
ProductSettings_SAA_Public.xml [Correcto]
ProductSettings_Sku_Private.xml [Correcto]
ProductSettings_Sku_Public.xml [Correcto]
ProductSettings_SlpDumper_Private.xml [Correcto]
ProductSettings_Slp_Private.xml [Correcto]
ProductSettings_Slp_Public.xml [Correcto]
ProductSettings_SMPY_Private.xml [Correcto]
ProductSettings_SMPY_Public.xml [Correcto]
ProductSettings_SMR_Private.xml [Correcto]
ProductSettings_SMR_Public.xml [Correcto]
ProductSettings_SniServer_Private.xml [Correcto]
ProductSettings_SniServer_Public.xml [Correcto]
ProductSettings_SqlBrowserStopService_Private.xml [Correcto]
ProductSettings_SqlBrowser_Private.xml [Correcto]
ProductSettings_SqlBrowser_Public.xml [Correcto]
ProductSettings_SqlEngineDumper_Private.xml [Correcto]
ProductSettings_SqlEngine_Private.xml [Correcto]
ProductSettings_SqlEngine_Public.xml [Correcto]
ProductSettings_SqlInstanceId_Private.xml [Correcto]
ProductSettings_SqlLegacyDiscovery_Private.xml [Correcto]
ProductSettings_SqlLegacyDiscovery_Public.xml [Correcto]
ProductSettings_SqlPowershell_Private.xml [Correcto]
ProductSettings_SqlPowershell_Public.xml [Correcto]
ProductSettings_SqlRS_DBPrivate.xml [Correcto]
ProductSettings_SqlRS_Private.xml [Correcto]
ProductSettings_SqlRS_Public.xml [Correcto]
ProductSettings_SQLServerSCP_Private.xml [Correcto]
ProductSettings_SSIS_Private.xml [Correcto]
ProductSettings_SSIS_Public.xml [Correcto]
ProductSettings_SSIS_VSTA_Private.xml [Correcto]
ProductSettings_Telemetry_Private.xml [Correcto]
ProductSettings_Telemetry_TelemetryScriptConfig.xml [Correcto]
ProductSettings_XTP_Private.xml [Correcto]
RunRuleResults_RunFeatureSpecificConfigRules.xml [Correcto]
RunRuleResults_RunScenarioGlobalRules.xml [Correcto]
RunRuleResults_RunStandaloneRules.xml [Correcto]
Runtime_ActionData.xml [Correcto]
SLP_Actions_PersistedActionData.xml [Correcto]
Telemetry.xml [Correcto]
_Extensions_Config_ActionCollection.xml [Correcto]
_Extensions_Config_FeatureScenario.xml [Correcto]
_Extensions_Config_PackagesInstallStateProperties.xml [Correcto]
_Extensions_Msi_FeatureScenario.xml [Correcto]
_Extensions_Msi_InitialPackageInstallList.xml [Correcto]
_Extensions_Msi_OrderedFeatureList.xml [Correcto]
_Extensions_Msi_OrderedPackageDependencyList.xml [Correcto]
_Extensions_Msi_PackageInstallMap.xml [Correcto]
_Extensions_Msi_PackagesInstallStateProperties.xml [Correcto]
_Extensions_Setup_DiscoveryMachineNames.xml [Correcto]
_Extensions_Setup_ProductScenarioStatus.xml [Correcto]
_Extension_Agent_AddNode.xml [Correcto]
_Extension_Agent_AgentInstanceRegPath.xml [Correcto]
_Extension_Agent_AgentLocalGroupDescription.xml [Correcto]
_Extension_Agent_AgentLocalGroupName.xml [Correcto]
_Extension_Agent_AgentLogDllPath.xml [Correcto]
_Extension_Agent_AgentPrincipal.xml [Correcto]
_Extension_Agent_AgentResourceDescription.xml [Correcto]
_Extension_Agent_AgentResourceName.xml [Correcto]
_Extension_Agent_AgentServiceAccount.xml [Correcto]
_Extension_Agent_AgentServiceBinaryFile.xml [Correcto]
_Extension_Agent_AgentServiceDescription.xml [Correcto]
_Extension_Agent_AgentServiceDisplayName.xml [Correcto]
_Extension_Agent_AgentSetupRegPath.xml [Correcto]
_Extension_Agent_AgentSID.xml [Correcto]
_Extension_Agent_AgentSysadminSID.xml [Correcto]
_Extension_Agent_AtxcorePath.xml [Correcto]
_Extension_Agent_CheckpointingHives.xml [Correcto]
_Extension_Agent_ClusterState.xml [Correcto]
_Extension_Agent_DefaultRegistryValues.xml [Correcto]
_Extension_Agent_EnginePrincipal.xml [Correcto]
_Extension_Agent_EngineServiceName.xml [Correcto]
_Extension_Agent_EngineSID.xml [Correcto]
_Extension_Agent_IniSourceFilePath.xml [Correcto]
_Extension_Agent_InstanceId.xml [Correcto]
_Extension_Agent_InstanceName.xml [Correcto]
_Extension_Agent_InstanceRegPath.xml [Correcto]
_Extension_Agent_InstanceWMIPath.xml [Correcto]
_Extension_Agent_IsClusterUpgrade.xml [Correcto]
_Extension_Agent_LibraryFileName.xml [Correcto]
_Extension_Agent_LocalMachineName.xml [Correcto]
_Extension_Agent_LogDirectoryPath.xml [Correcto]
_Extension_Agent_LogFilePath.xml [Correcto]
_Extension_Agent_ParentWMIPath.xml [Correcto]
_Extension_Agent_PerfCounterDll32SourcePath.xml [Correcto]
_Extension_Agent_PerfCounterDllSourcePath.xml [Correcto]
_Extension_Agent_PerfCounterDllTargetSystemFilePath.xml [Correcto]
_Extension_Agent_PerfCounterDllTargetSystemWOWFilePath.xml [Correcto]
_Extension_Agent_PerformanceMonitorUseGroupSID.xml [Correcto]
_Extension_Agent_PrefixServiceName.xml [Correcto]
_Extension_Agent_RegistryValuesToWrite.xml [Correcto]
_Extension_Agent_ResourceInstanceName.xml [Correcto]
_Extension_Agent_ServiceName.xml [Correcto]
_Extension_Agent_SkipOnDomainController.xml [Correcto]
_Extension_Agent_SqagtresPath.xml [Correcto]
_Extension_Agent_SqlBinnPath.xml [Correcto]
_Extension_Agent_SqlDataPath.xml [Correcto]
_Extension_Agent_SqlInstallPath.xml [Correcto]
_Extension_Agent_SqlResourceLoaderPath.xml [Correcto]
_Extension_Agent_WorkingDirectory.xml [Correcto]
_Extension_FSS_SqlBinnPath.xml [Correcto]
_Extension_FSS_SystemFolder.xml [Correcto]
_Extension_HADR_SqlBinnPath.xml [Correcto]
_Extension_HADR_SystemFolder.xml [Correcto]
_Extension_SlpExtension_CompleteImageShortcut_Path.xml [Correcto]
_Extension_Slp_OriginalInputSettingValues.xml [Correcto]
_Scenario_GlobalObjects_DetectPackageIdFilter.xml [Correcto]
_Scenario_GlobalObjects_DetectSqlSupportPackageIdFilter.xml [Correcto]

 Descomprimiendo archivos en C:\Program Files\Microsoft SQL Server\150\Setup Bootstrap\Log\20251229_210434\resources\

ProgressError.ico [Correcto]
ProgressSkip.ico [Correcto]
ProgressSuccess.ico [Correcto]
ProgressWarn.ico [Correcto]

 Descomprimiendo archivos en C:\Program Files\Microsoft SQL Server\150\Setup Bootstrap\Log\20260116_110202\

Datastore [Correcto]
Detail.txt [Correcto]
HkEngineEventFile_0_134130493801330000_2026-01-16T11.03.00.xel [Correcto]
LogSet_CONTROLAB-IA_20260116_110202.cab [Correcto]
MSSQLSERVER [Correcto]
resources [Correcto]
Settings.xml [Correcto]
SQLServer_ERRORLOG_2026-01-16T11.03.13.txt [Correcto]
Summary_CONTROLAB-IA_20260116_110202.txt [Correcto]
SystemConfigurationCheck_Report.htm [Correcto]
system_health_0_134130493802260000_2026-01-16T11.03.00.xel [Correcto]

 Descomprimiendo archivos en C:\Program Files\Microsoft SQL Server\150\Setup Bootstrap\Log\20260116_110202\Datastore\

CommonProperties.xml [Correcto]
Datastore_ClusterDiscovery.xml [Correcto]
Datastore_Discovery.xml [Correcto]
InputSettings_ChainerSettings_SlpSettings.xml [Correcto]
InputSettings_FeatureSpecific_SlpInputSettings.xml [Correcto]
InputSettings_RsDumper_Private.xml [Correcto]
Package.xml [Correcto]
PatchResults.xml [Correcto]
Product.xml [Correcto]
ProductSettings_AgentScript_Private.xml [Correcto]
ProductSettings_Agent_Private.xml [Correcto]
ProductSettings_Agent_Public.xml [Correcto]
ProductSettings_AsDumper_Private.xml [Correcto]
ProductSettings_AsInstanceId_Private.xml [Correcto]
ProductSettings_ASTelemetry_Private.xml [Correcto]
ProductSettings_AS_Private.xml [Correcto]
ProductSettings_AS_Public.xml [Correcto]
ProductSettings_ClusterDisk_Private.xml [Correcto]
ProductSettings_ClusterDisk_Public.xml [Correcto]
ProductSettings_ClusterGroup_Private.xml [Correcto]
ProductSettings_ClusterGroup_Public.xml [Correcto]
ProductSettings_ClusterIPAddresses_Private.xml [Correcto]
ProductSettings_ClusterIPAddresses_Public.xml [Correcto]
ProductSettings_ClusterNodesStatus_Public.xml [Correcto]
ProductSettings_ClusterNode_Private.xml [Correcto]
ProductSettings_ClusterNode_Public.xml [Correcto]
ProductSettings_Extensibility_Private.xml [Correcto]
ProductSettings_Extensibility_Public.xml [Correcto]
ProductSettings_FailOverClusterName_Private.xml [Correcto]
ProductSettings_FailoverClusterName_Public.xml [Correcto]
ProductSettings_Fulltext_Private.xml [Correcto]
ProductSettings_Fulltext_Public.xml [Correcto]
ProductSettings_IMPY_Private.xml [Correcto]
ProductSettings_IMPY_Public.xml [Correcto]
ProductSettings_IMR_Private.xml [Correcto]
ProductSettings_IMR_Public.xml [Correcto]
ProductSettings_ISMaster_Private.xml [Correcto]
ProductSettings_ISMaster_Public.xml [Correcto]
ProductSettings_ISTelemetry_Private.xml [Correcto]
ProductSettings_ISWorker_Private.xml [Correcto]
ProductSettings_ISWorker_Public.xml [Correcto]
ProductSettings_ManagementToolsAdvanced_Private.xml [Correcto]
ProductSettings_ManagementToolsAdvanced_Public.xml [Correcto]
ProductSettings_ManagementTools_Private.xml [Correcto]
ProductSettings_ManagementTools_Public.xml [Correcto]
ProductSettings_PolybaseJava_ConfigDB.xml [Correcto]
ProductSettings_PolybaseJava_Private.xml [Correcto]
ProductSettings_Polybase_ConfigDB.xml [Correcto]
ProductSettings_Polybase_Private.xml [Correcto]
ProductSettings_Repl_Private.xml [Correcto]
ProductSettings_Repl_Public.xml [Correcto]
ProductSettings_RsInstanceId_Private.xml [Correcto]
ProductSettings_SAA_Private.xml [Correcto]
ProductSettings_SAA_Public.xml [Correcto]
ProductSettings_Sku_Private.xml [Correcto]
ProductSettings_Sku_Public.xml [Correcto]
ProductSettings_SlpDumper_Private.xml [Correcto]
ProductSettings_Slp_Private.xml [Correcto]
ProductSettings_Slp_Public.xml [Correcto]
ProductSettings_SMPY_Private.xml [Correcto]
ProductSettings_SMPY_Public.xml [Correcto]
ProductSettings_SMR_Private.xml [Correcto]
ProductSettings_SMR_Public.xml [Correcto]
ProductSettings_SniServer_Private.xml [Correcto]
ProductSettings_SniServer_Public.xml [Correcto]
ProductSettings_SqlBrowserStopService_Private.xml [Correcto]
ProductSettings_SqlBrowser_Private.xml [Correcto]
ProductSettings_SqlBrowser_Public.xml [Correcto]
ProductSettings_SqlEngineDumper_Private.xml [Correcto]
ProductSettings_SqlEngine_Private.xml [Correcto]
ProductSettings_SqlEngine_Public.xml [Correcto]
ProductSettings_SqlInstanceId_Private.xml [Correcto]
ProductSettings_SqlLegacyDiscovery_Private.xml [Correcto]
ProductSettings_SqlLegacyDiscovery_Public.xml [Correcto]
ProductSettings_SqlPowershell_Private.xml [Correcto]
ProductSettings_SqlPowershell_Public.xml [Correcto]
ProductSettings_SqlRS_DBPrivate.xml [Correcto]
ProductSettings_SqlRS_Private.xml [Correcto]
ProductSettings_SqlRS_Public.xml [Correcto]
ProductSettings_SQLServerSCP_Private.xml [Correcto]
ProductSettings_SSIS_Private.xml [Correcto]
ProductSettings_SSIS_Public.xml [Correcto]
ProductSettings_SSIS_VSTA_Private.xml [Correcto]
ProductSettings_Telemetry_Private.xml [Correcto]
ProductSettings_Telemetry_TelemetryScriptConfig.xml [Correcto]
ProductSettings_XTP_Private.xml [Correcto]
RunRuleResults_RunScenarioGlobalRules.xml [Correcto]
SLP_Actions_PersistedActionData.xml [Correcto]
Telemetry.xml [Correcto]
_Extensions_Config_ActionCollection.xml [Correcto]
_Extensions_Setup_DiscoveryMachineNames.xml [Correcto]

 Descomprimiendo archivos en C:\Program Files\Microsoft SQL Server\150\Setup Bootstrap\Log\20260116_110202\MSSQLSERVER\

AdvancedAnalytics_Cpu64_1.log [Correcto]
Datastore [Correcto]
Detail.txt [Correcto]
LogSet_CONTROLAB-IA_20260116_110202.cab [Correcto]
resources [Correcto]
Settings.xml [Correcto]
SqlBrowser_Cpu32_1.log [Correcto]
sqlncli_Cpu64_1.log [Correcto]
SqlWriter_Cpu64_1.log [Correcto]
sql_common_core_Cpu64_1.log [Correcto]
sql_engine_core_inst_Cpu64_1.log [Correcto]
sql_engine_core_shared_Cpu64_1.log [Correcto]
sql_tools_extensions_Cpu64_1.log [Correcto]
sql_xevent_Cpu64_1.log [Correcto]
Summary_CONTROLAB-IA_20260116_110202.txt [Correcto]
SystemConfigurationCheck_Report.htm [Correcto]

 Descomprimiendo archivos en C:\Program Files\Microsoft SQL Server\150\Setup Bootstrap\Log\20260116_110202\MSSQLSERVER\Datastore\

CommonProperties.xml [Correcto]
Datastore_ClusterDiscovery.xml [Correcto]
Datastore_Discovery.xml [Correcto]
InputSettings_ChainerSettings_SlpSettings.xml [Correcto]
InputSettings_FeatureSpecific_SlpInputSettings.xml [Correcto]
InputSettings_RsDumper_Private.xml [Correcto]
Package.xml [Correcto]
Product.xml [Correcto]
ProductSettings_AgentScript_Private.xml [Correcto]
ProductSettings_Agent_Private.xml [Correcto]
ProductSettings_Agent_Public.xml [Correcto]
ProductSettings_AsDumper_Private.xml [Correcto]
ProductSettings_AsInstanceId_Private.xml [Correcto]
ProductSettings_ASTelemetry_Private.xml [Correcto]
ProductSettings_AS_Private.xml [Correcto]
ProductSettings_AS_Public.xml [Correcto]
ProductSettings_ClusterDisk_Private.xml [Correcto]
ProductSettings_ClusterDisk_Public.xml [Correcto]
ProductSettings_ClusterGroup_Private.xml [Correcto]
ProductSettings_ClusterGroup_Public.xml [Correcto]
ProductSettings_ClusterIPAddresses_Private.xml [Correcto]
ProductSettings_ClusterIPAddresses_Public.xml [Correcto]
ProductSettings_ClusterNodesStatus_Public.xml [Correcto]
ProductSettings_ClusterNode_Private.xml [Correcto]
ProductSettings_ClusterNode_Public.xml [Correcto]
ProductSettings_Extensibility_Private.xml [Correcto]
ProductSettings_Extensibility_Public.xml [Correcto]
ProductSettings_FailOverClusterName_Private.xml [Correcto]
ProductSettings_FailoverClusterName_Public.xml [Correcto]
ProductSettings_Fulltext_Private.xml [Correcto]
ProductSettings_Fulltext_Public.xml [Correcto]
ProductSettings_IMPY_Private.xml [Correcto]
ProductSettings_IMPY_Public.xml [Correcto]
ProductSettings_IMR_Private.xml [Correcto]
ProductSettings_IMR_Public.xml [Correcto]
ProductSettings_ISMaster_Private.xml [Correcto]
ProductSettings_ISMaster_Public.xml [Correcto]
ProductSettings_ISTelemetry_Private.xml [Correcto]
ProductSettings_ISWorker_Private.xml [Correcto]
ProductSettings_ISWorker_Public.xml [Correcto]
ProductSettings_ManagementToolsAdvanced_Private.xml [Correcto]
ProductSettings_ManagementToolsAdvanced_Public.xml [Correcto]
ProductSettings_ManagementTools_Private.xml [Correcto]
ProductSettings_ManagementTools_Public.xml [Correcto]
ProductSettings_PolybaseJava_ConfigDB.xml [Correcto]
ProductSettings_PolybaseJava_Private.xml [Correcto]
ProductSettings_Polybase_ConfigDB.xml [Correcto]
ProductSettings_Polybase_Private.xml [Correcto]
ProductSettings_Repl_Private.xml [Correcto]
ProductSettings_Repl_Public.xml [Correcto]
ProductSettings_RsInstanceId_Private.xml [Correcto]
ProductSettings_SAA_Private.xml [Correcto]
ProductSettings_SAA_Public.xml [Correcto]
ProductSettings_Sku_Private.xml [Correcto]
ProductSettings_Sku_Public.xml [Correcto]
ProductSettings_SlpDumper_Private.xml [Correcto]
ProductSettings_Slp_Private.xml [Correcto]
ProductSettings_Slp_Public.xml [Correcto]
ProductSettings_SMPY_Private.xml [Correcto]
ProductSettings_SMPY_Public.xml [Correcto]
ProductSettings_SMR_Private.xml [Correcto]
ProductSettings_SMR_Public.xml [Correcto]
ProductSettings_SniServer_Private.xml [Correcto]
ProductSettings_SniServer_Public.xml [Correcto]
ProductSettings_SqlBrowserStopService_Private.xml [Correcto]
ProductSettings_SqlBrowser_Private.xml [Correcto]
ProductSettings_SqlBrowser_Public.xml [Correcto]
ProductSettings_SqlEngineDumper_Private.xml [Correcto]
ProductSettings_SqlEngine_Private.xml [Correcto]
ProductSettings_SqlEngine_Public.xml [Correcto]
ProductSettings_SqlInstanceId_Private.xml [Correcto]
ProductSettings_SqlLegacyDiscovery_Private.xml [Correcto]
ProductSettings_SqlLegacyDiscovery_Public.xml [Correcto]
ProductSettings_SqlPowershell_Private.xml [Correcto]
ProductSettings_SqlPowershell_Public.xml [Correcto]
ProductSettings_SqlRS_DBPrivate.xml [Correcto]
ProductSettings_SqlRS_Private.xml [Correcto]
ProductSettings_SqlRS_Public.xml [Correcto]
ProductSettings_SQLServerSCP_Private.xml [Correcto]
ProductSettings_SSIS_Private.xml [Correcto]
ProductSettings_SSIS_Public.xml [Correcto]
ProductSettings_SSIS_VSTA_Private.xml [Correcto]
ProductSettings_Telemetry_Private.xml [Correcto]
ProductSettings_Telemetry_TelemetryScriptConfig.xml [Correcto]
ProductSettings_XTP_Private.xml [Correcto]
RunRuleResults_RunScenarioGlobalRules.xml [Correcto]
Runtime_ActionData.xml [Correcto]
SLP_Actions_PersistedActionData.xml [Correcto]
Telemetry.xml [Correcto]
_Extensions_Config_ActionCollection.xml [Correcto]
_Extensions_Msi_InitialPackageInstallList.xml [Correcto]
_Extensions_Msi_PackageInstallMap.xml [Correcto]
_Extensions_Setup_DiscoveryMachineNames.xml [Correcto]
_Extensions_Setup_ProductScenarioStatus.xml [Correcto]
_Extension_Agent_AddNode.xml [Correcto]
_Extension_Agent_AgentInstanceRegPath.xml [Correcto]
_Extension_Agent_AgentLocalGroupDescription.xml [Correcto]
_Extension_Agent_AgentLocalGroupName.xml [Correcto]
_Extension_Agent_AgentLogDllPath.xml [Correcto]
_Extension_Agent_AgentResourceDescription.xml [Correcto]
_Extension_Agent_AgentResourceName.xml [Correcto]
_Extension_Agent_AgentServiceAccount.xml [Correcto]
_Extension_Agent_AgentServiceBinaryFile.xml [Correcto]
_Extension_Agent_AgentServiceDescription.xml [Correcto]
_Extension_Agent_AgentServiceDisplayName.xml [Correcto]
_Extension_Agent_AgentSetupRegPath.xml [Correcto]
_Extension_Agent_AtxcorePath.xml [Correcto]
_Extension_Agent_CheckpointingHives.xml [Correcto]
_Extension_Agent_ClusterState.xml [Correcto]
_Extension_Agent_EngineServiceName.xml [Correcto]
_Extension_Agent_IniSourceFilePath.xml [Correcto]
_Extension_Agent_InstanceId.xml [Correcto]
_Extension_Agent_InstanceName.xml [Correcto]
_Extension_Agent_InstanceRegPath.xml [Correcto]
_Extension_Agent_InstanceWMIPath.xml [Correcto]
_Extension_Agent_LibraryFileName.xml [Correcto]
_Extension_Agent_LocalMachineName.xml [Correcto]
_Extension_Agent_LogDirectoryPath.xml [Correcto]
_Extension_Agent_LogFilePath.xml [Correcto]
_Extension_Agent_ParentWMIPath.xml [Correcto]
_Extension_Agent_PerfCounterDll32SourcePath.xml [Correcto]
_Extension_Agent_PerfCounterDllSourcePath.xml [Correcto]
_Extension_Agent_PerfCounterDllTargetSystemFilePath.xml [Correcto]
_Extension_Agent_PerfCounterDllTargetSystemWOWFilePath.xml [Correcto]
_Extension_Agent_PerformanceMonitorUseGroupSID.xml [Correcto]
_Extension_Agent_PrefixServiceName.xml [Correcto]
_Extension_Agent_RemoveFilePerfCounterDllTargetSystemFilePath.xml [Correcto]
_Extension_Agent_RemoveFilePerfCounterDllTargetSystemWOWFilePath.xml [Correcto]
_Extension_Agent_ResourceInstanceName.xml [Correcto]
_Extension_Agent_ServiceName.xml [Correcto]
_Extension_Agent_SkipOnDomainController.xml [Correcto]
_Extension_Agent_SqagtresPath.xml [Correcto]
_Extension_Agent_SqlBinnPath.xml [Correcto]
_Extension_Agent_SqlDataPath.xml [Correcto]
_Extension_Agent_SqlInstallPath.xml [Correcto]
_Extension_Agent_SqlResourceLoaderPath.xml [Correcto]
_Extension_Agent_WorkingDirectory.xml [Correcto]
_Extension_FSS_SqlBinnPath.xml [Correcto]
_Extension_FSS_SystemFolder.xml [Correcto]
_Extension_HADR_SqlBinnPath.xml [Correcto]
_Extension_HADR_SystemFolder.xml [Correcto]

 Descomprimiendo archivos en C:\Program Files\Microsoft SQL Server\150\Setup Bootstrap\Log\20260116_110202\MSSQLSERVER\resources\

ProgressError.ico [Correcto]
ProgressSkip.ico [Correcto]
ProgressSuccess.ico [Correcto]
ProgressWarn.ico [Correcto]

 Descomprimiendo archivos en C:\Program Files\Microsoft SQL Server\150\Setup Bootstrap\Log\20260116_110202\resources\

ProgressError.ico [Correcto]
ProgressSkip.ico [Correcto]
ProgressSuccess.ico [Correcto]
ProgressWarn.ico [Correcto]

 Descomprimiendo archivos en C:\Program Files\Microsoft SQL Server\150\Setup Bootstrap\Log\20260406_214812\

Datastore [Correcto]
Detail.txt [Correcto]
HkEngineEventFile_0_134200001522400000_2026-04-06T21.49.12.xel [Correcto]
LogSet_CONTROLAB-IA_20260406_214812.cab [Correcto]
MSSQLSERVER [Correcto]
resources [Correcto]
Settings.xml [Correcto]
SQLServer_ERRORLOG_2026-04-06T21.49.26.txt [Correcto]
Summary_CONTROLAB-IA_20260406_214812.txt [Correcto]
SystemConfigurationCheck_Report.htm [Correcto]
system_health_0_134200001523180000_2026-04-06T21.49.12.xel [Correcto]

 Descomprimiendo archivos en C:\Program Files\Microsoft SQL Server\150\Setup Bootstrap\Log\20260406_214812\Datastore\

CommonProperties.xml [Correcto]
Datastore_ClusterDiscovery.xml [Correcto]
Datastore_Discovery.xml [Correcto]
InputSettings_ChainerSettings_SlpSettings.xml [Correcto]
InputSettings_FeatureSpecific_SlpInputSettings.xml [Correcto]
InputSettings_RsDumper_Private.xml [Correcto]
Package.xml [Correcto]
PatchResults.xml [Correcto]
Product.xml [Correcto]
ProductSettings_AgentScript_Private.xml [Correcto]
ProductSettings_Agent_Private.xml [Correcto]
ProductSettings_Agent_Public.xml [Correcto]
ProductSettings_AsDumper_Private.xml [Correcto]
ProductSettings_AsInstanceId_Private.xml [Correcto]
ProductSettings_ASTelemetry_Private.xml [Correcto]
ProductSettings_AS_Private.xml [Correcto]
ProductSettings_AS_Public.xml [Correcto]
ProductSettings_ClusterDisk_Private.xml [Correcto]
ProductSettings_ClusterDisk_Public.xml [Correcto]
ProductSettings_ClusterGroup_Private.xml [Correcto]
ProductSettings_ClusterGroup_Public.xml [Correcto]
ProductSettings_ClusterIPAddresses_Private.xml [Correcto]
ProductSettings_ClusterIPAddresses_Public.xml [Correcto]
ProductSettings_ClusterNodesStatus_Public.xml [Correcto]
ProductSettings_ClusterNode_Private.xml [Correcto]
ProductSettings_ClusterNode_Public.xml [Correcto]
ProductSettings_Extensibility_Private.xml [Correcto]
ProductSettings_Extensibility_Public.xml [Correcto]
ProductSettings_FailOverClusterName_Private.xml [Correcto]
ProductSettings_FailoverClusterName_Public.xml [Correcto]
ProductSettings_Fulltext_Private.xml [Correcto]
ProductSettings_Fulltext_Public.xml [Correcto]
ProductSettings_IMPY_Private.xml [Correcto]
ProductSettings_IMPY_Public.xml [Correcto]
ProductSettings_IMR_Private.xml [Correcto]
ProductSettings_IMR_Public.xml [Correcto]
ProductSettings_ISMaster_Private.xml [Correcto]
ProductSettings_ISMaster_Public.xml [Correcto]
ProductSettings_ISTelemetry_Private.xml [Correcto]
ProductSettings_ISWorker_Private.xml [Correcto]
ProductSettings_ISWorker_Public.xml [Correcto]
ProductSettings_ManagementToolsAdvanced_Private.xml [Correcto]
ProductSettings_ManagementToolsAdvanced_Public.xml [Correcto]
ProductSettings_ManagementTools_Private.xml [Correcto]
ProductSettings_ManagementTools_Public.xml [Correcto]
ProductSettings_PolybaseJava_ConfigDB.xml [Correcto]
ProductSettings_PolybaseJava_Private.xml [Correcto]
ProductSettings_Polybase_ConfigDB.xml [Correcto]
ProductSettings_Polybase_Private.xml [Correcto]
ProductSettings_Repl_Private.xml [Correcto]
ProductSettings_Repl_Public.xml [Correcto]
ProductSettings_RsInstanceId_Private.xml [Correcto]
ProductSettings_SAA_Private.xml [Correcto]
ProductSettings_SAA_Public.xml [Correcto]
ProductSettings_Sku_Private.xml [Correcto]
ProductSettings_Sku_Public.xml [Correcto]
ProductSettings_SlpDumper_Private.xml [Correcto]
ProductSettings_Slp_Private.xml [Correcto]
ProductSettings_Slp_Public.xml [Correcto]
ProductSettings_SMPY_Private.xml [Correcto]
ProductSettings_SMPY_Public.xml [Correcto]
ProductSettings_SMR_Private.xml [Correcto]
ProductSettings_SMR_Public.xml [Correcto]
ProductSettings_SniServer_Private.xml [Correcto]
ProductSettings_SniServer_Public.xml [Correcto]
ProductSettings_SqlBrowserStopService_Private.xml [Correcto]
ProductSettings_SqlBrowser_Private.xml [Correcto]
ProductSettings_SqlBrowser_Public.xml [Correcto]
ProductSettings_SqlEngineDumper_Private.xml [Correcto]
ProductSettings_SqlEngine_Private.xml [Correcto]
ProductSettings_SqlEngine_Public.xml [Correcto]
ProductSettings_SqlInstanceId_Private.xml [Correcto]
ProductSettings_SqlLegacyDiscovery_Private.xml [Correcto]
ProductSettings_SqlLegacyDiscovery_Public.xml [Correcto]
ProductSettings_SqlPowershell_Private.xml [Correcto]
ProductSettings_SqlPowershell_Public.xml [Correcto]
ProductSettings_SqlRS_DBPrivate.xml [Correcto]
ProductSettings_SqlRS_Private.xml [Correcto]
ProductSettings_SqlRS_Public.xml [Correcto]
ProductSettings_SQLServerSCP_Private.xml [Correcto]
ProductSettings_SSIS_Private.xml [Correcto]
ProductSettings_SSIS_Public.xml [Correcto]
ProductSettings_SSIS_VSTA_Private.xml [Correcto]
ProductSettings_Telemetry_Private.xml [Correcto]
ProductSettings_Telemetry_TelemetryScriptConfig.xml [Correcto]
ProductSettings_XTP_Private.xml [Correcto]
RunRuleResults_RunScenarioGlobalRules.xml [Correcto]
SLP_Actions_PersistedActionData.xml [Correcto]
Telemetry.xml [Correcto]
_Extensions_Config_ActionCollection.xml [Correcto]
_Extensions_Setup_DiscoveryMachineNames.xml [Correcto]

 Descomprimiendo archivos en C:\Program Files\Microsoft SQL Server\150\Setup Bootstrap\Log\20260406_214812\MSSQLSERVER\

AdvancedAnalytics_Cpu64_1.log [Correcto]
Datastore [Correcto]
Detail.txt [Correcto]
LogSet_CONTROLAB-IA_20260406_214812.cab [Correcto]
resources [Correcto]
Settings.xml [Correcto]
SqlBrowser_Cpu32_1.log [Correcto]
SqlWriter_Cpu64_1.log [Correcto]
sql_common_core_Cpu64_1.log [Correcto]
sql_engine_core_inst_Cpu64_1.log [Correcto]
sql_engine_core_shared_Cpu64_1.log [Correcto]
sql_tools_extensions_Cpu64_1.log [Correcto]
sql_xevent_Cpu64_1.log [Correcto]
Summary_CONTROLAB-IA_20260406_214812.txt [Correcto]
SystemConfigurationCheck_Report.htm [Correcto]

 Descomprimiendo archivos en C:\Program Files\Microsoft SQL Server\150\Setup Bootstrap\Log\20260406_214812\MSSQLSERVER\Datastore\

CommonProperties.xml [Correcto]
Datastore_ClusterDiscovery.xml [Correcto]
Datastore_Discovery.xml [Correcto]
InputSettings_ChainerSettings_SlpSettings.xml [Correcto]
InputSettings_FeatureSpecific_SlpInputSettings.xml [Correcto]
InputSettings_RsDumper_Private.xml [Correcto]
Package.xml [Correcto]
Product.xml [Correcto]
ProductSettings_AgentScript_Private.xml [Correcto]
ProductSettings_Agent_Private.xml [Correcto]
ProductSettings_Agent_Public.xml [Correcto]
ProductSettings_AsDumper_Private.xml [Correcto]
ProductSettings_AsInstanceId_Private.xml [Correcto]
ProductSettings_ASTelemetry_Private.xml [Correcto]
ProductSettings_AS_Private.xml [Correcto]
ProductSettings_AS_Public.xml [Correcto]
ProductSettings_ClusterDisk_Private.xml [Correcto]
ProductSettings_ClusterDisk_Public.xml [Correcto]
ProductSettings_ClusterGroup_Private.xml [Correcto]
ProductSettings_ClusterGroup_Public.xml [Correcto]
ProductSettings_ClusterIPAddresses_Private.xml [Correcto]
ProductSettings_ClusterIPAddresses_Public.xml [Correcto]
ProductSettings_ClusterNodesStatus_Public.xml [Correcto]
ProductSettings_ClusterNode_Private.xml [Correcto]
ProductSettings_ClusterNode_Public.xml [Correcto]
ProductSettings_Extensibility_Private.xml [Correcto]
ProductSettings_Extensibility_Public.xml [Correcto]
ProductSettings_FailOverClusterName_Private.xml [Correcto]
ProductSettings_FailoverClusterName_Public.xml [Correcto]
ProductSettings_Fulltext_Private.xml [Correcto]
ProductSettings_Fulltext_Public.xml [Correcto]
ProductSettings_IMPY_Private.xml [Correcto]
ProductSettings_IMPY_Public.xml [Correcto]
ProductSettings_IMR_Private.xml [Correcto]
ProductSettings_IMR_Public.xml [Correcto]
ProductSettings_ISMaster_Private.xml [Correcto]
ProductSettings_ISMaster_Public.xml [Correcto]
ProductSettings_ISTelemetry_Private.xml [Correcto]
ProductSettings_ISWorker_Private.xml [Correcto]
ProductSettings_ISWorker_Public.xml [Correcto]
ProductSettings_ManagementToolsAdvanced_Private.xml [Correcto]
ProductSettings_ManagementToolsAdvanced_Public.xml [Correcto]
ProductSettings_ManagementTools_Private.xml [Correcto]
ProductSettings_ManagementTools_Public.xml [Correcto]
ProductSettings_PolybaseJava_ConfigDB.xml [Correcto]
ProductSettings_PolybaseJava_Private.xml [Correcto]
ProductSettings_Polybase_ConfigDB.xml [Correcto]
ProductSettings_Polybase_Private.xml [Correcto]
ProductSettings_Repl_Private.xml [Correcto]
ProductSettings_Repl_Public.xml [Correcto]
ProductSettings_RsInstanceId_Private.xml [Correcto]
ProductSettings_SAA_Private.xml [Correcto]
ProductSettings_SAA_Public.xml [Correcto]
ProductSettings_Sku_Private.xml [Correcto]
ProductSettings_Sku_Public.xml [Correcto]
ProductSettings_SlpDumper_Private.xml [Correcto]
ProductSettings_Slp_Private.xml [Correcto]
ProductSettings_Slp_Public.xml [Correcto]
ProductSettings_SMPY_Private.xml [Correcto]
ProductSettings_SMPY_Public.xml [Correcto]
ProductSettings_SMR_Private.xml [Correcto]
ProductSettings_SMR_Public.xml [Correcto]
ProductSettings_SniServer_Private.xml [Correcto]
ProductSettings_SniServer_Public.xml [Correcto]
ProductSettings_SqlBrowserStopService_Private.xml [Correcto]
ProductSettings_SqlBrowser_Private.xml [Correcto]
ProductSettings_SqlBrowser_Public.xml [Correcto]
ProductSettings_SqlEngineDumper_Private.xml [Correcto]
ProductSettings_SqlEngine_Private.xml [Correcto]
ProductSettings_SqlEngine_Public.xml [Correcto]
ProductSettings_SqlInstanceId_Private.xml [Correcto]
ProductSettings_SqlLegacyDiscovery_Private.xml [Correcto]
ProductSettings_SqlLegacyDiscovery_Public.xml [Correcto]
ProductSettings_SqlPowershell_Private.xml [Correcto]
ProductSettings_SqlPowershell_Public.xml [Correcto]
ProductSettings_SqlRS_DBPrivate.xml [Correcto]
ProductSettings_SqlRS_Private.xml [Correcto]
ProductSettings_SqlRS_Public.xml [Correcto]
ProductSettings_SQLServerSCP_Private.xml [Correcto]
ProductSettings_SSIS_Private.xml [Correcto]
ProductSettings_SSIS_Public.xml [Correcto]
ProductSettings_SSIS_VSTA_Private.xml [Correcto]
ProductSettings_Telemetry_Private.xml [Correcto]
ProductSettings_Telemetry_TelemetryScriptConfig.xml [Correcto]
ProductSettings_XTP_Private.xml [Correcto]
RunRuleResults_RunScenarioGlobalRules.xml [Correcto]
Runtime_ActionData.xml [Correcto]
SLP_Actions_PersistedActionData.xml [Correcto]
Telemetry.xml [Correcto]
_Extensions_Config_ActionCollection.xml [Correcto]
_Extensions_Msi_InitialPackageInstallList.xml [Correcto]
_Extensions_Msi_PackageInstallMap.xml [Correcto]
_Extensions_Setup_DiscoveryMachineNames.xml [Correcto]
_Extensions_Setup_ProductScenarioStatus.xml [Correcto]
_Extension_Agent_AddNode.xml [Correcto]
_Extension_Agent_AgentInstanceRegPath.xml [Correcto]
_Extension_Agent_AgentLocalGroupDescription.xml [Correcto]
_Extension_Agent_AgentLocalGroupName.xml [Correcto]
_Extension_Agent_AgentLogDllPath.xml [Correcto]
_Extension_Agent_AgentResourceDescription.xml [Correcto]
_Extension_Agent_AgentResourceName.xml [Correcto]
_Extension_Agent_AgentServiceAccount.xml [Correcto]
_Extension_Agent_AgentServiceBinaryFile.xml [Correcto]
_Extension_Agent_AgentServiceDescription.xml [Correcto]
_Extension_Agent_AgentServiceDisplayName.xml [Correcto]
_Extension_Agent_AgentSetupRegPath.xml [Correcto]
_Extension_Agent_AtxcorePath.xml [Correcto]
_Extension_Agent_CheckpointingHives.xml [Correcto]
_Extension_Agent_ClusterState.xml [Correcto]
_Extension_Agent_EngineServiceName.xml [Correcto]
_Extension_Agent_IniSourceFilePath.xml [Correcto]
_Extension_Agent_InstanceId.xml [Correcto]
_Extension_Agent_InstanceName.xml [Correcto]
_Extension_Agent_InstanceRegPath.xml [Correcto]
_Extension_Agent_InstanceWMIPath.xml [Correcto]
_Extension_Agent_LibraryFileName.xml [Correcto]
_Extension_Agent_LocalMachineName.xml [Correcto]
_Extension_Agent_LogDirectoryPath.xml [Correcto]
_Extension_Agent_LogFilePath.xml [Correcto]
_Extension_Agent_ParentWMIPath.xml [Correcto]
_Extension_Agent_PerfCounterDll32SourcePath.xml [Correcto]
_Extension_Agent_PerfCounterDllSourcePath.xml [Correcto]
_Extension_Agent_PerfCounterDllTargetSystemFilePath.xml [Correcto]
_Extension_Agent_PerfCounterDllTargetSystemWOWFilePath.xml [Correcto]
_Extension_Agent_PerformanceMonitorUseGroupSID.xml [Correcto]
_Extension_Agent_PrefixServiceName.xml [Correcto]
_Extension_Agent_RemoveFilePerfCounterDllTargetSystemFilePath.xml [Correcto]
_Extension_Agent_RemoveFilePerfCounterDllTargetSystemWOWFilePath.xml [Correcto]
_Extension_Agent_ResourceInstanceName.xml [Correcto]
_Extension_Agent_ServiceName.xml [Correcto]
_Extension_Agent_SkipOnDomainController.xml [Correcto]
_Extension_Agent_SqagtresPath.xml [Correcto]
_Extension_Agent_SqlBinnPath.xml [Correcto]
_Extension_Agent_SqlDataPath.xml [Correcto]
_Extension_Agent_SqlInstallPath.xml [Correcto]
_Extension_Agent_SqlResourceLoaderPath.xml [Correcto]
_Extension_Agent_WorkingDirectory.xml [Correcto]
_Extension_FSS_SqlBinnPath.xml [Correcto]
_Extension_FSS_SystemFolder.xml [Correcto]
_Extension_HADR_SqlBinnPath.xml [Correcto]
_Extension_HADR_SystemFolder.xml [Correcto]

 Descomprimiendo archivos en C:\Program Files\Microsoft SQL Server\150\Setup Bootstrap\Log\20260406_214812\MSSQLSERVER\resources\

ProgressError.ico [Correcto]
ProgressSkip.ico [Correcto]
ProgressSuccess.ico [Correcto]
ProgressWarn.ico [Correcto]

 Descomprimiendo archivos en C:\Program Files\Microsoft SQL Server\150\Setup Bootstrap\Log\20260406_214812\resources\

ProgressError.ico [Correcto]
ProgressSkip.ico [Correcto]
ProgressSuccess.ico [Correcto]
ProgressWarn.ico [Correcto]

 Descomprimiendo archivos en C:\Program Files\Microsoft SQL Server\150\Setup Bootstrap\Log\20260419_230231\

Datastore [Correcto]
Detail.txt [Correcto]
HkEngineEventFile_0_134211278108860000_2026-04-19T23.03.30.xel [Correcto]
LogSet_CONTROLAB-IA_20260419_230231.cab [Correcto]
MSSQLSERVER [Correcto]
resources [Correcto]
Settings.xml [Correcto]
SQLServer_ERRORLOG_2026-04-19T23.03.44.txt [Correcto]
Summary_CONTROLAB-IA_20260419_230231.txt [Correcto]
SystemConfigurationCheck_Report.htm [Correcto]
system_health_0_134211278109670000_2026-04-19T23.03.30.xel [Correcto]

 Descomprimiendo archivos en C:\Program Files\Microsoft SQL Server\150\Setup Bootstrap\Log\20260419_230231\Datastore\

CommonProperties.xml [Correcto]
Datastore_ClusterDiscovery.xml [Correcto]
Datastore_Discovery.xml [Correcto]
InputSettings_ChainerSettings_SlpSettings.xml [Correcto]
InputSettings_FeatureSpecific_SlpInputSettings.xml [Correcto]
InputSettings_RsDumper_Private.xml [Correcto]
Package.xml [Correcto]
PatchResults.xml [Correcto]
Product.xml [Correcto]
ProductSettings_AgentScript_Private.xml [Correcto]
ProductSettings_Agent_Private.xml [Correcto]
ProductSettings_Agent_Public.xml [Correcto]
ProductSettings_AsDumper_Private.xml [Correcto]
ProductSettings_AsInstanceId_Private.xml [Correcto]
ProductSettings_ASTelemetry_Private.xml [Correcto]
ProductSettings_AS_Private.xml [Correcto]
ProductSettings_AS_Public.xml [Correcto]
ProductSettings_ClusterDisk_Private.xml [Correcto]
ProductSettings_ClusterDisk_Public.xml [Correcto]
ProductSettings_ClusterGroup_Private.xml [Correcto]
ProductSettings_ClusterGroup_Public.xml [Correcto]
ProductSettings_ClusterIPAddresses_Private.xml [Correcto]
ProductSettings_ClusterIPAddresses_Public.xml [Correcto]
ProductSettings_ClusterNodesStatus_Public.xml [Correcto]
ProductSettings_ClusterNode_Private.xml [Correcto]
ProductSettings_ClusterNode_Public.xml [Correcto]
ProductSettings_Extensibility_Private.xml [Correcto]
ProductSettings_Extensibility_Public.xml [Correcto]
ProductSettings_FailOverClusterName_Private.xml [Correcto]
ProductSettings_FailoverClusterName_Public.xml [Correcto]
ProductSettings_Fulltext_Private.xml [Correcto]
ProductSettings_Fulltext_Public.xml [Correcto]
ProductSettings_IMPY_Private.xml [Correcto]
ProductSettings_IMPY_Public.xml [Correcto]
ProductSettings_IMR_Private.xml [Correcto]
ProductSettings_IMR_Public.xml [Correcto]
ProductSettings_ISMaster_Private.xml [Correcto]
ProductSettings_ISMaster_Public.xml [Correcto]
ProductSettings_ISTelemetry_Private.xml [Correcto]
ProductSettings_ISWorker_Private.xml [Correcto]
ProductSettings_ISWorker_Public.xml [Correcto]
ProductSettings_ManagementToolsAdvanced_Private.xml [Correcto]
ProductSettings_ManagementToolsAdvanced_Public.xml [Correcto]
ProductSettings_ManagementTools_Private.xml [Correcto]
ProductSettings_ManagementTools_Public.xml [Correcto]
ProductSettings_PolybaseJava_ConfigDB.xml [Correcto]
ProductSettings_PolybaseJava_Private.xml [Correcto]
ProductSettings_Polybase_ConfigDB.xml [Correcto]
ProductSettings_Polybase_Private.xml [Correcto]
ProductSettings_Repl_Private.xml [Correcto]
ProductSettings_Repl_Public.xml [Correcto]
ProductSettings_RsInstanceId_Private.xml [Correcto]
ProductSettings_SAA_Private.xml [Correcto]
ProductSettings_SAA_Public.xml [Correcto]
ProductSettings_Sku_Private.xml [Correcto]
ProductSettings_Sku_Public.xml [Correcto]
ProductSettings_SlpDumper_Private.xml [Correcto]
ProductSettings_Slp_Private.xml [Correcto]
ProductSettings_Slp_Public.xml [Correcto]
ProductSettings_SMPY_Private.xml [Correcto]
ProductSettings_SMPY_Public.xml [Correcto]
ProductSettings_SMR_Private.xml [Correcto]
ProductSettings_SMR_Public.xml [Correcto]
ProductSettings_SniServer_Private.xml [Correcto]
ProductSettings_SniServer_Public.xml [Correcto]
ProductSettings_SqlBrowserStopService_Private.xml [Correcto]
ProductSettings_SqlBrowser_Private.xml [Correcto]
ProductSettings_SqlBrowser_Public.xml [Correcto]
ProductSettings_SqlEngineDumper_Private.xml [Correcto]
ProductSettings_SqlEngine_Private.xml [Correcto]
ProductSettings_SqlEngine_Public.xml [Correcto]
ProductSettings_SqlInstanceId_Private.xml [Correcto]
ProductSettings_SqlLegacyDiscovery_Private.xml [Correcto]
ProductSettings_SqlLegacyDiscovery_Public.xml [Correcto]
ProductSettings_SqlPowershell_Private.xml [Correcto]
ProductSettings_SqlPowershell_Public.xml [Correcto]
ProductSettings_SqlRS_DBPrivate.xml [Correcto]
ProductSettings_SqlRS_Private.xml [Correcto]
ProductSettings_SqlRS_Public.xml [Correcto]
ProductSettings_SQLServerSCP_Private.xml [Correcto]
ProductSettings_SSIS_Private.xml [Correcto]
ProductSettings_SSIS_Public.xml [Correcto]
ProductSettings_SSIS_VSTA_Private.xml [Correcto]
ProductSettings_Telemetry_Private.xml [Correcto]
ProductSettings_Telemetry_TelemetryScriptConfig.xml [Correcto]
ProductSettings_XTP_Private.xml [Correcto]
RunRuleResults_RunScenarioGlobalRules.xml [Correcto]
SLP_Actions_PersistedActionData.xml [Correcto]
Telemetry.xml [Correcto]
_Extensions_Config_ActionCollection.xml [Correcto]
_Extensions_Setup_DiscoveryMachineNames.xml [Correcto]

 Descomprimiendo archivos en C:\Program Files\Microsoft SQL Server\150\Setup Bootstrap\Log\20260419_230231\MSSQLSERVER\

AdvancedAnalytics_Cpu64_1.log [Correcto]
Datastore [Correcto]
Detail.txt [Correcto]
LogSet_CONTROLAB-IA_20260419_230231.cab [Correcto]
resources [Correcto]
Settings.xml [Correcto]
SqlBrowser_Cpu32_1.log [Correcto]
SqlWriter_Cpu64_1.log [Correcto]
sql_common_core_Cpu64_1.log [Correcto]
sql_engine_core_inst_Cpu64_1.log [Correcto]
sql_engine_core_shared_Cpu64_1.log [Correcto]
sql_tools_extensions_Cpu64_1.log [Correcto]
sql_xevent_Cpu64_1.log [Correcto]
Summary_CONTROLAB-IA_20260419_230231.txt [Correcto]
SystemConfigurationCheck_Report.htm [Correcto]

 Descomprimiendo archivos en C:\Program Files\Microsoft SQL Server\150\Setup Bootstrap\Log\20260419_230231\MSSQLSERVER\Datastore\

CommonProperties.xml [Correcto]
Datastore_ClusterDiscovery.xml [Correcto]
Datastore_Discovery.xml [Correcto]
InputSettings_ChainerSettings_SlpSettings.xml [Correcto]
InputSettings_FeatureSpecific_SlpInputSettings.xml [Correcto]
InputSettings_RsDumper_Private.xml [Correcto]
Package.xml [Correcto]
Product.xml [Correcto]
ProductSettings_AgentScript_Private.xml [Correcto]
ProductSettings_Agent_Private.xml [Correcto]
ProductSettings_Agent_Public.xml [Correcto]
ProductSettings_AsDumper_Private.xml [Correcto]
ProductSettings_AsInstanceId_Private.xml [Correcto]
ProductSettings_ASTelemetry_Private.xml [Correcto]
ProductSettings_AS_Private.xml [Correcto]
ProductSettings_AS_Public.xml [Correcto]
ProductSettings_ClusterDisk_Private.xml [Correcto]
ProductSettings_ClusterDisk_Public.xml [Correcto]
ProductSettings_ClusterGroup_Private.xml [Correcto]
ProductSettings_ClusterGroup_Public.xml [Correcto]
ProductSettings_ClusterIPAddresses_Private.xml [Correcto]
ProductSettings_ClusterIPAddresses_Public.xml [Correcto]
ProductSettings_ClusterNodesStatus_Public.xml [Correcto]
ProductSettings_ClusterNode_Private.xml [Correcto]
ProductSettings_ClusterNode_Public.xml [Correcto]
ProductSettings_Extensibility_Private.xml [Correcto]
ProductSettings_Extensibility_Public.xml [Correcto]
ProductSettings_FailOverClusterName_Private.xml [Correcto]
ProductSettings_FailoverClusterName_Public.xml [Correcto]
ProductSettings_Fulltext_Private.xml [Correcto]
ProductSettings_Fulltext_Public.xml [Correcto]
ProductSettings_IMPY_Private.xml [Correcto]
ProductSettings_IMPY_Public.xml [Correcto]
ProductSettings_IMR_Private.xml [Correcto]
ProductSettings_IMR_Public.xml [Correcto]
ProductSettings_ISMaster_Private.xml [Correcto]
ProductSettings_ISMaster_Public.xml [Correcto]
ProductSettings_ISTelemetry_Private.xml [Correcto]
ProductSettings_ISWorker_Private.xml [Correcto]
ProductSettings_ISWorker_Public.xml [Correcto]
ProductSettings_ManagementToolsAdvanced_Private.xml [Correcto]
ProductSettings_ManagementToolsAdvanced_Public.xml [Correcto]
ProductSettings_ManagementTools_Private.xml [Correcto]
ProductSettings_ManagementTools_Public.xml [Correcto]
ProductSettings_PolybaseJava_ConfigDB.xml [Correcto]
ProductSettings_PolybaseJava_Private.xml [Correcto]
ProductSettings_Polybase_ConfigDB.xml [Correcto]
ProductSettings_Polybase_Private.xml [Correcto]
ProductSettings_Repl_Private.xml [Correcto]
ProductSettings_Repl_Public.xml [Correcto]
ProductSettings_RsInstanceId_Private.xml [Correcto]
ProductSettings_SAA_Private.xml [Correcto]
ProductSettings_SAA_Public.xml [Correcto]
ProductSettings_Sku_Private.xml [Correcto]
ProductSettings_Sku_Public.xml [Correcto]
ProductSettings_SlpDumper_Private.xml [Correcto]
ProductSettings_Slp_Private.xml [Correcto]
ProductSettings_Slp_Public.xml [Correcto]
ProductSettings_SMPY_Private.xml [Correcto]
ProductSettings_SMPY_Public.xml [Correcto]
ProductSettings_SMR_Private.xml [Correcto]
ProductSettings_SMR_Public.xml [Correcto]
ProductSettings_SniServer_Private.xml [Correcto]
ProductSettings_SniServer_Public.xml [Correcto]
ProductSettings_SqlBrowserStopService_Private.xml [Correcto]
ProductSettings_SqlBrowser_Private.xml [Correcto]
ProductSettings_SqlBrowser_Public.xml [Correcto]
ProductSettings_SqlEngineDumper_Private.xml [Correcto]
ProductSettings_SqlEngine_Private.xml [Correcto]
ProductSettings_SqlEngine_Public.xml [Correcto]
ProductSettings_SqlInstanceId_Private.xml [Correcto]
ProductSettings_SqlLegacyDiscovery_Private.xml [Correcto]
ProductSettings_SqlLegacyDiscovery_Public.xml [Correcto]
ProductSettings_SqlPowershell_Private.xml [Correcto]
ProductSettings_SqlPowershell_Public.xml [Correcto]
ProductSettings_SqlRS_DBPrivate.xml [Correcto]
ProductSettings_SqlRS_Private.xml [Correcto]
ProductSettings_SqlRS_Public.xml [Correcto]
ProductSettings_SQLServerSCP_Private.xml [Correcto]
ProductSettings_SSIS_Private.xml [Correcto]
ProductSettings_SSIS_Public.xml [Correcto]
ProductSettings_SSIS_VSTA_Private.xml [Correcto]
ProductSettings_Telemetry_Private.xml [Correcto]
ProductSettings_Telemetry_TelemetryScriptConfig.xml [Correcto]
ProductSettings_XTP_Private.xml [Correcto]
RunRuleResults_RunScenarioGlobalRules.xml [Correcto]
Runtime_ActionData.xml [Correcto]
SLP_Actions_PersistedActionData.xml [Correcto]
Telemetry.xml [Correcto]
_Extensions_Config_ActionCollection.xml [Correcto]
_Extensions_Msi_InitialPackageInstallList.xml [Correcto]
_Extensions_Msi_PackageInstallMap.xml [Correcto]
_Extensions_Setup_DiscoveryMachineNames.xml [Correcto]
_Extensions_Setup_ProductScenarioStatus.xml [Correcto]
_Extension_Agent_AddNode.xml [Correcto]
_Extension_Agent_AgentInstanceRegPath.xml [Correcto]
_Extension_Agent_AgentLocalGroupDescription.xml [Correcto]
_Extension_Agent_AgentLocalGroupName.xml [Correcto]
_Extension_Agent_AgentLogDllPath.xml [Correcto]
_Extension_Agent_AgentResourceDescription.xml [Correcto]
_Extension_Agent_AgentResourceName.xml [Correcto]
_Extension_Agent_AgentServiceAccount.xml [Correcto]
_Extension_Agent_AgentServiceBinaryFile.xml [Correcto]
_Extension_Agent_AgentServiceDescription.xml [Correcto]
_Extension_Agent_AgentServiceDisplayName.xml [Correcto]
_Extension_Agent_AgentSetupRegPath.xml [Correcto]
_Extension_Agent_AtxcorePath.xml [Correcto]
_Extension_Agent_CheckpointingHives.xml [Correcto]
_Extension_Agent_ClusterState.xml [Correcto]
_Extension_Agent_EngineServiceName.xml [Correcto]
_Extension_Agent_IniSourceFilePath.xml [Correcto]
_Extension_Agent_InstanceId.xml [Correcto]
_Extension_Agent_InstanceName.xml [Correcto]
_Extension_Agent_InstanceRegPath.xml [Correcto]
_Extension_Agent_InstanceWMIPath.xml [Correcto]
_Extension_Agent_LibraryFileName.xml [Correcto]
_Extension_Agent_LocalMachineName.xml [Correcto]
_Extension_Agent_LogDirectoryPath.xml [Correcto]
_Extension_Agent_LogFilePath.xml [Correcto]
_Extension_Agent_ParentWMIPath.xml [Correcto]
_Extension_Agent_PerfCounterDll32SourcePath.xml [Correcto]
_Extension_Agent_PerfCounterDllSourcePath.xml [Correcto]
_Extension_Agent_PerfCounterDllTargetSystemFilePath.xml [Correcto]
_Extension_Agent_PerfCounterDllTargetSystemWOWFilePath.xml [Correcto]
_Extension_Agent_PerformanceMonitorUseGroupSID.xml [Correcto]
_Extension_Agent_PrefixServiceName.xml [Correcto]
_Extension_Agent_RemoveFilePerfCounterDllTargetSystemFilePath.xml [Correcto]
_Extension_Agent_RemoveFilePerfCounterDllTargetSystemWOWFilePath.xml [Correcto]
_Extension_Agent_ResourceInstanceName.xml [Correcto]
_Extension_Agent_ServiceName.xml [Correcto]
_Extension_Agent_SkipOnDomainController.xml [Correcto]
_Extension_Agent_SqagtresPath.xml [Correcto]
_Extension_Agent_SqlBinnPath.xml [Correcto]
_Extension_Agent_SqlDataPath.xml [Correcto]
_Extension_Agent_SqlInstallPath.xml [Correcto]
_Extension_Agent_SqlResourceLoaderPath.xml [Correcto]
_Extension_Agent_WorkingDirectory.xml [Correcto]
_Extension_FSS_SqlBinnPath.xml [Correcto]
_Extension_FSS_SystemFolder.xml [Correcto]
_Extension_HADR_SqlBinnPath.xml [Correcto]
_Extension_HADR_SystemFolder.xml [Correcto]

 Descomprimiendo archivos en C:\Program Files\Microsoft SQL Server\150\Setup Bootstrap\Log\20260419_230231\MSSQLSERVER\resources\

ProgressError.ico [Correcto]
ProgressSkip.ico [Correcto]
ProgressSuccess.ico [Correcto]
ProgressWarn.ico [Correcto]

 Descomprimiendo archivos en C:\Program Files\Microsoft SQL Server\150\Setup Bootstrap\Log\20260419_230231\resources\

ProgressError.ico [Correcto]
ProgressSkip.ico [Correcto]
ProgressSuccess.ico [Correcto]
ProgressWarn.ico [Correcto]

 Descomprimiendo archivos en C:\Program Files\Microsoft SQL Server\150\Setup Bootstrap\Log\20260522_100357\

Datastore [Correcto]
Detail.txt [Correcto]
HkEngineEventFile_0_134239322947920000_2026-05-22T10.04.54.xel [Correcto]
LogSet_CONTROLAB-IA_20260522_100357.cab [Correcto]
MSSQLSERVER [Correcto]
resources [Correcto]
Settings.xml [Correcto]
SQLServer_ERRORLOG_2026-05-22T10.05.08.txt [Correcto]
Summary_CONTROLAB-IA_20260522_100357.txt [Correcto]
SystemConfigurationCheck_Report.htm [Correcto]
system_health_0_134239322948710000_2026-05-22T10.04.54.xel [Correcto]

 Descomprimiendo archivos en C:\Program Files\Microsoft SQL Server\150\Setup Bootstrap\Log\20260522_100357\Datastore\

CommonProperties.xml [Correcto]
Datastore_ClusterDiscovery.xml [Correcto]
Datastore_Discovery.xml [Correcto]
InputSettings_ChainerSettings_SlpSettings.xml [Correcto]
InputSettings_FeatureSpecific_SlpInputSettings.xml [Correcto]
InputSettings_RsDumper_Private.xml [Correcto]
Package.xml [Correcto]
PatchResults.xml [Correcto]
Product.xml [Correcto]
ProductSettings_AgentScript_Private.xml [Correcto]
ProductSettings_Agent_Private.xml [Correcto]
ProductSettings_Agent_Public.xml [Correcto]
ProductSettings_AsDumper_Private.xml [Correcto]
ProductSettings_AsInstanceId_Private.xml [Correcto]
ProductSettings_ASTelemetry_Private.xml [Correcto]
ProductSettings_AS_Private.xml [Correcto]
ProductSettings_AS_Public.xml [Correcto]
ProductSettings_ClusterDisk_Private.xml [Correcto]
ProductSettings_ClusterDisk_Public.xml [Correcto]
ProductSettings_ClusterGroup_Private.xml [Correcto]
ProductSettings_ClusterGroup_Public.xml [Correcto]
ProductSettings_ClusterIPAddresses_Private.xml [Correcto]
ProductSettings_ClusterIPAddresses_Public.xml [Correcto]
ProductSettings_ClusterNodesStatus_Public.xml [Correcto]
ProductSettings_ClusterNode_Private.xml [Correcto]
ProductSettings_ClusterNode_Public.xml [Correcto]
ProductSettings_Extensibility_Private.xml [Correcto]
ProductSettings_Extensibility_Public.xml [Correcto]
ProductSettings_FailOverClusterName_Private.xml [Correcto]
ProductSettings_FailoverClusterName_Public.xml [Correcto]
ProductSettings_Fulltext_Private.xml [Correcto]
ProductSettings_Fulltext_Public.xml [Correcto]
ProductSettings_IMPY_Private.xml [Correcto]
ProductSettings_IMPY_Public.xml [Correcto]
ProductSettings_IMR_Private.xml [Correcto]
ProductSettings_IMR_Public.xml [Correcto]
ProductSettings_ISMaster_Private.xml [Correcto]
ProductSettings_ISMaster_Public.xml [Correcto]
ProductSettings_ISTelemetry_Private.xml [Correcto]
ProductSettings_ISWorker_Private.xml [Correcto]
ProductSettings_ISWorker_Public.xml [Correcto]
ProductSettings_ManagementToolsAdvanced_Private.xml [Correcto]
ProductSettings_ManagementToolsAdvanced_Public.xml [Correcto]
ProductSettings_ManagementTools_Private.xml [Correcto]
ProductSettings_ManagementTools_Public.xml [Correcto]
ProductSettings_PolybaseJava_ConfigDB.xml [Correcto]
ProductSettings_PolybaseJava_Private.xml [Correcto]
ProductSettings_Polybase_ConfigDB.xml [Correcto]
ProductSettings_Polybase_Private.xml [Correcto]
ProductSettings_Repl_Private.xml [Correcto]
ProductSettings_Repl_Public.xml [Correcto]
ProductSettings_RsInstanceId_Private.xml [Correcto]
ProductSettings_SAA_Private.xml [Correcto]
ProductSettings_SAA_Public.xml [Correcto]
ProductSettings_Sku_Private.xml [Correcto]
ProductSettings_Sku_Public.xml [Correcto]
ProductSettings_SlpDumper_Private.xml [Correcto]
ProductSettings_Slp_Private.xml [Correcto]
ProductSettings_Slp_Public.xml [Correcto]
ProductSettings_SMPY_Private.xml [Correcto]
ProductSettings_SMPY_Public.xml [Correcto]
ProductSettings_SMR_Private.xml [Correcto]
ProductSettings_SMR_Public.xml [Correcto]
ProductSettings_SniServer_Private.xml [Correcto]
ProductSettings_SniServer_Public.xml [Correcto]
ProductSettings_SqlBrowserStopService_Private.xml [Correcto]
ProductSettings_SqlBrowser_Private.xml [Correcto]
ProductSettings_SqlBrowser_Public.xml [Correcto]
ProductSettings_SqlEngineDumper_Private.xml [Correcto]
ProductSettings_SqlEngine_Private.xml [Correcto]
ProductSettings_SqlEngine_Public.xml [Correcto]
ProductSettings_SqlInstanceId_Private.xml [Correcto]
ProductSettings_SqlLegacyDiscovery_Private.xml [Correcto]
ProductSettings_SqlLegacyDiscovery_Public.xml [Correcto]
ProductSettings_SqlPowershell_Private.xml [Correcto]
ProductSettings_SqlPowershell_Public.xml [Correcto]
ProductSettings_SqlRS_DBPrivate.xml [Correcto]
ProductSettings_SqlRS_Private.xml [Correcto]
ProductSettings_SqlRS_Public.xml [Correcto]
ProductSettings_SQLServerSCP_Private.xml [Correcto]
ProductSettings_SSIS_Private.xml [Correcto]
ProductSettings_SSIS_Public.xml [Correcto]
ProductSettings_SSIS_VSTA_Private.xml [Correcto]
ProductSettings_Telemetry_Private.xml [Correcto]
ProductSettings_Telemetry_TelemetryScriptConfig.xml [Correcto]
ProductSettings_XTP_Private.xml [Correcto]
RunRuleResults_RunScenarioGlobalRules.xml [Correcto]
SLP_Actions_PersistedActionData.xml [Correcto]
Telemetry.xml [Correcto]
_Extensions_Config_ActionCollection.xml [Correcto]
_Extensions_Setup_DiscoveryMachineNames.xml [Correcto]

 Descomprimiendo archivos en C:\Program Files\Microsoft SQL Server\150\Setup Bootstrap\Log\20260522_100357\MSSQLSERVER\

AdvancedAnalytics_Cpu64_1.log [Correcto]
Datastore [Correcto]
Detail.txt [Correcto]
LogSet_CONTROLAB-IA_20260522_100357.cab [Correcto]
resources [Correcto]
Settings.xml [Correcto]
SqlBrowser_Cpu32_1.log [Correcto]
SqlWriter_Cpu64_1.log [Correcto]
sql_common_core_Cpu64_1.log [Correcto]
sql_engine_core_inst_Cpu64_1.log [Correcto]
sql_engine_core_shared_Cpu64_1.log [Correcto]
sql_tools_extensions_Cpu64_1.log [Correcto]
sql_xevent_Cpu64_1.log [Correcto]
Summary_CONTROLAB-IA_20260522_100357.txt [Correcto]
SystemConfigurationCheck_Report.htm [Correcto]

 Descomprimiendo archivos en C:\Program Files\Microsoft SQL Server\150\Setup Bootstrap\Log\20260522_100357\MSSQLSERVER\Datastore\

CommonProperties.xml [Correcto]
Datastore_ClusterDiscovery.xml [Correcto]
Datastore_Discovery.xml [Correcto]
InputSettings_ChainerSettings_SlpSettings.xml [Correcto]
InputSettings_FeatureSpecific_SlpInputSettings.xml [Correcto]
InputSettings_RsDumper_Private.xml [Correcto]
Package.xml [Correcto]
Product.xml [Correcto]
ProductSettings_AgentScript_Private.xml [Correcto]
ProductSettings_Agent_Private.xml [Correcto]
ProductSettings_Agent_Public.xml [Correcto]
ProductSettings_AsDumper_Private.xml [Correcto]
ProductSettings_AsInstanceId_Private.xml [Correcto]
ProductSettings_ASTelemetry_Private.xml [Correcto]
ProductSettings_AS_Private.xml [Correcto]
ProductSettings_AS_Public.xml [Correcto]
ProductSettings_ClusterDisk_Private.xml [Correcto]
ProductSettings_ClusterDisk_Public.xml [Correcto]
ProductSettings_ClusterGroup_Private.xml [Correcto]
ProductSettings_ClusterGroup_Public.xml [Correcto]
ProductSettings_ClusterIPAddresses_Private.xml [Correcto]
ProductSettings_ClusterIPAddresses_Public.xml [Correcto]
ProductSettings_ClusterNodesStatus_Public.xml [Correcto]
ProductSettings_ClusterNode_Private.xml [Correcto]
ProductSettings_ClusterNode_Public.xml [Correcto]
ProductSettings_Extensibility_Private.xml [Correcto]
ProductSettings_Extensibility_Public.xml [Correcto]
ProductSettings_FailOverClusterName_Private.xml [Correcto]
ProductSettings_FailoverClusterName_Public.xml [Correcto]
ProductSettings_Fulltext_Private.xml [Correcto]
ProductSettings_Fulltext_Public.xml [Correcto]
ProductSettings_IMPY_Private.xml [Correcto]
ProductSettings_IMPY_Public.xml [Correcto]
ProductSettings_IMR_Private.xml [Correcto]
ProductSettings_IMR_Public.xml [Correcto]
ProductSettings_ISMaster_Private.xml [Correcto]
ProductSettings_ISMaster_Public.xml [Correcto]
ProductSettings_ISTelemetry_Private.xml [Correcto]
ProductSettings_ISWorker_Private.xml [Correcto]
ProductSettings_ISWorker_Public.xml [Correcto]
ProductSettings_ManagementToolsAdvanced_Private.xml [Correcto]
ProductSettings_ManagementToolsAdvanced_Public.xml [Correcto]
ProductSettings_ManagementTools_Private.xml [Correcto]
ProductSettings_ManagementTools_Public.xml [Correcto]
ProductSettings_PolybaseJava_ConfigDB.xml [Correcto]
ProductSettings_PolybaseJava_Private.xml [Correcto]
ProductSettings_Polybase_ConfigDB.xml [Correcto]
ProductSettings_Polybase_Private.xml [Correcto]
ProductSettings_Repl_Private.xml [Correcto]
ProductSettings_Repl_Public.xml [Correcto]
ProductSettings_RsInstanceId_Private.xml [Correcto]
ProductSettings_SAA_Private.xml [Correcto]
ProductSettings_SAA_Public.xml [Correcto]
ProductSettings_Sku_Private.xml [Correcto]
ProductSettings_Sku_Public.xml [Correcto]
ProductSettings_SlpDumper_Private.xml [Correcto]
ProductSettings_Slp_Private.xml [Correcto]
ProductSettings_Slp_Public.xml [Correcto]
ProductSettings_SMPY_Private.xml [Correcto]
ProductSettings_SMPY_Public.xml [Correcto]
ProductSettings_SMR_Private.xml [Correcto]
ProductSettings_SMR_Public.xml [Correcto]
ProductSettings_SniServer_Private.xml [Correcto]
ProductSettings_SniServer_Public.xml [Correcto]
ProductSettings_SqlBrowserStopService_Private.xml [Correcto]
ProductSettings_SqlBrowser_Private.xml [Correcto]
ProductSettings_SqlBrowser_Public.xml [Correcto]
ProductSettings_SqlEngineDumper_Private.xml [Correcto]
ProductSettings_SqlEngine_Private.xml [Correcto]
ProductSettings_SqlEngine_Public.xml [Correcto]
ProductSettings_SqlInstanceId_Private.xml [Correcto]
ProductSettings_SqlLegacyDiscovery_Private.xml [Correcto]
ProductSettings_SqlLegacyDiscovery_Public.xml [Correcto]
ProductSettings_SqlPowershell_Private.xml [Correcto]
ProductSettings_SqlPowershell_Public.xml [Correcto]
ProductSettings_SqlRS_DBPrivate.xml [Correcto]
ProductSettings_SqlRS_Private.xml [Correcto]
ProductSettings_SqlRS_Public.xml [Correcto]
ProductSettings_SQLServerSCP_Private.xml [Correcto]
ProductSettings_SSIS_Private.xml [Correcto]
ProductSettings_SSIS_Public.xml [Correcto]
ProductSettings_SSIS_VSTA_Private.xml [Correcto]
ProductSettings_Telemetry_Private.xml [Correcto]
ProductSettings_Telemetry_TelemetryScriptConfig.xml [Correcto]
ProductSettings_XTP_Private.xml [Correcto]
RunRuleResults_RunScenarioGlobalRules.xml [Correcto]
Runtime_ActionData.xml [Correcto]
SLP_Actions_PersistedActionData.xml [Correcto]
Telemetry.xml [Correcto]
_Extensions_Config_ActionCollection.xml [Correcto]
_Extensions_Msi_InitialPackageInstallList.xml [Correcto]
_Extensions_Msi_PackageInstallMap.xml [Correcto]
_Extensions_Setup_DiscoveryMachineNames.xml [Correcto]
_Extensions_Setup_ProductScenarioStatus.xml [Correcto]
_Extension_Agent_AddNode.xml [Correcto]
_Extension_Agent_AgentInstanceRegPath.xml [Correcto]
_Extension_Agent_AgentLocalGroupDescription.xml [Correcto]
_Extension_Agent_AgentLocalGroupName.xml [Correcto]
_Extension_Agent_AgentLogDllPath.xml [Correcto]
_Extension_Agent_AgentResourceDescription.xml [Correcto]
_Extension_Agent_AgentResourceName.xml [Correcto]
_Extension_Agent_AgentServiceAccount.xml [Correcto]
_Extension_Agent_AgentServiceBinaryFile.xml [Correcto]
_Extension_Agent_AgentServiceDescription.xml [Correcto]
_Extension_Agent_AgentServiceDisplayName.xml [Correcto]
_Extension_Agent_AgentSetupRegPath.xml [Correcto]
_Extension_Agent_AtxcorePath.xml [Correcto]
_Extension_Agent_CheckpointingHives.xml [Correcto]
_Extension_Agent_ClusterState.xml [Correcto]
_Extension_Agent_EngineServiceName.xml [Correcto]
_Extension_Agent_IniSourceFilePath.xml [Correcto]
_Extension_Agent_InstanceId.xml [Correcto]
_Extension_Agent_InstanceName.xml [Correcto]
_Extension_Agent_InstanceRegPath.xml [Correcto]
_Extension_Agent_InstanceWMIPath.xml [Correcto]
_Extension_Agent_LibraryFileName.xml [Correcto]
_Extension_Agent_LocalMachineName.xml [Correcto]
_Extension_Agent_LogDirectoryPath.xml [Correcto]
_Extension_Agent_LogFilePath.xml [Correcto]
_Extension_Agent_ParentWMIPath.xml [Correcto]
_Extension_Agent_PerfCounterDll32SourcePath.xml [Correcto]
_Extension_Agent_PerfCounterDllSourcePath.xml [Correcto]
_Extension_Agent_PerfCounterDllTargetSystemFilePath.xml [Correcto]
_Extension_Agent_PerfCounterDllTargetSystemWOWFilePath.xml [Correcto]
_Extension_Agent_PerformanceMonitorUseGroupSID.xml [Correcto]
_Extension_Agent_PrefixServiceName.xml [Correcto]
_Extension_Agent_RemoveFilePerfCounterDllTargetSystemFilePath.xml [Correcto]
_Extension_Agent_RemoveFilePerfCounterDllTargetSystemWOWFilePath.xml [Correcto]
_Extension_Agent_ResourceInstanceName.xml [Correcto]
_Extension_Agent_ServiceName.xml [Correcto]
_Extension_Agent_SkipOnDomainController.xml [Correcto]
_Extension_Agent_SqagtresPath.xml [Correcto]
_Extension_Agent_SqlBinnPath.xml [Correcto]
_Extension_Agent_SqlDataPath.xml [Correcto]
_Extension_Agent_SqlInstallPath.xml [Correcto]
_Extension_Agent_SqlResourceLoaderPath.xml [Correcto]
_Extension_Agent_WorkingDirectory.xml [Correcto]
_Extension_FSS_SqlBinnPath.xml [Correcto]
_Extension_FSS_SystemFolder.xml [Correcto]
_Extension_HADR_SqlBinnPath.xml [Correcto]
_Extension_HADR_SystemFolder.xml [Correcto]

 Descomprimiendo archivos en C:\Program Files\Microsoft SQL Server\150\Setup Bootstrap\Log\20260522_100357\MSSQLSERVER\resources\

ProgressError.ico [Correcto]
ProgressSkip.ico [Correcto]
ProgressSuccess.ico [Correcto]
ProgressWarn.ico [Correcto]

 Descomprimiendo archivos en C:\Program Files\Microsoft SQL Server\150\Setup Bootstrap\Log\20260522_100357\resources\

ProgressError.ico [Correcto]
ProgressSkip.ico [Correcto]
ProgressSuccess.ico [Correcto]
ProgressWarn.ico [Correcto]

 Descomprimiendo archivos en C:\Program Files\Microsoft SQL Server\150\Setup Bootstrap\Log\20260601_000039\

Datastore [Correcto]
Detail.txt [Correcto]
LogSet_CONTROLAB-IA_20260601_000039.cab [Correcto]
resources [Correcto]
Settings.xml [Correcto]
Summary_CONTROLAB-IA_20260601_000039.txt [Correcto]
SystemConfigurationCheck_Report.htm [Correcto]

 Descomprimiendo archivos en C:\Program Files\Microsoft SQL Server\150\Setup Bootstrap\Log\20260601_000039\Datastore\

CommonProperties.xml [Correcto]
Datastore_ClusterDiscovery.xml [Correcto]
Datastore_Discovery.xml [Correcto]
InputSettings_ChainerSettings_SlpSettings.xml [Correcto]
InputSettings_FeatureSpecific_SlpInputSettings.xml [Correcto]
InputSettings_RsDumper_Private.xml [Correcto]
Package.xml [Correcto]
Product.xml [Correcto]
ProductSettings_AgentScript_Private.xml [Correcto]
ProductSettings_Agent_Private.xml [Correcto]
ProductSettings_Agent_Public.xml [Correcto]
ProductSettings_AsDumper_Private.xml [Correcto]
ProductSettings_AsInstanceId_Private.xml [Correcto]
ProductSettings_ASTelemetry_Private.xml [Correcto]
ProductSettings_AS_Private.xml [Correcto]
ProductSettings_AS_Public.xml [Correcto]
ProductSettings_ClusterDisk_Private.xml [Correcto]
ProductSettings_ClusterDisk_Public.xml [Correcto]
ProductSettings_ClusterGroup_Private.xml [Correcto]
ProductSettings_ClusterGroup_Public.xml [Correcto]
ProductSettings_ClusterIPAddresses_Private.xml [Correcto]
ProductSettings_ClusterIPAddresses_Public.xml [Correcto]
ProductSettings_ClusterNodesStatus_Public.xml [Correcto]
ProductSettings_ClusterNode_Private.xml [Correcto]
ProductSettings_ClusterNode_Public.xml [Correcto]
ProductSettings_DReplayClient_Private.xml [Correcto]
ProductSettings_DReplayController_Private.xml [Correcto]
ProductSettings_Extensibility_Private.xml [Correcto]
ProductSettings_Extensibility_Public.xml [Correcto]
ProductSettings_FailOverClusterName_Private.xml [Correcto]
ProductSettings_FailoverClusterName_Public.xml [Correcto]
ProductSettings_Fulltext_Private.xml [Correcto]
ProductSettings_Fulltext_Public.xml [Correcto]
ProductSettings_IMPY_Private.xml [Correcto]
ProductSettings_IMPY_Public.xml [Correcto]
ProductSettings_IMR_Private.xml [Correcto]
ProductSettings_IMR_Public.xml [Correcto]
ProductSettings_ISMaster_Private.xml [Correcto]
ProductSettings_ISMaster_Public.xml [Correcto]
ProductSettings_ISTelemetry_Private.xml [Correcto]
ProductSettings_ISWorker_Private.xml [Correcto]
ProductSettings_ISWorker_Public.xml [Correcto]
ProductSettings_ManagementToolsAdvanced_Private.xml [Correcto]
ProductSettings_ManagementToolsAdvanced_Public.xml [Correcto]
ProductSettings_ManagementTools_Private.xml [Correcto]
ProductSettings_ManagementTools_Public.xml [Correcto]
ProductSettings_PolybaseJava_ConfigDB.xml [Correcto]
ProductSettings_PolybaseJava_Private.xml [Correcto]
ProductSettings_Polybase_ConfigDB.xml [Correcto]
ProductSettings_Polybase_Private.xml [Correcto]
ProductSettings_Repl_Private.xml [Correcto]
ProductSettings_Repl_Public.xml [Correcto]
ProductSettings_RsInstanceId_Private.xml [Correcto]
ProductSettings_SAA_Private.xml [Correcto]
ProductSettings_SAA_Public.xml [Correcto]
ProductSettings_Sku_Private.xml [Correcto]
ProductSettings_Sku_Public.xml [Correcto]
ProductSettings_SlpDumper_Private.xml [Correcto]
ProductSettings_Slp_Private.xml [Correcto]
ProductSettings_Slp_Public.xml [Correcto]
ProductSettings_SMPY_Private.xml [Correcto]
ProductSettings_SMPY_Public.xml [Correcto]
ProductSettings_SMR_Private.xml [Correcto]
ProductSettings_SMR_Public.xml [Correcto]
ProductSettings_SniServer_Private.xml [Correcto]
ProductSettings_SniServer_Public.xml [Correcto]
ProductSettings_SqlBrowserStopService_Private.xml [Correcto]
ProductSettings_SqlBrowser_Private.xml [Correcto]
ProductSettings_SqlBrowser_Public.xml [Correcto]
ProductSettings_SqlEngineDumper_Private.xml [Correcto]
ProductSettings_SqlEngine_Private.xml [Correcto]
ProductSettings_SqlEngine_Public.xml [Correcto]
ProductSettings_SqlInstanceId_Private.xml [Correcto]
ProductSettings_SqlLegacyDiscovery_Private.xml [Correcto]
ProductSettings_SqlLegacyDiscovery_Public.xml [Correcto]
ProductSettings_SqlPowershell_Private.xml [Correcto]
ProductSettings_SqlPowershell_Public.xml [Correcto]
ProductSettings_SqlRS_DBPrivate.xml [Correcto]
ProductSettings_SqlRS_Private.xml [Correcto]
ProductSettings_SqlRS_Public.xml [Correcto]
ProductSettings_SQLServerSCP_Private.xml [Correcto]
ProductSettings_SSIS_Private.xml [Correcto]
ProductSettings_SSIS_Public.xml [Correcto]
ProductSettings_SSIS_VSTA_Private.xml [Correcto]
ProductSettings_Telemetry_Private.xml [Correcto]
ProductSettings_Telemetry_TelemetryScriptConfig.xml [Correcto]
ProductSettings_XTP_Private.xml [Correcto]
RunRuleResults_RunScenarioGlobalRules.xml [Correcto]
RunRuleResults_RunStandaloneRules.xml [Correcto]
SLP_Actions_PersistedActionData.xml [Correcto]
Telemetry.xml [Correcto]
_Extensions_Config_ActionCollection.xml [Correcto]
_Extensions_Config_FeatureScenario.xml [Correcto]
_Extensions_Config_PackagesInstallStateProperties.xml [Correcto]
_Extensions_Msi_FeatureScenario.xml [Correcto]
_Extensions_Msi_InitialPackageInstallList.xml [Correcto]
_Extensions_Msi_OrderedFeatureList.xml [Correcto]
_Extensions_Msi_OrderedPackageDependencyList.xml [Correcto]
_Extensions_Msi_PackageInstallMap.xml [Correcto]
_Extensions_Msi_PackagesInstallStateProperties.xml [Correcto]
_Extensions_Setup_DiscoveryMachineNames.xml [Correcto]
_Extension_Cluster_SelectedIPAddresses.xml [Correcto]
_Extension_Slp_OriginalInputSettingValues.xml [Correcto]

 Descomprimiendo archivos en C:\Program Files\Microsoft SQL Server\150\Setup Bootstrap\Log\20260601_000039\resources\

ProgressError.ico [Correcto]
ProgressSkip.ico [Correcto]
ProgressSuccess.ico [Correcto]
ProgressWarn.ico [Correcto]

 Descomprimiendo archivos en C:\Program Files\Microsoft SQL Server\150\Setup Bootstrap\Log\20260701_141905\

Detail.txt [Correcto]
resources [Correcto]
SQLServer_ERRORLOG_2026-07-01T14.22.11.txt [Correcto]
SQLServer_ERRORLOG_2026-07-01T14.25.13.txt [Correcto]
SystemConfigurationCheck_Report.htm [Correcto]

 Descomprimiendo archivos en C:\Program Files\Microsoft SQL Server\150\Setup Bootstrap\Log\20260701_141905\resources\

ProgressError.ico [Correcto]
ProgressSkip.ico [Correcto]
ProgressSuccess.ico [Correcto]
ProgressWarn.ico [Correcto]

 Descomprimiendo archivos en C:\Program Files\Microsoft SQL Server\150\Setup Bootstrap\Log\20260701_142918\

Detail.txt [Correcto]
resources [Correcto]
SQLServer_ERRORLOG_2026-07-01T14.32.28.txt [Correcto]
SystemConfigurationCheck_Report.htm [Correcto]

 Descomprimiendo archivos en C:\Program Files\Microsoft SQL Server\150\Setup Bootstrap\Log\20260701_142918\resources\

ProgressError.ico [Correcto]
ProgressSkip.ico [Correcto]
ProgressSuccess.ico [Correcto]
ProgressWarn.ico [Correcto]

 Descomprimiendo archivos en C:\Program Files\Microsoft SQL Server\150\Setup Bootstrap\SQL2019\

1028_CHT_LP [Correcto]
1031_DEU_LP [Correcto]
1033_ENU_LP [Correcto]
1036_FRA_LP [Correcto]
1040_ITA_LP [Correcto]
1041_JPN_LP [Correcto]
1042_KOR_LP [Correcto]
1046_PTB_LP [Correcto]
1049_RUS_LP [Correcto]
2052_CHS_LP [Correcto]
3082_ESN_LP [Correcto]
Resources [Correcto]
setup.exe [Correcto]
setup.exe.config [Correcto]
SqlSetupBootstrapper.dll [Correcto]
x64 [Correcto]

 Descomprimiendo archivos en C:\Program Files\Microsoft SQL Server\150\Setup Bootstrap\SQL2019\1028_CHT_LP\

x64 [Correcto]

 Descomprimiendo archivos en C:\Program Files\Microsoft SQL Server\150\Setup Bootstrap\SQL2019\1028_CHT_LP\x64\

1028 [Correcto]

 Descomprimiendo archivos en C:\Program Files\Microsoft SQL Server\150\Setup Bootstrap\SQL2019\1028_CHT_LP\x64\1028\

license_Dev.rtf [Correcto]
license_Ent.rtf [Correcto]
license_ENTCORE.rtf [Correcto]
license_ENTCORE_OEM.rtf [Correcto]
license_Ent_OEM.rtf [Correcto]
license_Eval.rtf [Correcto]
license_Expr.rtf [Correcto]
license_Expr_SSDTBI.rtf [Correcto]
license_Std.rtf [Correcto]
license_Std_OEM.rtf [Correcto]
license_Web.rtf [Correcto]
license_Web_OEM.rtf [Correcto]
PythonLicense.rtf [Correcto]
Readme.htm [Correcto]
ROpenLicense.rtf [Correcto]
ThirdPartyNotices.txt [Correcto]

 Descomprimiendo archivos en C:\Program Files\Microsoft SQL Server\150\Setup Bootstrap\SQL2019\1031_DEU_LP\

x64 [Correcto]

 Descomprimiendo archivos en C:\Program Files\Microsoft SQL Server\150\Setup Bootstrap\SQL2019\1031_DEU_LP\x64\

1031 [Correcto]

 Descomprimiendo archivos en C:\Program Files\Microsoft SQL Server\150\Setup Bootstrap\SQL2019\1031_DEU_LP\x64\1031\

license_Dev.rtf [Correcto]
license_Ent.rtf [Correcto]
license_ENTCORE.rtf [Correcto]
license_ENTCORE_OEM.rtf [Correcto]
license_Ent_OEM.rtf [Correcto]
license_Eval.rtf [Correcto]
license_Expr.rtf [Correcto]
license_Expr_SSDTBI.rtf [Correcto]
license_Std.rtf [Correcto]
license_Std_OEM.rtf [Correcto]
license_Web.rtf [Correcto]
license_Web_OEM.rtf [Correcto]
PythonLicense.rtf [Correcto]
Readme.htm [Correcto]
ROpenLicense.rtf [Correcto]
ThirdPartyNotices.txt [Correcto]

 Descomprimiendo archivos en C:\Program Files\Microsoft SQL Server\150\Setup Bootstrap\SQL2019\1033_ENU_LP\

x64 [Correcto]

 Descomprimiendo archivos en C:\Program Files\Microsoft SQL Server\150\Setup Bootstrap\SQL2019\1033_ENU_LP\x64\

1033 [Correcto]

 Descomprimiendo archivos en C:\Program Files\Microsoft SQL Server\150\Setup Bootstrap\SQL2019\1033_ENU_LP\x64\1033\

license_Dev.rtf [Correcto]
license_Ent.rtf [Correcto]
license_ENTCORE.rtf [Correcto]
license_ENTCORE_OEM.rtf [Correcto]
license_Ent_OEM.rtf [Correcto]
license_Eval.rtf [Correcto]
license_Expr.rtf [Correcto]
license_Expr_SSDTBI.rtf [Correcto]
license_Std.rtf [Correcto]
license_Std_OEM.rtf [Correcto]
license_Web.rtf [Correcto]
license_Web_OEM.rtf [Correcto]
PythonLicense.rtf [Correcto]
Readme.htm [Correcto]
ROpenLicense.rtf [Correcto]
ThirdPartyNotices.txt [Correcto]

 Descomprimiendo archivos en C:\Program Files\Microsoft SQL Server\150\Setup Bootstrap\SQL2019\1036_FRA_LP\

x64 [Correcto]

 Descomprimiendo archivos en C:\Program Files\Microsoft SQL Server\150\Setup Bootstrap\SQL2019\1036_FRA_LP\x64\

1036 [Correcto]

 Descomprimiendo archivos en C:\Program Files\Microsoft SQL Server\150\Setup Bootstrap\SQL2019\1036_FRA_LP\x64\1036\

license_Dev.rtf [Correcto]
license_Ent.rtf [Correcto]
license_ENTCORE.rtf [Correcto]
license_ENTCORE_OEM.rtf [Correcto]
license_Ent_OEM.rtf [Correcto]
license_Eval.rtf [Correcto]
license_Expr.rtf [Correcto]
license_Expr_SSDTBI.rtf [Correcto]
license_Std.rtf [Correcto]
license_Std_OEM.rtf [Correcto]
license_Web.rtf [Correcto]
license_Web_OEM.rtf [Correcto]
PythonLicense.rtf [Correcto]
Readme.htm [Correcto]
ROpenLicense.rtf [Correcto]
ThirdPartyNotices.txt [Correcto]

 Descomprimiendo archivos en C:\Program Files\Microsoft SQL Server\150\Setup Bootstrap\SQL2019\1040_ITA_LP\

x64 [Correcto]

 Descomprimiendo archivos en C:\Program Files\Microsoft SQL Server\150\Setup Bootstrap\SQL2019\1040_ITA_LP\x64\

1040 [Correcto]

 Descomprimiendo archivos en C:\Program Files\Microsoft SQL Server\150\Setup Bootstrap\SQL2019\1040_ITA_LP\x64\1040\

license_Dev.rtf [Correcto]
license_Ent.rtf [Correcto]
license_ENTCORE.rtf [Correcto]
license_ENTCORE_OEM.rtf [Correcto]
license_Ent_OEM.rtf [Correcto]
license_Eval.rtf [Correcto]
license_Expr.rtf [Correcto]
license_Expr_SSDTBI.rtf [Correcto]
license_Std.rtf [Correcto]
license_Std_OEM.rtf [Correcto]
license_Web.rtf [Correcto]
license_Web_OEM.rtf [Correcto]
PythonLicense.rtf [Correcto]
Readme.htm [Correcto]
ROpenLicense.rtf [Correcto]
ThirdPartyNotices.txt [Correcto]

 Descomprimiendo archivos en C:\Program Files\Microsoft SQL Server\150\Setup Bootstrap\SQL2019\1041_JPN_LP\

x64 [Correcto]

 Descomprimiendo archivos en C:\Program Files\Microsoft SQL Server\150\Setup Bootstrap\SQL2019\1041_JPN_LP\x64\

1041 [Correcto]

 Descomprimiendo archivos en C:\Program Files\Microsoft SQL Server\150\Setup Bootstrap\SQL2019\1041_JPN_LP\x64\1041\

license_Dev.rtf [Correcto]
license_Ent.rtf [Correcto]
license_ENTCORE.rtf [Correcto]
license_ENTCORE_OEM.rtf [Correcto]
license_Ent_OEM.rtf [Correcto]
license_Eval.rtf [Correcto]
license_Expr.rtf [Correcto]
license_Expr_SSDTBI.rtf [Correcto]
license_Std.rtf [Correcto]
license_Std_OEM.rtf [Correcto]
license_Web.rtf [Correcto]
license_Web_OEM.rtf [Correcto]
PythonLicense.rtf [Correcto]
Readme.htm [Correcto]
ROpenLicense.rtf [Correcto]
ThirdPartyNotices.txt [Correcto]

 Descomprimiendo archivos en C:\Program Files\Microsoft SQL Server\150\Setup Bootstrap\SQL2019\1042_KOR_LP\

x64 [Correcto]

 Descomprimiendo archivos en C:\Program Files\Microsoft SQL Server\150\Setup Bootstrap\SQL2019\1042_KOR_LP\x64\

1042 [Correcto]

 Descomprimiendo archivos en C:\Program Files\Microsoft SQL Server\150\Setup Bootstrap\SQL2019\1042_KOR_LP\x64\1042\

license_Dev.rtf [Correcto]
license_Ent.rtf [Correcto]
license_ENTCORE.rtf [Correcto]
license_ENTCORE_OEM.rtf [Correcto]
license_Ent_OEM.rtf [Correcto]
license_Eval.rtf [Correcto]
license_Expr.rtf [Correcto]
license_Expr_SSDTBI.rtf [Correcto]
license_Std.rtf [Correcto]
license_Std_OEM.rtf [Correcto]
license_Web.rtf [Correcto]
license_Web_OEM.rtf [Correcto]
PythonLicense.rtf [Correcto]
Readme.htm [Correcto]
ROpenLicense.rtf [Correcto]
ThirdPartyNotices.txt [Correcto]

 Descomprimiendo archivos en C:\Program Files\Microsoft SQL Server\150\Setup Bootstrap\SQL2019\1046_PTB_LP\

x64 [Correcto]

 Descomprimiendo archivos en C:\Program Files\Microsoft SQL Server\150\Setup Bootstrap\SQL2019\1046_PTB_LP\x64\

1046 [Correcto]

 Descomprimiendo archivos en C:\Program Files\Microsoft SQL Server\150\Setup Bootstrap\SQL2019\1046_PTB_LP\x64\1046\

license_Dev.rtf [Correcto]
license_Ent.rtf [Correcto]
license_ENTCORE.rtf [Correcto]
license_ENTCORE_OEM.rtf [Correcto]
license_Ent_OEM.rtf [Correcto]
license_Eval.rtf [Correcto]
license_Expr.rtf [Correcto]
license_Expr_SSDTBI.rtf [Correcto]
license_Std.rtf [Correcto]
license_Std_OEM.rtf [Correcto]
license_Web.rtf [Correcto]
license_Web_OEM.rtf [Correcto]
PythonLicense.rtf [Correcto]
Readme.htm [Correcto]
ROpenLicense.rtf [Correcto]
ThirdPartyNotices.txt [Correcto]

 Descomprimiendo archivos en C:\Program Files\Microsoft SQL Server\150\Setup Bootstrap\SQL2019\1049_RUS_LP\

x64 [Correcto]

 Descomprimiendo archivos en C:\Program Files\Microsoft SQL Server\150\Setup Bootstrap\SQL2019\1049_RUS_LP\x64\

1049 [Correcto]

 Descomprimiendo archivos en C:\Program Files\Microsoft SQL Server\150\Setup Bootstrap\SQL2019\1049_RUS_LP\x64\1049\

license_Dev.rtf [Correcto]
license_Ent.rtf [Correcto]
license_ENTCORE.rtf [Correcto]
license_ENTCORE_OEM.rtf [Correcto]
license_Ent_OEM.rtf [Correcto]
license_Eval.rtf [Correcto]
license_Expr.rtf [Correcto]
license_Expr_SSDTBI.rtf [Correcto]
license_Std.rtf [Correcto]
license_Std_OEM.rtf [Correcto]
license_Web.rtf [Correcto]
license_Web_OEM.rtf [Correcto]
PythonLicense.rtf [Correcto]
Readme.htm [Correcto]
ROpenLicense.rtf [Correcto]
ThirdPartyNotices.txt [Correcto]

 Descomprimiendo archivos en C:\Program Files\Microsoft SQL Server\150\Setup Bootstrap\SQL2019\2052_CHS_LP\

x64 [Correcto]

 Descomprimiendo archivos en C:\Program Files\Microsoft SQL Server\150\Setup Bootstrap\SQL2019\2052_CHS_LP\x64\

2052 [Correcto]

 Descomprimiendo archivos en C:\Program Files\Microsoft SQL Server\150\Setup Bootstrap\SQL2019\2052_CHS_LP\x64\2052\

license_Dev.rtf [Correcto]
license_Ent.rtf [Correcto]
license_ENTCORE.rtf [Correcto]
license_ENTCORE_OEM.rtf [Correcto]
license_Ent_OEM.rtf [Correcto]
license_Eval.rtf [Correcto]
license_Expr.rtf [Correcto]
license_Expr_SSDTBI.rtf [Correcto]
license_Std.rtf [Correcto]
license_Std_OEM.rtf [Correcto]
license_Web.rtf [Correcto]
license_Web_OEM.rtf [Correcto]
PythonLicense.rtf [Correcto]
Readme.htm [Correcto]
ROpenLicense.rtf [Correcto]
ThirdPartyNotices.txt [Correcto]

 Descomprimiendo archivos en C:\Program Files\Microsoft SQL Server\150\Setup Bootstrap\SQL2019\3082_ESN_LP\

x64 [Correcto]

 Descomprimiendo archivos en C:\Program Files\Microsoft SQL Server\150\Setup Bootstrap\SQL2019\3082_ESN_LP\x64\

3082 [Correcto]

 Descomprimiendo archivos en C:\Program Files\Microsoft SQL Server\150\Setup Bootstrap\SQL2019\3082_ESN_LP\x64\3082\

license_Dev.rtf [Correcto]
license_Ent.rtf [Correcto]
license_ENTCORE.rtf [Correcto]
license_ENTCORE_OEM.rtf [Correcto]
license_Ent_OEM.rtf [Correcto]
license_Eval.rtf [Correcto]
license_Expr.rtf [Correcto]
license_Expr_SSDTBI.rtf [Correcto]
license_Std.rtf [Correcto]
license_Std_OEM.rtf [Correcto]
license_Web.rtf [Correcto]
license_Web_OEM.rtf [Correcto]
PythonLicense.rtf [Correcto]
Readme.htm [Correcto]
ROpenLicense.rtf [Correcto]
ThirdPartyNotices.txt [Correcto]

 Descomprimiendo archivos en C:\Program Files\Microsoft SQL Server\150\Setup Bootstrap\SQL2019\Resources\

1028 [Correcto]
1031 [Correcto]
1033 [Correcto]
1036 [Correcto]
1040 [Correcto]
1041 [Correcto]
1042 [Correcto]
1046 [Correcto]
1049 [Correcto]
2052 [Correcto]
3082 [Correcto]

 Descomprimiendo archivos en C:\Program Files\Microsoft SQL Server\150\Setup Bootstrap\SQL2019\Resources\1028\

setup.rll [Correcto]

 Descomprimiendo archivos en C:\Program Files\Microsoft SQL Server\150\Setup Bootstrap\SQL2019\Resources\1031\

setup.rll [Correcto]

 Descomprimiendo archivos en C:\Program Files\Microsoft SQL Server\150\Setup Bootstrap\SQL2019\Resources\1033\

setup.rll [Correcto]

 Descomprimiendo archivos en C:\Program Files\Microsoft SQL Server\150\Setup Bootstrap\SQL2019\Resources\1036\

setup.rll [Correcto]

 Descomprimiendo archivos en C:\Program Files\Microsoft SQL Server\150\Setup Bootstrap\SQL2019\Resources\1040\

setup.rll [Correcto]

 Descomprimiendo archivos en C:\Program Files\Microsoft SQL Server\150\Setup Bootstrap\SQL2019\Resources\1041\

setup.rll [Correcto]

 Descomprimiendo archivos en C:\Program Files\Microsoft SQL Server\150\Setup Bootstrap\SQL2019\Resources\1042\

setup.rll [Correcto]

 Descomprimiendo archivos en C:\Program Files\Microsoft SQL Server\150\Setup Bootstrap\SQL2019\Resources\1046\

setup.rll [Correcto]

 Descomprimiendo archivos en C:\Program Files\Microsoft SQL Server\150\Setup Bootstrap\SQL2019\Resources\1049\

setup.rll [Correcto]

 Descomprimiendo archivos en C:\Program Files\Microsoft SQL Server\150\Setup Bootstrap\SQL2019\Resources\2052\

setup.rll [Correcto]

 Descomprimiendo archivos en C:\Program Files\Microsoft SQL Server\150\Setup Bootstrap\SQL2019\Resources\3082\

setup.rll [Correcto]

 Descomprimiendo archivos en C:\Program Files\Microsoft SQL Server\150\Setup Bootstrap\SQL2019\x64\

AddNode.xml [Correcto]
CompleteClusterWizard.xml [Correcto]
CompleteImageWizard.xml [Correcto]
ComponentUpdate.xml [Correcto]
configuration.uicfg [Correcto]
de [Correcto]
EditionUpgradeWizard.xml [Correcto]
es [Correcto]
FixSqlRegistryKey_x64.exe [Correcto]
FixSqlRegistryKey_x64.exe.config [Correcto]
FixSqlRegistryKey_x86.exe [Correcto]
FixSqlRegistryKey_x86.exe.config [Correcto]
fr [Correcto]
InstallClusterWizard.xml [Correcto]
InstallWizard.xml [Correcto]
it [Correcto]
ja [Correcto]
ko [Correcto]
LandingPage.exe [Correcto]
LandingPage.exe.config [Correcto]
Microsoft.AnalysisServices.Core.DLL [Correcto]
Microsoft.AnalysisServices.DLL [Correcto]
Microsoft.AnalysisServices.SPClient.Interfaces.dll [Correcto]
Microsoft.AnalysisServices.Tabular.DLL [Correcto]
Microsoft.AnalysisServices.Tabular.Json.DLL [Correcto]
Microsoft.Diagnostics.Tracing.EventSource.dll [Correcto]
Microsoft.SQL.Chainer.Package.dll [Correcto]
Microsoft.SQL.Chainer.Package.XmlSerializers.dll [Correcto]
Microsoft.SQL.Chainer.PackageData.dll [Correcto]
Microsoft.SQL.Chainer.Product.dll [Correcto]
Microsoft.SQL.Chainer.Product.XmlSerializers.dll [Correcto]
Microsoft.SqlServer.Chainer.ExtensionCommon.dll [Correcto]
Microsoft.SqlServer.Chainer.ExtensionCommon.XmlSerializers.dll [Correcto]
Microsoft.SqlServer.Chainer.Infrastructure.dll [Correcto]
Microsoft.SqlServer.Chainer.Infrastructure.XmlSerializers.dll [Correcto]
Microsoft.SqlServer.Chainer.WorkflowData.dll [Correcto]
Microsoft.SqlServer.Chainer.WorkflowData.XmlSerializers.dll [Correcto]
Microsoft.SqlServer.Configuration.AgentExtension.dll [Correcto]
Microsoft.SqlServer.Configuration.ASExtension.dll [Correcto]
Microsoft.SqlServer.Configuration.ASTelemetryExtension.dll [Correcto]
Microsoft.SqlServer.Configuration.BootstrapExtension.dll [Correcto]
Microsoft.SqlServer.Configuration.BootstrapExtension.XmlSerializers.dll [Correcto]
Microsoft.SqlServer.Configuration.Cluster.dll [Correcto]
Microsoft.SqlServer.Configuration.Cluster.XmlSerializers.dll [Correcto]
Microsoft.SqlServer.Configuration.ConfigExtension.dll [Correcto]
Microsoft.SqlServer.Configuration.ConfigExtension.XmlSerializers.dll [Correcto]
Microsoft.SqlServer.Configuration.DistributedReplayExtension.dll [Correcto]
Microsoft.SqlServer.Configuration.dll [Correcto]
Microsoft.SqlServer.Configuration.Extensibility_ConfigExtension.dll [Correcto]
Microsoft.SqlServer.Configuration.Fulltext_ConfigExtension.dll [Correcto]
Microsoft.SqlServer.Configuration.IMPY_ConfigExtension.dll [Correcto]
Microsoft.SqlServer.Configuration.IMR_ConfigExtension.dll [Correcto]
Microsoft.SqlServer.Configuration.InstallWizard.dll [Correcto]
Microsoft.SqlServer.Configuration.InstallWizardFramework.dll [Correcto]
Microsoft.SqlServer.Configuration.InstallWizardFramework.XmlSerializers.dll [Correcto]
Microsoft.SqlServer.Configuration.ISMasterExtension.dll [Correcto]
Microsoft.SqlServer.Configuration.ISTelemetryConfigExtension.dll [Correcto]
Microsoft.SqlServer.Configuration.ISWorkerExtension.dll [Correcto]
Microsoft.SqlServer.Configuration.ManagementToolsExtension.dll [Correcto]
Microsoft.SqlServer.Configuration.MsiExtension.dll [Correcto]
Microsoft.SqlServer.Configuration.MsiExtension.XmlSerializers.dll [Correcto]
Microsoft.SqlServer.Configuration.PolybaseConfigExtension.dll [Correcto]
Microsoft.SqlServer.Configuration.PolybaseJavaConfigExtension.dll [Correcto]
Microsoft.SqlServer.Configuration.PowershellExtension.dll [Correcto]
Microsoft.SqlServer.Configuration.Repl_ConfigExtension.dll [Correcto]
Microsoft.SqlServer.Configuration.RSExtension.dll [Correcto]
Microsoft.SqlServer.Configuration.RulesEngineExtension.dll [Correcto]
Microsoft.SqlServer.Configuration.RulesEngineExtension.XmlSerializers.dll [Correcto]
Microsoft.SqlServer.Configuration.SAA_ConfigExtension.dll [Correcto]
Microsoft.SqlServer.Configuration.Sco.dll [Correcto]
Microsoft.SqlServer.Configuration.Sco.XmlSerializers.dll [Correcto]
Microsoft.SqlServer.Configuration.ScoExtension.dll [Correcto]
Microsoft.SqlServer.Configuration.ScoExtension.XmlSerializers.dll [Correcto]
Microsoft.SqlServer.Configuration.SetupExtension.dll [Correcto]
Microsoft.SqlServer.Configuration.SetupExtension.XmlSerializers.dll [Correcto]
Microsoft.SqlServer.Configuration.SlpExtension.dll [Correcto]
Microsoft.SqlServer.Configuration.SmartSetupExtension.dll [Correcto]
Microsoft.SqlServer.Configuration.SmartSetupExtension.XmlSerializers.dll [Correcto]
Microsoft.SqlServer.Configuration.SMPY_ConfigExtension.dll [Correcto]
Microsoft.SqlServer.Configuration.SMR_ConfigExtension.dll [Correcto]
Microsoft.SqlServer.Configuration.SniServerConfigExt.dll [Correcto]
Microsoft.SqlServer.Configuration.SqlBrowserExtension.dll [Correcto]
Microsoft.SqlServer.Configuration.SqlConfigBase.dll [Correcto]
Microsoft.SqlServer.Configuration.SqlConfigBase.XmlSerializers.dll [Correcto]
Microsoft.SqlServer.Configuration.SqlServer_ConfigExtension.dll [Correcto]
Microsoft.SqlServer.Configuration.SSISExtension.dll [Correcto]
Microsoft.SqlServer.Configuration.TelemetryConfigExtension.dll [Correcto]
Microsoft.SqlServer.Configuration.UIExtension.dll [Correcto]
Microsoft.SqlServer.Configuration.UIExtension.XmlSerializers.dll [Correcto]
Microsoft.SqlServer.Configuration.UtilityExtension.dll [Correcto]
Microsoft.SqlServer.Configuration.WizardFramework.dll [Correcto]
Microsoft.SqlServer.Configuration.WizardFramework.XmlSerializers.dll [Correcto]
Microsoft.SqlServer.Configuration.WMIInterop.dll [Correcto]
Microsoft.SqlServer.Configuration.XmlSerializers.dll [Correcto]
Microsoft.SqlServer.Configuration.XTP.ConfigExtension.dll [Correcto]
Microsoft.SqlServer.ConnectionInfo.dll [Correcto]
Microsoft.SqlServer.CustomControls.dll [Correcto]
Microsoft.SqlServer.DataWarehouse.WorkloadDeployment.dll [Correcto]
Microsoft.SqlServer.Deployment.dll [Correcto]
Microsoft.SqlServer.Deployment.XmlSerializers.dll [Correcto]
Microsoft.SqlServer.Diagnostics.STrace.dll [Correcto]
Microsoft.SqlServer.Discovery.dll [Correcto]
Microsoft.SqlServer.Discovery.XmlSerializers.dll [Correcto]
Microsoft.SqlServer.Dmf.Common.dll [Correcto]
Microsoft.SqlServer.Dmf.dll [Correcto]
Microsoft.SqlServer.InstApi.dll [Correcto]
Microsoft.SqlServer.Interop.FirewallApi.dll [Correcto]
Microsoft.SqlServer.Interop.taskschd.dll [Correcto]
Microsoft.SqlServer.Interop.WUApiLib.dll [Correcto]
Microsoft.SqlServer.Management.Controls.dll [Correcto]
Microsoft.SqlServer.Management.Sdk.Sfc.dll [Correcto]
Microsoft.SqlServer.Setup.Chainer.Workflow.dll [Correcto]
Microsoft.SqlServer.Smo.dll [Correcto]
Microsoft.SqlServer.SqlClrProvider.dll [Correcto]
Microsoft.SqlServer.SqlEnum.dll [Correcto]
Microsoft.SqlServer.SqlTDiagM.dll [Correcto]
Microsoft.SqlServer.SString.dll [Correcto]
msvcp140.dll [Correcto]
msvcp140_1.dll [Correcto]
Newtonsoft.Json.dll [Correcto]
Package.xsd [Correcto]
pidgenx.dll [Correcto]
PidPrivateConfigObjectMaps.xml [Correcto]
PrepareClusterWizard.xml [Correcto]
PrepareImageWizard.xml [Correcto]
pt [Correcto]
RemoveNode.xml [Correcto]
RepairWizard.xml [Correcto]
RSetup.exe [Correcto]
ru [Correcto]
RunRulesUI.xml [Correcto]
ScenarioEngine.exe [Correcto]
ScenarioEngine.exe.config [Correcto]
SetupARP.exe [Correcto]
SetupARP.exe.config [Correcto]
ShellObjects.dll [Correcto]
sqlboot.dll [Correcto]
sqlcab.dll [Correcto]
sqlconf.dll [Correcto]
Sqlmu.dll [Correcto]
sqlsccn.dll [Correcto]
UninstallWizard.xml [Correcto]
UpgradeWizard.xml [Correcto]
vccorlib140.dll [Correcto]
vcruntime140.dll [Correcto]
zh-CHS [Correcto]
zh-CHT [Correcto]
zh-Hans [Correcto]
zh-Hant [Correcto]

 Descomprimiendo archivos en C:\Program Files\Microsoft SQL Server\150\Setup Bootstrap\SQL2019\x64\de\

LandingPage.Resources.dll [Correcto]
Microsoft.AnalysisServices.Core.resources.dll [Correcto]
Microsoft.AnalysisServices.resources.dll [Correcto]
Microsoft.AnalysisServices.Tabular.resources.dll [Correcto]
Microsoft.SQL.Chainer.Package.Resources.dll [Correcto]
Microsoft.SQL.Chainer.PackageData.Resources.dll [Correcto]
Microsoft.SQL.Chainer.Product.Resources.dll [Correcto]
Microsoft.SqlServer.Chainer.ExtensionCommon.Resources.dll [Correcto]
Microsoft.SqlServer.Chainer.Infrastructure.Resources.dll [Correcto]
Microsoft.SqlServer.Chainer.Setup.Resources.dll [Correcto]
Microsoft.SqlServer.Configuration.AgentExtension.Resources.dll [Correcto]
Microsoft.SqlServer.Configuration.ASExtension.resources.dll [Correcto]
Microsoft.SqlServer.Configuration.ASTelemetryExtension.Resources.dll [Correcto]
Microsoft.SqlServer.Configuration.BootstrapExtension.Resources.dll [Correcto]
Microsoft.SqlServer.Configuration.Cluster.resources.dll [Correcto]
Microsoft.SqlServer.Configuration.ConfigExtension.Resources.dll [Correcto]
Microsoft.SqlServer.Configuration.DistributedReplayExtension.Resources.dll [Correcto]
Microsoft.SqlServer.Configuration.Extensibility_ConfigExtension.Resources.dll [Correcto]
Microsoft.SqlServer.Configuration.fulltext_ConfigExtension.Resources.dll [Correcto]
Microsoft.SqlServer.Configuration.IMPY_ConfigExtension.Resources.dll [Correcto]
Microsoft.SqlServer.Configuration.IMR_ConfigExtension.Resources.dll [Correcto]
Microsoft.SqlServer.Configuration.InstallWizard.Resources.dll [Correcto]
Microsoft.SqlServer.Configuration.InstallWizardFramework.Resources.dll [Correcto]
Microsoft.SqlServer.Configuration.ISMasterExtension.Resources.dll [Correcto]
Microsoft.SqlServer.Configuration.ISWorkerExtension.Resources.dll [Correcto]
Microsoft.SqlServer.Configuration.ManagementToolsExtension.Resources.dll [Correcto]
Microsoft.SqlServer.Configuration.MsiExtension.Resources.dll [Correcto]
Microsoft.SqlServer.Configuration.PolybaseConfigExtension.Resources.dll [Correcto]
Microsoft.SqlServer.Configuration.PolybaseJavaConfigExtension.Resources.dll [Correcto]
Microsoft.SqlServer.Configuration.PowershellExtension.Resources.dll [Correcto]
Microsoft.SqlServer.Configuration.Repl_ConfigExtension.resources.dll [Correcto]
Microsoft.SqlServer.Configuration.Resources.dll [Correcto]
Microsoft.SqlServer.Configuration.RSExtension.resources.dll [Correcto]
Microsoft.SqlServer.Configuration.RulesEngineExtension.Resources.dll [Correcto]
Microsoft.SqlServer.Configuration.SAA_ConfigExtension.Resources.dll [Correcto]
Microsoft.SqlServer.Configuration.Sco.Resources.dll [Correcto]
Microsoft.SqlServer.Configuration.ScoExtension.Resources.dll [Correcto]
Microsoft.SqlServer.Configuration.SetupExtension.Resources.dll [Correcto]
Microsoft.SqlServer.Configuration.SlpExtension.Resources.dll [Correcto]
Microsoft.SqlServer.Configuration.SmartSetupExtension.Resources.dll [Correcto]
Microsoft.SqlServer.Configuration.SMPY_ConfigExtension.Resources.dll [Correcto]
Microsoft.SqlServer.Configuration.SMR_ConfigExtension.Resources.dll [Correcto]
Microsoft.SqlServer.Configuration.SniServerConfigExt.Resources.dll [Correcto]
Microsoft.SqlServer.Configuration.SqlBrowserExtension.Resources.dll [Correcto]
Microsoft.SqlServer.Configuration.SqlConfigBase.Resources.dll [Correcto]
Microsoft.SqlServer.Configuration.SqlServer_ConfigExtension.Resources.dll [Correcto]
Microsoft.SqlServer.Configuration.SSISExtension.Resources.dll [Correcto]
Microsoft.SqlServer.Configuration.TelemetryConfigExtension.Resources.dll [Correcto]
Microsoft.SqlServer.Configuration.UIExtension.Resources.dll [Correcto]
Microsoft.SqlServer.Configuration.UtilityExtension.Resources.dll [Correcto]
Microsoft.SqlServer.Configuration.WizardFramework.Resources.dll [Correcto]
Microsoft.SqlServer.Configuration.XTP.ConfigExtension.resources.dll [Correcto]
Microsoft.SqlServer.ConnectionInfo.Resources.dll [Correcto]
Microsoft.SqlServer.Deployment.Resources.dll [Correcto]
Microsoft.SqlServer.Discovery.Resources.dll [Correcto]
Microsoft.SqlServer.Dmf.Common.Resources.dll [Correcto]
Microsoft.SqlServer.Dmf.Resources.dll [Correcto]
Microsoft.SqlServer.Management.Controls.resources.dll [Correcto]
Microsoft.SqlServer.Management.Sdk.Sfc.Resources.dll [Correcto]
Microsoft.SqlServer.Setup.Chainer.Workflow.Resources.dll [Correcto]
Microsoft.SqlServer.Smo.Resources.dll [Correcto]
Microsoft.SqlServer.SqlEnum.Resources.dll [Correcto]
SetupARP.Resources.dll [Correcto]

 Descomprimiendo archivos en C:\Program Files\Microsoft SQL Server\150\Setup Bootstrap\SQL2019\x64\es\

LandingPage.Resources.dll [Correcto]
Microsoft.AnalysisServices.Core.resources.dll [Correcto]
Microsoft.AnalysisServices.resources.dll [Correcto]
Microsoft.AnalysisServices.Tabular.resources.dll [Correcto]
Microsoft.SQL.Chainer.Package.Resources.dll [Correcto]
Microsoft.SQL.Chainer.PackageData.Resources.dll [Correcto]
Microsoft.SQL.Chainer.Product.Resources.dll [Correcto]
Microsoft.SqlServer.Chainer.ExtensionCommon.Resources.dll [Correcto]
Microsoft.SqlServer.Chainer.Infrastructure.Resources.dll [Correcto]
Microsoft.SqlServer.Chainer.Setup.Resources.dll [Correcto]
Microsoft.SqlServer.Configuration.AgentExtension.Resources.dll [Correcto]
Microsoft.SqlServer.Configuration.ASExtension.resources.dll [Correcto]
Microsoft.SqlServer.Configuration.ASTelemetryExtension.Resources.dll [Correcto]
Microsoft.SqlServer.Configuration.BootstrapExtension.Resources.dll [Correcto]
Microsoft.SqlServer.Configuration.Cluster.resources.dll [Correcto]
Microsoft.SqlServer.Configuration.ConfigExtension.Resources.dll [Correcto]
Microsoft.SqlServer.Configuration.DistributedReplayExtension.Resources.dll [Correcto]
Microsoft.SqlServer.Configuration.Extensibility_ConfigExtension.Resources.dll [Correcto]
Microsoft.SqlServer.Configuration.fulltext_ConfigExtension.Resources.dll [Correcto]
Microsoft.SqlServer.Configuration.IMPY_ConfigExtension.Resources.dll [Correcto]
Microsoft.SqlServer.Configuration.IMR_ConfigExtension.Resources.dll [Correcto]
Microsoft.SqlServer.Configuration.InstallWizard.Resources.dll [Correcto]
Microsoft.SqlServer.Configuration.InstallWizardFramework.Resources.dll [Correcto]
Microsoft.SqlServer.Configuration.ISMasterExtension.Resources.dll [Correcto]
Microsoft.SqlServer.Configuration.ISWorkerExtension.Resources.dll [Correcto]
Microsoft.SqlServer.Configuration.ManagementToolsExtension.Resources.dll [Correcto]
Microsoft.SqlServer.Configuration.MsiExtension.Resources.dll [Correcto]
Microsoft.SqlServer.Configuration.PolybaseConfigExtension.Resources.dll [Correcto]
Microsoft.SqlServer.Configuration.PolybaseJavaConfigExtension.Resources.dll [Correcto]
Microsoft.SqlServer.Configuration.PowershellExtension.Resources.dll [Correcto]
Microsoft.SqlServer.Configuration.Repl_ConfigExtension.resources.dll [Correcto]
Microsoft.SqlServer.Configuration.Resources.dll [Correcto]
Microsoft.SqlServer.Configuration.RSExtension.resources.dll [Correcto]
Microsoft.SqlServer.Configuration.RulesEngineExtension.Resources.dll [Correcto]
Microsoft.SqlServer.Configuration.SAA_ConfigExtension.Resources.dll [Correcto]
Microsoft.SqlServer.Configuration.Sco.Resources.dll [Correcto]
Microsoft.SqlServer.Configuration.ScoExtension.Resources.dll [Correcto]
Microsoft.SqlServer.Configuration.SetupExtension.Resources.dll [Correcto]
Microsoft.SqlServer.Configuration.SlpExtension.Resources.dll [Correcto]
Microsoft.SqlServer.Configuration.SmartSetupExtension.Resources.dll [Correcto]
Microsoft.SqlServer.Configuration.SMPY_ConfigExtension.Resources.dll [Correcto]
Microsoft.SqlServer.Configuration.SMR_ConfigExtension.Resources.dll [Correcto]
Microsoft.SqlServer.Configuration.SniServerConfigExt.Resources.dll [Correcto]
Microsoft.SqlServer.Configuration.SqlBrowserExtension.Resources.dll [Correcto]
Microsoft.SqlServer.Configuration.SqlConfigBase.Resources.dll [Correcto]
Microsoft.SqlServer.Configuration.SqlServer_ConfigExtension.Resources.dll [Correcto]
Microsoft.SqlServer.Configuration.SSISExtension.Resources.dll [Correcto]
Microsoft.SqlServer.Configuration.TelemetryConfigExtension.Resources.dll [Correcto]
Microsoft.SqlServer.Configuration.UIExtension.Resources.dll [Correcto]
Microsoft.SqlServer.Configuration.UtilityExtension.Resources.dll [Correcto]
Microsoft.SqlServer.Configuration.WizardFramework.Resources.dll [Correcto]
Microsoft.SqlServer.Configuration.XTP.ConfigExtension.resources.dll [Correcto]
Microsoft.SqlServer.ConnectionInfo.Resources.dll [Correcto]
Microsoft.SqlServer.Deployment.Resources.dll [Correcto]
Microsoft.SqlServer.Discovery.Resources.dll [Correcto]
Microsoft.SqlServer.Dmf.Common.Resources.dll [Correcto]
Microsoft.SqlServer.Dmf.Resources.dll [Correcto]
Microsoft.SqlServer.Management.Controls.resources.dll [Correcto]
Microsoft.SqlServer.Management.Sdk.Sfc.Resources.dll [Correcto]
Microsoft.SqlServer.Setup.Chainer.Workflow.Resources.dll [Correcto]
Microsoft.SqlServer.Smo.Resources.dll [Correcto]
Microsoft.SqlServer.SqlEnum.Resources.dll [Correcto]
SetupARP.Resources.dll [Correcto]

 Descomprimiendo archivos en C:\Program Files\Microsoft SQL Server\150\Setup Bootstrap\SQL2019\x64\fr\

LandingPage.Resources.dll [Correcto]
Microsoft.AnalysisServices.Core.resources.dll [Correcto]
Microsoft.AnalysisServices.resources.dll [Correcto]
Microsoft.AnalysisServices.Tabular.resources.dll [Correcto]
Microsoft.SQL.Chainer.Package.Resources.dll [Correcto]
Microsoft.SQL.Chainer.PackageData.Resources.dll [Correcto]
Microsoft.SQL.Chainer.Product.Resources.dll [Correcto]
Microsoft.SqlServer.Chainer.ExtensionCommon.Resources.dll [Correcto]
Microsoft.SqlServer.Chainer.Infrastructure.Resources.dll [Correcto]
Microsoft.SqlServer.Chainer.Setup.Resources.dll [Correcto]
Microsoft.SqlServer.Configuration.AgentExtension.Resources.dll [Correcto]
Microsoft.SqlServer.Configuration.ASExtension.resources.dll [Correcto]
Microsoft.SqlServer.Configuration.ASTelemetryExtension.Resources.dll [Correcto]
Microsoft.SqlServer.Configuration.BootstrapExtension.Resources.dll [Correcto]
Microsoft.SqlServer.Configuration.Cluster.resources.dll [Correcto]
Microsoft.SqlServer.Configuration.ConfigExtension.Resources.dll [Correcto]
Microsoft.SqlServer.Configuration.DistributedReplayExtension.Resources.dll [Correcto]
Microsoft.SqlServer.Configuration.Extensibility_ConfigExtension.Resources.dll [Correcto]
Microsoft.SqlServer.Configuration.fulltext_ConfigExtension.Resources.dll [Correcto]
Microsoft.SqlServer.Configuration.IMPY_ConfigExtension.Resources.dll [Correcto]
Microsoft.SqlServer.Configuration.IMR_ConfigExtension.Resources.dll [Correcto]
Microsoft.SqlServer.Configuration.InstallWizard.Resources.dll [Correcto]
Microsoft.SqlServer.Configuration.InstallWizardFramework.Resources.dll [Correcto]
Microsoft.SqlServer.Configuration.ISMasterExtension.Resources.dll [Correcto]
Microsoft.SqlServer.Configuration.ISWorkerExtension.Resources.dll [Correcto]
Microsoft.SqlServer.Configuration.ManagementToolsExtension.Resources.dll [Correcto]
Microsoft.SqlServer.Configuration.MsiExtension.Resources.dll [Correcto]
Microsoft.SqlServer.Configuration.PolybaseConfigExtension.Resources.dll [Correcto]
Microsoft.SqlServer.Configuration.PolybaseJavaConfigExtension.Resources.dll [Correcto]
Microsoft.SqlServer.Configuration.PowershellExtension.Resources.dll [Correcto]
Microsoft.SqlServer.Configuration.Repl_ConfigExtension.resources.dll [Correcto]
Microsoft.SqlServer.Configuration.Resources.dll [Correcto]
Microsoft.SqlServer.Configuration.RSExtension.resources.dll [Correcto]
Microsoft.SqlServer.Configuration.RulesEngineExtension.Resources.dll [Correcto]
Microsoft.SqlServer.Configuration.SAA_ConfigExtension.Resources.dll [Correcto]
Microsoft.SqlServer.Configuration.Sco.Resources.dll [Correcto]
Microsoft.SqlServer.Configuration.ScoExtension.Resources.dll [Correcto]
Microsoft.SqlServer.Configuration.SetupExtension.Resources.dll [Correcto]
Microsoft.SqlServer.Configuration.SlpExtension.Resources.dll [Correcto]
Microsoft.SqlServer.Configuration.SmartSetupExtension.Resources.dll [Correcto]
Microsoft.SqlServer.Configuration.SMPY_ConfigExtension.Resources.dll [Correcto]
Microsoft.SqlServer.Configuration.SMR_ConfigExtension.Resources.dll [Correcto]
Microsoft.SqlServer.Configuration.SniServerConfigExt.Resources.dll [Correcto]
Microsoft.SqlServer.Configuration.SqlBrowserExtension.Resources.dll [Correcto]
Microsoft.SqlServer.Configuration.SqlConfigBase.Resources.dll [Correcto]
Microsoft.SqlServer.Configuration.SqlServer_ConfigExtension.Resources.dll [Correcto]
Microsoft.SqlServer.Configuration.SSISExtension.Resources.dll [Correcto]
Microsoft.SqlServer.Configuration.TelemetryConfigExtension.Resources.dll [Correcto]
Microsoft.SqlServer.Configuration.UIExtension.Resources.dll [Correcto]
Microsoft.SqlServer.Configuration.UtilityExtension.Resources.dll [Correcto]
Microsoft.SqlServer.Configuration.WizardFramework.Resources.dll [Correcto]
Microsoft.SqlServer.Configuration.XTP.ConfigExtension.resources.dll [Correcto]
Microsoft.SqlServer.ConnectionInfo.Resources.dll [Correcto]
Microsoft.SqlServer.Deployment.Resources.dll [Correcto]
Microsoft.SqlServer.Discovery.Resources.dll [Correcto]
Microsoft.SqlServer.Dmf.Common.Resources.dll [Correcto]
Microsoft.SqlServer.Dmf.Resources.dll [Correcto]
Microsoft.SqlServer.Management.Controls.resources.dll [Correcto]
Microsoft.SqlServer.Management.Sdk.Sfc.Resources.dll [Correcto]
Microsoft.SqlServer.Setup.Chainer.Workflow.Resources.dll [Correcto]
Microsoft.SqlServer.Smo.Resources.dll [Correcto]
Microsoft.SqlServer.SqlEnum.Resources.dll [Correcto]
SetupARP.Resources.dll [Correcto]

 Descomprimiendo archivos en C:\Program Files\Microsoft SQL Server\150\Setup Bootstrap\SQL2019\x64\it\

LandingPage.Resources.dll [Correcto]
Microsoft.AnalysisServices.Core.resources.dll [Correcto]
Microsoft.AnalysisServices.resources.dll [Correcto]
Microsoft.AnalysisServices.Tabular.resources.dll [Correcto]
Microsoft.SQL.Chainer.Package.Resources.dll [Correcto]
Microsoft.SQL.Chainer.PackageData.Resources.dll [Correcto]
Microsoft.SQL.Chainer.Product.Resources.dll [Correcto]
Microsoft.SqlServer.Chainer.ExtensionCommon.Resources.dll [Correcto]
Microsoft.SqlServer.Chainer.Infrastructure.Resources.dll [Correcto]
Microsoft.SqlServer.Chainer.Setup.Resources.dll [Correcto]
Microsoft.SqlServer.Configuration.AgentExtension.Resources.dll [Correcto]
Microsoft.SqlServer.Configuration.ASExtension.resources.dll [Correcto]
Microsoft.SqlServer.Configuration.ASTelemetryExtension.Resources.dll [Correcto]
Microsoft.SqlServer.Configuration.BootstrapExtension.Resources.dll [Correcto]
Microsoft.SqlServer.Configuration.Cluster.resources.dll [Correcto]
Microsoft.SqlServer.Configuration.ConfigExtension.Resources.dll [Correcto]
Microsoft.SqlServer.Configuration.DistributedReplayExtension.Resources.dll [Correcto]
Microsoft.SqlServer.Configuration.Extensibility_ConfigExtension.Resources.dll [Correcto]
Microsoft.SqlServer.Configuration.fulltext_ConfigExtension.Resources.dll [Correcto]
Microsoft.SqlServer.Configuration.IMPY_ConfigExtension.Resources.dll [Correcto]
Microsoft.SqlServer.Configuration.IMR_ConfigExtension.Resources.dll [Correcto]
Microsoft.SqlServer.Configuration.InstallWizard.Resources.dll [Correcto]
Microsoft.SqlServer.Configuration.InstallWizardFramework.Resources.dll [Correcto]
Microsoft.SqlServer.Configuration.ISMasterExtension.Resources.dll [Correcto]
Microsoft.SqlServer.Configuration.ISWorkerExtension.Resources.dll [Correcto]
Microsoft.SqlServer.Configuration.ManagementToolsExtension.Resources.dll [Correcto]
Microsoft.SqlServer.Configuration.MsiExtension.Resources.dll [Correcto]
Microsoft.SqlServer.Configuration.PolybaseConfigExtension.Resources.dll [Correcto]
Microsoft.SqlServer.Configuration.PolybaseJavaConfigExtension.Resources.dll [Correcto]
Microsoft.SqlServer.Configuration.PowershellExtension.Resources.dll [Correcto]
Microsoft.SqlServer.Configuration.Repl_ConfigExtension.resources.dll [Correcto]
Microsoft.SqlServer.Configuration.Resources.dll [Correcto]
Microsoft.SqlServer.Configuration.RSExtension.resources.dll [Correcto]
Microsoft.SqlServer.Configuration.RulesEngineExtension.Resources.dll [Correcto]
Microsoft.SqlServer.Configuration.SAA_ConfigExtension.Resources.dll [Correcto]
Microsoft.SqlServer.Configuration.Sco.Resources.dll [Correcto]
Microsoft.SqlServer.Configuration.ScoExtension.Resources.dll [Correcto]
Microsoft.SqlServer.Configuration.SetupExtension.Resources.dll [Correcto]
Microsoft.SqlServer.Configuration.SlpExtension.Resources.dll [Correcto]
Microsoft.SqlServer.Configuration.SmartSetupExtension.Resources.dll [Correcto]
Microsoft.SqlServer.Configuration.SMPY_ConfigExtension.Resources.dll [Correcto]
Microsoft.SqlServer.Configuration.SMR_ConfigExtension.Resources.dll [Correcto]
Microsoft.SqlServer.Configuration.SniServerConfigExt.Resources.dll [Correcto]
Microsoft.SqlServer.Configuration.SqlBrowserExtension.Resources.dll [Correcto]
Microsoft.SqlServer.Configuration.SqlConfigBase.Resources.dll [Correcto]
Microsoft.SqlServer.Configuration.SqlServer_ConfigExtension.Resources.dll [Correcto]
Microsoft.SqlServer.Configuration.SSISExtension.Resources.dll [Correcto]
Microsoft.SqlServer.Configuration.TelemetryConfigExtension.Resources.dll [Correcto]
Microsoft.SqlServer.Configuration.UIExtension.Resources.dll [Correcto]
Microsoft.SqlServer.Configuration.UtilityExtension.Resources.dll [Correcto]
Microsoft.SqlServer.Configuration.WizardFramework.Resources.dll [Correcto]
Microsoft.SqlServer.Configuration.XTP.ConfigExtension.resources.dll [Correcto]
Microsoft.SqlServer.ConnectionInfo.Resources.dll [Correcto]
Microsoft.SqlServer.Deployment.Resources.dll [Correcto]
Microsoft.SqlServer.Discovery.Resources.dll [Correcto]
Microsoft.SqlServer.Dmf.Common.Resources.dll [Correcto]
Microsoft.SqlServer.Dmf.Resources.dll [Correcto]
Microsoft.SqlServer.Management.Controls.resources.dll [Correcto]
Microsoft.SqlServer.Management.Sdk.Sfc.Resources.dll [Correcto]
Microsoft.SqlServer.Setup.Chainer.Workflow.Resources.dll [Correcto]
Microsoft.SqlServer.Smo.Resources.dll [Correcto]
Microsoft.SqlServer.SqlEnum.Resources.dll [Correcto]
SetupARP.Resources.dll [Correcto]

 Descomprimiendo archivos en C:\Program Files\Microsoft SQL Server\150\Setup Bootstrap\SQL2019\x64\ja\

LandingPage.Resources.dll [Correcto]
Microsoft.AnalysisServices.Core.resources.dll [Correcto]
Microsoft.AnalysisServices.resources.dll [Correcto]
Microsoft.AnalysisServices.Tabular.resources.dll [Correcto]
Microsoft.SQL.Chainer.Package.Resources.dll [Correcto]
Microsoft.SQL.Chainer.PackageData.Resources.dll [Correcto]
Microsoft.SQL.Chainer.Product.Resources.dll [Correcto]
Microsoft.SqlServer.Chainer.ExtensionCommon.Resources.dll [Correcto]
Microsoft.SqlServer.Chainer.Infrastructure.Resources.dll [Correcto]
Microsoft.SqlServer.Chainer.Setup.Resources.dll [Correcto]
Microsoft.SqlServer.Configuration.AgentExtension.Resources.dll [Correcto]
Microsoft.SqlServer.Configuration.ASExtension.resources.dll [Correcto]
Microsoft.SqlServer.Configuration.ASTelemetryExtension.Resources.dll [Correcto]
Microsoft.SqlServer.Configuration.BootstrapExtension.Resources.dll [Correcto]
Microsoft.SqlServer.Configuration.Cluster.resources.dll [Correcto]
Microsoft.SqlServer.Configuration.ConfigExtension.Resources.dll [Correcto]
Microsoft.SqlServer.Configuration.DistributedReplayExtension.Resources.dll [Correcto]
Microsoft.SqlServer.Configuration.Extensibility_ConfigExtension.Resources.dll [Correcto]
Microsoft.SqlServer.Configuration.fulltext_ConfigExtension.Resources.dll [Correcto]
Microsoft.SqlServer.Configuration.IMPY_ConfigExtension.Resources.dll [Correcto]
Microsoft.SqlServer.Configuration.IMR_ConfigExtension.Resources.dll [Correcto]
Microsoft.SqlServer.Configuration.InstallWizard.Resources.dll [Correcto]
Microsoft.SqlServer.Configuration.InstallWizardFramework.Resources.dll [Correcto]
Microsoft.SqlServer.Configuration.ISMasterExtension.Resources.dll [Correcto]
Microsoft.SqlServer.Configuration.ISWorkerExtension.Resources.dll [Correcto]
Microsoft.SqlServer.Configuration.ManagementToolsExtension.Resources.dll [Correcto]
Microsoft.SqlServer.Configuration.MsiExtension.Resources.dll [Correcto]
Microsoft.SqlServer.Configuration.PolybaseConfigExtension.Resources.dll [Correcto]
Microsoft.SqlServer.Configuration.PolybaseJavaConfigExtension.Resources.dll [Correcto]
Microsoft.SqlServer.Configuration.PowershellExtension.Resources.dll [Correcto]
Microsoft.SqlServer.Configuration.Repl_ConfigExtension.resources.dll [Correcto]
Microsoft.SqlServer.Configuration.Resources.dll [Correcto]
Microsoft.SqlServer.Configuration.RSExtension.resources.dll [Correcto]
Microsoft.SqlServer.Configuration.RulesEngineExtension.Resources.dll [Correcto]
Microsoft.SqlServer.Configuration.SAA_ConfigExtension.Resources.dll [Correcto]
Microsoft.SqlServer.Configuration.Sco.Resources.dll [Correcto]
Microsoft.SqlServer.Configuration.ScoExtension.Resources.dll [Correcto]
Microsoft.SqlServer.Configuration.SetupExtension.Resources.dll [Correcto]
Microsoft.SqlServer.Configuration.SlpExtension.Resources.dll [Correcto]
Microsoft.SqlServer.Configuration.SmartSetupExtension.Resources.dll [Correcto]
Microsoft.SqlServer.Configuration.SMPY_ConfigExtension.Resources.dll [Correcto]
Microsoft.SqlServer.Configuration.SMR_ConfigExtension.Resources.dll [Correcto]
Microsoft.SqlServer.Configuration.SniServerConfigExt.Resources.dll [Correcto]
Microsoft.SqlServer.Configuration.SqlBrowserExtension.Resources.dll [Correcto]
Microsoft.SqlServer.Configuration.SqlConfigBase.Resources.dll [Correcto]
Microsoft.SqlServer.Configuration.SqlServer_ConfigExtension.Resources.dll [Correcto]
Microsoft.SqlServer.Configuration.SSISExtension.Resources.dll [Correcto]
Microsoft.SqlServer.Configuration.TelemetryConfigExtension.Resources.dll [Correcto]
Microsoft.SqlServer.Configuration.UIExtension.Resources.dll [Correcto]
Microsoft.SqlServer.Configuration.UtilityExtension.Resources.dll [Correcto]
Microsoft.SqlServer.Configuration.WizardFramework.Resources.dll [Correcto]
Microsoft.SqlServer.Configuration.XTP.ConfigExtension.resources.dll [Correcto]
Microsoft.SqlServer.ConnectionInfo.Resources.dll [Correcto]
Microsoft.SqlServer.Deployment.Resources.dll [Correcto]
Microsoft.SqlServer.Discovery.Resources.dll [Correcto]
Microsoft.SqlServer.Dmf.Common.Resources.dll [Correcto]
Microsoft.SqlServer.Dmf.Resources.dll [Correcto]
Microsoft.SqlServer.Management.Controls.resources.dll [Correcto]
Microsoft.SqlServer.Management.Sdk.Sfc.Resources.dll [Correcto]
Microsoft.SqlServer.Setup.Chainer.Workflow.Resources.dll [Correcto]
Microsoft.SqlServer.Smo.Resources.dll [Correcto]
Microsoft.SqlServer.SqlEnum.Resources.dll [Correcto]
SetupARP.Resources.dll [Correcto]

 Descomprimiendo archivos en C:\Program Files\Microsoft SQL Server\150\Setup Bootstrap\SQL2019\x64\ko\

LandingPage.Resources.dll [Correcto]
Microsoft.AnalysisServices.Core.resources.dll [Correcto]
Microsoft.AnalysisServices.resources.dll [Correcto]
Microsoft.AnalysisServices.Tabular.resources.dll [Correcto]
Microsoft.SQL.Chainer.Package.Resources.dll [Correcto]
Microsoft.SQL.Chainer.PackageData.Resources.dll [Correcto]
Microsoft.SQL.Chainer.Product.Resources.dll [Correcto]
Microsoft.SqlServer.Chainer.ExtensionCommon.Resources.dll [Correcto]
Microsoft.SqlServer.Chainer.Infrastructure.Resources.dll [Correcto]
Microsoft.SqlServer.Chainer.Setup.Resources.dll [Correcto]
Microsoft.SqlServer.Configuration.AgentExtension.Resources.dll [Correcto]
Microsoft.SqlServer.Configuration.ASExtension.resources.dll [Correcto]
Microsoft.SqlServer.Configuration.ASTelemetryExtension.Resources.dll [Correcto]
Microsoft.SqlServer.Configuration.BootstrapExtension.Resources.dll [Correcto]
Microsoft.SqlServer.Configuration.Cluster.resources.dll [Correcto]
Microsoft.SqlServer.Configuration.ConfigExtension.Resources.dll [Correcto]
Microsoft.SqlServer.Configuration.DistributedReplayExtension.Resources.dll [Correcto]
Microsoft.SqlServer.Configuration.Extensibility_ConfigExtension.Resources.dll [Correcto]
Microsoft.SqlServer.Configuration.fulltext_ConfigExtension.Resources.dll [Correcto]
Microsoft.SqlServer.Configuration.IMPY_ConfigExtension.Resources.dll [Correcto]
Microsoft.SqlServer.Configuration.IMR_ConfigExtension.Resources.dll [Correcto]
Microsoft.SqlServer.Configuration.InstallWizard.Resources.dll [Correcto]
Microsoft.SqlServer.Configuration.InstallWizardFramework.Resources.dll [Correcto]
Microsoft.SqlServer.Configuration.ISMasterExtension.Resources.dll [Correcto]
Microsoft.SqlServer.Configuration.ISWorkerExtension.Resources.dll [Correcto]
Microsoft.SqlServer.Configuration.ManagementToolsExtension.Resources.dll [Correcto]
Microsoft.SqlServer.Configuration.MsiExtension.Resources.dll [Correcto]
Microsoft.SqlServer.Configuration.PolybaseConfigExtension.Resources.dll [Correcto]
Microsoft.SqlServer.Configuration.PolybaseJavaConfigExtension.Resources.dll [Correcto]
Microsoft.SqlServer.Configuration.PowershellExtension.Resources.dll [Correcto]
Microsoft.SqlServer.Configuration.Repl_ConfigExtension.resources.dll [Correcto]
Microsoft.SqlServer.Configuration.Resources.dll [Correcto]
Microsoft.SqlServer.Configuration.RSExtension.resources.dll [Correcto]
Microsoft.SqlServer.Configuration.RulesEngineExtension.Resources.dll [Correcto]
Microsoft.SqlServer.Configuration.SAA_ConfigExtension.Resources.dll [Correcto]
Microsoft.SqlServer.Configuration.Sco.Resources.dll [Correcto]
Microsoft.SqlServer.Configuration.ScoExtension.Resources.dll [Correcto]
Microsoft.SqlServer.Configuration.SetupExtension.Resources.dll [Correcto]
Microsoft.SqlServer.Configuration.SlpExtension.Resources.dll [Correcto]
Microsoft.SqlServer.Configuration.SmartSetupExtension.Resources.dll [Correcto]
Microsoft.SqlServer.Configuration.SMPY_ConfigExtension.Resources.dll [Correcto]
Microsoft.SqlServer.Configuration.SMR_ConfigExtension.Resources.dll [Correcto]
Microsoft.SqlServer.Configuration.SniServerConfigExt.Resources.dll [Correcto]
Microsoft.SqlServer.Configuration.SqlBrowserExtension.Resources.dll [Correcto]
Microsoft.SqlServer.Configuration.SqlConfigBase.Resources.dll [Correcto]
Microsoft.SqlServer.Configuration.SqlServer_ConfigExtension.Resources.dll [Correcto]
Microsoft.SqlServer.Configuration.SSISExtension.Resources.dll [Correcto]
Microsoft.SqlServer.Configuration.TelemetryConfigExtension.Resources.dll [Correcto]
Microsoft.SqlServer.Configuration.UIExtension.Resources.dll [Correcto]
Microsoft.SqlServer.Configuration.UtilityExtension.Resources.dll [Correcto]
Microsoft.SqlServer.Configuration.WizardFramework.Resources.dll [Correcto]
Microsoft.SqlServer.Configuration.XTP.ConfigExtension.resources.dll [Correcto]
Microsoft.SqlServer.ConnectionInfo.Resources.dll [Correcto]
Microsoft.SqlServer.Deployment.Resources.dll [Correcto]
Microsoft.SqlServer.Discovery.Resources.dll [Correcto]
Microsoft.SqlServer.Dmf.Common.Resources.dll [Correcto]
Microsoft.SqlServer.Dmf.Resources.dll [Correcto]
Microsoft.SqlServer.Management.Controls.resources.dll [Correcto]
Microsoft.SqlServer.Management.Sdk.Sfc.Resources.dll [Correcto]
Microsoft.SqlServer.Setup.Chainer.Workflow.Resources.dll [Correcto]
Microsoft.SqlServer.Smo.Resources.dll [Correcto]
Microsoft.SqlServer.SqlEnum.Resources.dll [Correcto]
SetupARP.Resources.dll [Correcto]

 Descomprimiendo archivos en C:\Program Files\Microsoft SQL Server\150\Setup Bootstrap\SQL2019\x64\pt\

LandingPage.Resources.dll [Correcto]
Microsoft.AnalysisServices.Core.resources.dll [Correcto]
Microsoft.AnalysisServices.resources.dll [Correcto]
Microsoft.AnalysisServices.Tabular.resources.dll [Correcto]
Microsoft.SQL.Chainer.Package.Resources.dll [Correcto]
Microsoft.SQL.Chainer.PackageData.Resources.dll [Correcto]
Microsoft.SQL.Chainer.Product.Resources.dll [Correcto]
Microsoft.SqlServer.Chainer.ExtensionCommon.Resources.dll [Correcto]
Microsoft.SqlServer.Chainer.Infrastructure.Resources.dll [Correcto]
Microsoft.SqlServer.Chainer.Setup.Resources.dll [Correcto]
Microsoft.SqlServer.Configuration.AgentExtension.Resources.dll [Correcto]
Microsoft.SqlServer.Configuration.ASExtension.resources.dll [Correcto]
Microsoft.SqlServer.Configuration.ASTelemetryExtension.Resources.dll [Correcto]
Microsoft.SqlServer.Configuration.BootstrapExtension.Resources.dll [Correcto]
Microsoft.SqlServer.Configuration.Cluster.resources.dll [Correcto]
Microsoft.SqlServer.Configuration.ConfigExtension.Resources.dll [Correcto]
Microsoft.SqlServer.Configuration.DistributedReplayExtension.Resources.dll [Correcto]
Microsoft.SqlServer.Configuration.Extensibility_ConfigExtension.Resources.dll [Correcto]
Microsoft.SqlServer.Configuration.fulltext_ConfigExtension.Resources.dll [Correcto]
Microsoft.SqlServer.Configuration.IMPY_ConfigExtension.Resources.dll [Correcto]
Microsoft.SqlServer.Configuration.IMR_ConfigExtension.Resources.dll [Correcto]
Microsoft.SqlServer.Configuration.InstallWizard.Resources.dll [Correcto]
Microsoft.SqlServer.Configuration.InstallWizardFramework.Resources.dll [Correcto]
Microsoft.SqlServer.Configuration.ISMasterExtension.Resources.dll [Correcto]
Microsoft.SqlServer.Configuration.ISWorkerExtension.Resources.dll [Correcto]
Microsoft.SqlServer.Configuration.ManagementToolsExtension.Resources.dll [Correcto]
Microsoft.SqlServer.Configuration.MsiExtension.Resources.dll [Correcto]
Microsoft.SqlServer.Configuration.PolybaseConfigExtension.Resources.dll [Correcto]
Microsoft.SqlServer.Configuration.PolybaseJavaConfigExtension.Resources.dll [Correcto]
Microsoft.SqlServer.Configuration.PowershellExtension.Resources.dll [Correcto]
Microsoft.SqlServer.Configuration.Repl_ConfigExtension.resources.dll [Correcto]
Microsoft.SqlServer.Configuration.Resources.dll [Correcto]
Microsoft.SqlServer.Configuration.RSExtension.resources.dll [Correcto]
Microsoft.SqlServer.Configuration.RulesEngineExtension.Resources.dll [Correcto]
Microsoft.SqlServer.Configuration.SAA_ConfigExtension.Resources.dll [Correcto]
Microsoft.SqlServer.Configuration.Sco.Resources.dll [Correcto]
Microsoft.SqlServer.Configuration.ScoExtension.Resources.dll [Correcto]
Microsoft.SqlServer.Configuration.SetupExtension.Resources.dll [Correcto]
Microsoft.SqlServer.Configuration.SlpExtension.Resources.dll [Correcto]
Microsoft.SqlServer.Configuration.SmartSetupExtension.Resources.dll [Correcto]
Microsoft.SqlServer.Configuration.SMPY_ConfigExtension.Resources.dll [Correcto]
Microsoft.SqlServer.Configuration.SMR_ConfigExtension.Resources.dll [Correcto]
Microsoft.SqlServer.Configuration.SniServerConfigExt.Resources.dll [Correcto]
Microsoft.SqlServer.Configuration.SqlBrowserExtension.Resources.dll [Correcto]
Microsoft.SqlServer.Configuration.SqlConfigBase.Resources.dll [Correcto]
Microsoft.SqlServer.Configuration.SqlServer_ConfigExtension.Resources.dll [Correcto]
Microsoft.SqlServer.Configuration.SSISExtension.Resources.dll [Correcto]
Microsoft.SqlServer.Configuration.TelemetryConfigExtension.Resources.dll [Correcto]
Microsoft.SqlServer.Configuration.UIExtension.Resources.dll [Correcto]
Microsoft.SqlServer.Configuration.UtilityExtension.Resources.dll [Correcto]
Microsoft.SqlServer.Configuration.WizardFramework.Resources.dll [Correcto]
Microsoft.SqlServer.Configuration.XTP.ConfigExtension.resources.dll [Correcto]
Microsoft.SqlServer.ConnectionInfo.Resources.dll [Correcto]
Microsoft.SqlServer.Deployment.Resources.dll [Correcto]
Microsoft.SqlServer.Discovery.Resources.dll [Correcto]
Microsoft.SqlServer.Dmf.Common.Resources.dll [Correcto]
Microsoft.SqlServer.Dmf.Resources.dll [Correcto]
Microsoft.SqlServer.Management.Controls.resources.dll [Correcto]
Microsoft.SqlServer.Management.Sdk.Sfc.Resources.dll [Correcto]
Microsoft.SqlServer.Setup.Chainer.Workflow.Resources.dll [Correcto]
Microsoft.SqlServer.Smo.Resources.dll [Correcto]
Microsoft.SqlServer.SqlEnum.Resources.dll [Correcto]
SetupARP.Resources.dll [Correcto]

 Descomprimiendo archivos en C:\Program Files\Microsoft SQL Server\150\Setup Bootstrap\SQL2019\x64\ru\

LandingPage.Resources.dll [Correcto]
Microsoft.AnalysisServices.Core.resources.dll [Correcto]
Microsoft.AnalysisServices.resources.dll [Correcto]
Microsoft.AnalysisServices.Tabular.resources.dll [Correcto]
Microsoft.SQL.Chainer.Package.Resources.dll [Correcto]
Microsoft.SQL.Chainer.PackageData.Resources.dll [Correcto]
Microsoft.SQL.Chainer.Product.Resources.dll [Correcto]
Microsoft.SqlServer.Chainer.ExtensionCommon.Resources.dll [Correcto]
Microsoft.SqlServer.Chainer.Infrastructure.Resources.dll [Correcto]
Microsoft.SqlServer.Chainer.Setup.Resources.dll [Correcto]
Microsoft.SqlServer.Configuration.AgentExtension.Resources.dll [Correcto]
Microsoft.SqlServer.Configuration.ASExtension.resources.dll [Correcto]
Microsoft.SqlServer.Configuration.ASTelemetryExtension.Resources.dll [Correcto]
Microsoft.SqlServer.Configuration.BootstrapExtension.Resources.dll [Correcto]
Microsoft.SqlServer.Configuration.Cluster.resources.dll [Correcto]
Microsoft.SqlServer.Configuration.ConfigExtension.Resources.dll [Correcto]
Microsoft.SqlServer.Configuration.DistributedReplayExtension.Resources.dll [Correcto]
Microsoft.SqlServer.Configuration.Extensibility_ConfigExtension.Resources.dll [Correcto]
Microsoft.SqlServer.Configuration.fulltext_ConfigExtension.Resources.dll [Correcto]
Microsoft.SqlServer.Configuration.IMPY_ConfigExtension.Resources.dll [Correcto]
Microsoft.SqlServer.Configuration.IMR_ConfigExtension.Resources.dll [Correcto]
Microsoft.SqlServer.Configuration.InstallWizard.Resources.dll [Correcto]
Microsoft.SqlServer.Configuration.InstallWizardFramework.Resources.dll [Correcto]
Microsoft.SqlServer.Configuration.ISMasterExtension.Resources.dll [Correcto]
Microsoft.SqlServer.Configuration.ISWorkerExtension.Resources.dll [Correcto]
Microsoft.SqlServer.Configuration.ManagementToolsExtension.Resources.dll [Correcto]
Microsoft.SqlServer.Configuration.MsiExtension.Resources.dll [Correcto]
Microsoft.SqlServer.Configuration.PolybaseConfigExtension.Resources.dll [Correcto]
Microsoft.SqlServer.Configuration.PolybaseJavaConfigExtension.Resources.dll [Correcto]
Microsoft.SqlServer.Configuration.PowershellExtension.Resources.dll [Correcto]
Microsoft.SqlServer.Configuration.Repl_ConfigExtension.resources.dll [Correcto]
Microsoft.SqlServer.Configuration.Resources.dll [Correcto]
Microsoft.SqlServer.Configuration.RSExtension.resources.dll [Correcto]
Microsoft.SqlServer.Configuration.RulesEngineExtension.Resources.dll [Correcto]
Microsoft.SqlServer.Configuration.SAA_ConfigExtension.Resources.dll [Correcto]
Microsoft.SqlServer.Configuration.Sco.Resources.dll [Correcto]
Microsoft.SqlServer.Configuration.ScoExtension.Resources.dll [Correcto]
Microsoft.SqlServer.Configuration.SetupExtension.Resources.dll [Correcto]
Microsoft.SqlServer.Configuration.SlpExtension.Resources.dll [Correcto]
Microsoft.SqlServer.Configuration.SmartSetupExtension.Resources.dll [Correcto]
Microsoft.SqlServer.Configuration.SMPY_ConfigExtension.Resources.dll [Correcto]
Microsoft.SqlServer.Configuration.SMR_ConfigExtension.Resources.dll [Correcto]
Microsoft.SqlServer.Configuration.SniServerConfigExt.Resources.dll [Correcto]
Microsoft.SqlServer.Configuration.SqlBrowserExtension.Resources.dll [Correcto]
Microsoft.SqlServer.Configuration.SqlConfigBase.Resources.dll [Correcto]
Microsoft.SqlServer.Configuration.SqlServer_ConfigExtension.Resources.dll [Correcto]
Microsoft.SqlServer.Configuration.SSISExtension.Resources.dll [Correcto]
Microsoft.SqlServer.Configuration.TelemetryConfigExtension.Resources.dll [Correcto]
Microsoft.SqlServer.Configuration.UIExtension.Resources.dll [Correcto]
Microsoft.SqlServer.Configuration.UtilityExtension.Resources.dll [Correcto]
Microsoft.SqlServer.Configuration.WizardFramework.Resources.dll [Correcto]
Microsoft.SqlServer.Configuration.XTP.ConfigExtension.resources.dll [Correcto]
Microsoft.SqlServer.ConnectionInfo.Resources.dll [Correcto]
Microsoft.SqlServer.Deployment.Resources.dll [Correcto]
Microsoft.SqlServer.Discovery.Resources.dll [Correcto]
Microsoft.SqlServer.Dmf.Common.Resources.dll [Correcto]
Microsoft.SqlServer.Dmf.Resources.dll [Correcto]
Microsoft.SqlServer.Management.Controls.resources.dll [Correcto]
Microsoft.SqlServer.Management.Sdk.Sfc.Resources.dll [Correcto]
Microsoft.SqlServer.Setup.Chainer.Workflow.Resources.dll [Correcto]
Microsoft.SqlServer.Smo.Resources.dll [Correcto]
Microsoft.SqlServer.SqlEnum.Resources.dll [Correcto]
SetupARP.Resources.dll [Correcto]

 Descomprimiendo archivos en C:\Program Files\Microsoft SQL Server\150\Setup Bootstrap\SQL2019\x64\zh-CHS\

Microsoft.SqlServer.Configuration.SniServerConfigExt.Resources.dll [Correcto]
Microsoft.SqlServer.Management.Controls.resources.dll [Correcto]

 Descomprimiendo archivos en C:\Program Files\Microsoft SQL Server\150\Setup Bootstrap\SQL2019\x64\zh-CHT\

Microsoft.SqlServer.Configuration.SniServerConfigExt.Resources.dll [Correcto]
Microsoft.SqlServer.Management.Controls.resources.dll [Correcto]

 Descomprimiendo archivos en C:\Program Files\Microsoft SQL Server\150\Setup Bootstrap\SQL2019\x64\zh-Hans\

LandingPage.Resources.dll [Correcto]
Microsoft.AnalysisServices.Core.resources.dll [Correcto]
Microsoft.AnalysisServices.resources.dll [Correcto]
Microsoft.AnalysisServices.Tabular.resources.dll [Correcto]
Microsoft.SQL.Chainer.Package.Resources.dll [Correcto]
Microsoft.SQL.Chainer.PackageData.Resources.dll [Correcto]
Microsoft.SQL.Chainer.Product.Resources.dll [Correcto]
Microsoft.SqlServer.Chainer.ExtensionCommon.Resources.dll [Correcto]
Microsoft.SqlServer.Chainer.Infrastructure.Resources.dll [Correcto]
Microsoft.SqlServer.Chainer.Setup.Resources.dll [Correcto]
Microsoft.SqlServer.Configuration.AgentExtension.Resources.dll [Correcto]
Microsoft.SqlServer.Configuration.ASExtension.resources.dll [Correcto]
Microsoft.SqlServer.Configuration.ASTelemetryExtension.Resources.dll [Correcto]
Microsoft.SqlServer.Configuration.BootstrapExtension.Resources.dll [Correcto]
Microsoft.SqlServer.Configuration.Cluster.resources.dll [Correcto]
Microsoft.SqlServer.Configuration.ConfigExtension.Resources.dll [Correcto]
Microsoft.SqlServer.Configuration.DistributedReplayExtension.Resources.dll [Correcto]
Microsoft.SqlServer.Configuration.Extensibility_ConfigExtension.Resources.dll [Correcto]
Microsoft.SqlServer.Configuration.fulltext_ConfigExtension.Resources.dll [Correcto]
Microsoft.SqlServer.Configuration.IMPY_ConfigExtension.Resources.dll [Correcto]
Microsoft.SqlServer.Configuration.IMR_ConfigExtension.Resources.dll [Correcto]
Microsoft.SqlServer.Configuration.InstallWizard.Resources.dll [Correcto]
Microsoft.SqlServer.Configuration.InstallWizardFramework.Resources.dll [Correcto]
Microsoft.SqlServer.Configuration.ISMasterExtension.Resources.dll [Correcto]
Microsoft.SqlServer.Configuration.ISWorkerExtension.Resources.dll [Correcto]
Microsoft.SqlServer.Configuration.ManagementToolsExtension.Resources.dll [Correcto]
Microsoft.SqlServer.Configuration.MsiExtension.Resources.dll [Correcto]
Microsoft.SqlServer.Configuration.PolybaseConfigExtension.Resources.dll [Correcto]
Microsoft.SqlServer.Configuration.PolybaseJavaConfigExtension.Resources.dll [Correcto]
Microsoft.SqlServer.Configuration.PowershellExtension.Resources.dll [Correcto]
Microsoft.SqlServer.Configuration.Repl_ConfigExtension.resources.dll [Correcto]
Microsoft.SqlServer.Configuration.Resources.dll [Correcto]
Microsoft.SqlServer.Configuration.RSExtension.resources.dll [Correcto]
Microsoft.SqlServer.Configuration.RulesEngineExtension.Resources.dll [Correcto]
Microsoft.SqlServer.Configuration.SAA_ConfigExtension.Resources.dll [Correcto]
Microsoft.SqlServer.Configuration.Sco.Resources.dll [Correcto]
Microsoft.SqlServer.Configuration.ScoExtension.Resources.dll [Correcto]
Microsoft.SqlServer.Configuration.SetupExtension.Resources.dll [Correcto]
Microsoft.SqlServer.Configuration.SlpExtension.Resources.dll [Correcto]
Microsoft.SqlServer.Configuration.SmartSetupExtension.Resources.dll [Correcto]
Microsoft.SqlServer.Configuration.SMPY_ConfigExtension.Resources.dll [Correcto]
Microsoft.SqlServer.Configuration.SMR_ConfigExtension.Resources.dll [Correcto]
Microsoft.SqlServer.Configuration.SqlBrowserExtension.Resources.dll [Correcto]
Microsoft.SqlServer.Configuration.SqlConfigBase.Resources.dll [Correcto]
Microsoft.SqlServer.Configuration.SqlServer_ConfigExtension.Resources.dll [Correcto]
Microsoft.SqlServer.Configuration.SSISExtension.Resources.dll [Correcto]
Microsoft.SqlServer.Configuration.TelemetryConfigExtension.Resources.dll [Correcto]
Microsoft.SqlServer.Configuration.UIExtension.Resources.dll [Correcto]
Microsoft.SqlServer.Configuration.UtilityExtension.Resources.dll [Correcto]
Microsoft.SqlServer.Configuration.WizardFramework.Resources.dll [Correcto]
Microsoft.SqlServer.Configuration.XTP.ConfigExtension.resources.dll [Correcto]
Microsoft.SqlServer.ConnectionInfo.Resources.dll [Correcto]
Microsoft.SqlServer.Deployment.Resources.dll [Correcto]
Microsoft.SqlServer.Discovery.Resources.dll [Correcto]
Microsoft.SqlServer.Dmf.Common.Resources.dll [Correcto]
Microsoft.SqlServer.Dmf.Resources.dll [Correcto]
Microsoft.SqlServer.Management.Sdk.Sfc.Resources.dll [Correcto]
Microsoft.SqlServer.Setup.Chainer.Workflow.Resources.dll [Correcto]
Microsoft.SqlServer.Smo.Resources.dll [Correcto]
Microsoft.SqlServer.SqlEnum.Resources.dll [Correcto]
SetupARP.Resources.dll [Correcto]

 Descomprimiendo archivos en C:\Program Files\Microsoft SQL Server\150\Setup Bootstrap\SQL2019\x64\zh-Hant\

LandingPage.Resources.dll [Correcto]
Microsoft.AnalysisServices.Core.resources.dll [Correcto]
Microsoft.AnalysisServices.resources.dll [Correcto]
Microsoft.AnalysisServices.Tabular.resources.dll [Correcto]
Microsoft.SQL.Chainer.Package.Resources.dll [Correcto]
Microsoft.SQL.Chainer.PackageData.Resources.dll [Correcto]
Microsoft.SQL.Chainer.Product.Resources.dll [Correcto]
Microsoft.SqlServer.Chainer.ExtensionCommon.Resources.dll [Correcto]
Microsoft.SqlServer.Chainer.Infrastructure.Resources.dll [Correcto]
Microsoft.SqlServer.Chainer.Setup.Resources.dll [Correcto]
Microsoft.SqlServer.Configuration.AgentExtension.Resources.dll [Correcto]
Microsoft.SqlServer.Configuration.ASExtension.resources.dll [Correcto]
Microsoft.SqlServer.Configuration.ASTelemetryExtension.Resources.dll [Correcto]
Microsoft.SqlServer.Configuration.BootstrapExtension.Resources.dll [Correcto]
Microsoft.SqlServer.Configuration.Cluster.resources.dll [Correcto]
Microsoft.SqlServer.Configuration.ConfigExtension.Resources.dll [Correcto]
Microsoft.SqlServer.Configuration.DistributedReplayExtension.Resources.dll [Correcto]
Microsoft.SqlServer.Configuration.Extensibility_ConfigExtension.Resources.dll [Correcto]
Microsoft.SqlServer.Configuration.fulltext_ConfigExtension.Resources.dll [Correcto]
Microsoft.SqlServer.Configuration.IMPY_ConfigExtension.Resources.dll [Correcto]
Microsoft.SqlServer.Configuration.IMR_ConfigExtension.Resources.dll [Correcto]
Microsoft.SqlServer.Configuration.InstallWizard.Resources.dll [Correcto]
Microsoft.SqlServer.Configuration.InstallWizardFramework.Resources.dll [Correcto]
Microsoft.SqlServer.Configuration.ISMasterExtension.Resources.dll [Correcto]
Microsoft.SqlServer.Configuration.ISWorkerExtension.Resources.dll [Correcto]
Microsoft.SqlServer.Configuration.ManagementToolsExtension.Resources.dll [Correcto]
Microsoft.SqlServer.Configuration.MsiExtension.Resources.dll [Correcto]
Microsoft.SqlServer.Configuration.PolybaseConfigExtension.Resources.dll [Correcto]
Microsoft.SqlServer.Configuration.PolybaseJavaConfigExtension.Resources.dll [Correcto]
Microsoft.SqlServer.Configuration.PowershellExtension.Resources.dll [Correcto]
Microsoft.SqlServer.Configuration.Repl_ConfigExtension.resources.dll [Correcto]
Microsoft.SqlServer.Configuration.Resources.dll [Correcto]
Microsoft.SqlServer.Configuration.RSExtension.resources.dll [Correcto]
Microsoft.SqlServer.Configuration.RulesEngineExtension.Resources.dll [Correcto]
Microsoft.SqlServer.Configuration.SAA_ConfigExtension.Resources.dll [Correcto]
Microsoft.SqlServer.Configuration.Sco.Resources.dll [Correcto]
Microsoft.SqlServer.Configuration.ScoExtension.Resources.dll [Correcto]
Microsoft.SqlServer.Configuration.SetupExtension.Resources.dll [Correcto]
Microsoft.SqlServer.Configuration.SlpExtension.Resources.dll [Correcto]
Microsoft.SqlServer.Configuration.SmartSetupExtension.Resources.dll [Correcto]
Microsoft.SqlServer.Configuration.SMPY_ConfigExtension.Resources.dll [Correcto]
Microsoft.SqlServer.Configuration.SMR_ConfigExtension.Resources.dll [Correcto]
Microsoft.SqlServer.Configuration.SqlBrowserExtension.Resources.dll [Correcto]
Microsoft.SqlServer.Configuration.SqlConfigBase.Resources.dll [Correcto]
Microsoft.SqlServer.Configuration.SqlServer_ConfigExtension.Resources.dll [Correcto]
Microsoft.SqlServer.Configuration.SSISExtension.Resources.dll [Correcto]
Microsoft.SqlServer.Configuration.TelemetryConfigExtension.Resources.dll [Correcto]
Microsoft.SqlServer.Configuration.UIExtension.Resources.dll [Correcto]
Microsoft.SqlServer.Configuration.UtilityExtension.Resources.dll [Correcto]
Microsoft.SqlServer.Configuration.WizardFramework.Resources.dll [Correcto]
Microsoft.SqlServer.Configuration.XTP.ConfigExtension.resources.dll [Correcto]
Microsoft.SqlServer.ConnectionInfo.Resources.dll [Correcto]
Microsoft.SqlServer.Deployment.Resources.dll [Correcto]
Microsoft.SqlServer.Discovery.Resources.dll [Correcto]
Microsoft.SqlServer.Dmf.Common.Resources.dll [Correcto]
Microsoft.SqlServer.Dmf.Resources.dll [Correcto]
Microsoft.SqlServer.Management.Sdk.Sfc.Resources.dll [Correcto]
Microsoft.SqlServer.Setup.Chainer.Workflow.Resources.dll [Correcto]
Microsoft.SqlServer.Smo.Resources.dll [Correcto]
Microsoft.SqlServer.SqlEnum.Resources.dll [Correcto]
SetupARP.Resources.dll [Correcto]

 Descomprimiendo archivos en C:\Program Files\Microsoft SQL Server\150\Setup Bootstrap\Update Cache\

KB5068405 [Correcto]
KB5077470 [Correcto]
KB5084817 [Correcto]
KB5090408 [Correcto]

 Descomprimiendo archivos en C:\Program Files\Microsoft SQL Server\150\Setup Bootstrap\Update Cache\KB5068405\

GDR [Correcto]

 Descomprimiendo archivos en C:\Program Files\Microsoft SQL Server\150\Setup Bootstrap\Update Cache\KB5068405\GDR\

1028_CHT_LP [Correcto]
1031_DEU_LP [Correcto]
1033_ENU_LP [Correcto]
1036_FRA_LP [Correcto]
1040_ITA_LP [Correcto]
1041_JPN_LP [Correcto]
1042_KOR_LP [Correcto]
1046_PTB_LP [Correcto]
1049_RUS_LP [Correcto]
2052_CHS_LP [Correcto]
3082_ESN_LP [Correcto]
MEDIAINFO.XML [Correcto]
PackageId.dat [Correcto]
resources [Correcto]
SETUP.EXE [Correcto]
SETUP.EXE.CONFIG [Correcto]
SQLSETUPBOOTSTRAPPER.DLL [Correcto]
x64 [Correcto]

 Descomprimiendo archivos en C:\Program Files\Microsoft SQL Server\150\Setup Bootstrap\Update Cache\KB5068405\GDR\1028_CHT_LP\

x64 [Correcto]

 Descomprimiendo archivos en C:\Program Files\Microsoft SQL Server\150\Setup Bootstrap\Update Cache\KB5068405\GDR\1028_CHT_LP\x64\

1028 [Correcto]

 Descomprimiendo archivos en C:\Program Files\Microsoft SQL Server\150\Setup Bootstrap\Update Cache\KB5068405\GDR\1028_CHT_LP\x64\1028\

PYTHONLICENSE.RTF [Correcto]
README.HTM [Correcto]
ROPENLICENSE.RTF [Correcto]
UPDATE_LICENSE.RTF [Correcto]

 Descomprimiendo archivos en C:\Program Files\Microsoft SQL Server\150\Setup Bootstrap\Update Cache\KB5068405\GDR\1031_DEU_LP\

x64 [Correcto]

 Descomprimiendo archivos en C:\Program Files\Microsoft SQL Server\150\Setup Bootstrap\Update Cache\KB5068405\GDR\1031_DEU_LP\x64\

1031 [Correcto]

 Descomprimiendo archivos en C:\Program Files\Microsoft SQL Server\150\Setup Bootstrap\Update Cache\KB5068405\GDR\1031_DEU_LP\x64\1031\

PYTHONLICENSE.RTF [Correcto]
README.HTM [Correcto]
ROPENLICENSE.RTF [Correcto]
UPDATE_LICENSE.RTF [Correcto]

 Descomprimiendo archivos en C:\Program Files\Microsoft SQL Server\150\Setup Bootstrap\Update Cache\KB5068405\GDR\1033_ENU_LP\

MEDIAINFO.XML [Correcto]
x64 [Correcto]

 Descomprimiendo archivos en C:\Program Files\Microsoft SQL Server\150\Setup Bootstrap\Update Cache\KB5068405\GDR\1033_ENU_LP\x64\

1033 [Correcto]
Setup [Correcto]

 Descomprimiendo archivos en C:\Program Files\Microsoft SQL Server\150\Setup Bootstrap\Update Cache\KB5068405\GDR\1033_ENU_LP\x64\1033\

PYTHONLICENSE.RTF [Correcto]
README.HTM [Correcto]
ROPENLICENSE.RTF [Correcto]
UPDATE_LICENSE.RTF [Correcto]

 Descomprimiendo archivos en C:\Program Files\Microsoft SQL Server\150\Setup Bootstrap\Update Cache\KB5068405\GDR\1033_ENU_LP\x64\Setup\

SQLBROWSER.MSP [Correcto]
x64 [Correcto]

 Descomprimiendo archivos en C:\Program Files\Microsoft SQL Server\150\Setup Bootstrap\Update Cache\KB5068405\GDR\1033_ENU_LP\x64\Setup\x64\

MSODBCSQL.MSI [Correcto]
MSOLEDBSQL.MSI [Correcto]
SQLNCLI.MSI [Correcto]
SQLWRITER.MSP [Correcto]

 Descomprimiendo archivos en C:\Program Files\Microsoft SQL Server\150\Setup Bootstrap\Update Cache\KB5068405\GDR\1036_FRA_LP\

x64 [Correcto]

 Descomprimiendo archivos en C:\Program Files\Microsoft SQL Server\150\Setup Bootstrap\Update Cache\KB5068405\GDR\1036_FRA_LP\x64\

1036 [Correcto]

 Descomprimiendo archivos en C:\Program Files\Microsoft SQL Server\150\Setup Bootstrap\Update Cache\KB5068405\GDR\1036_FRA_LP\x64\1036\

PYTHONLICENSE.RTF [Correcto]
README.HTM [Correcto]
ROPENLICENSE.RTF [Correcto]
UPDATE_LICENSE.RTF [Correcto]

 Descomprimiendo archivos en C:\Program Files\Microsoft SQL Server\150\Setup Bootstrap\Update Cache\KB5068405\GDR\1040_ITA_LP\

x64 [Correcto]

 Descomprimiendo archivos en C:\Program Files\Microsoft SQL Server\150\Setup Bootstrap\Update Cache\KB5068405\GDR\1040_ITA_LP\x64\

1040 [Correcto]

 Descomprimiendo archivos en C:\Program Files\Microsoft SQL Server\150\Setup Bootstrap\Update Cache\KB5068405\GDR\1040_ITA_LP\x64\1040\

PYTHONLICENSE.RTF [Correcto]
README.HTM [Correcto]
ROPENLICENSE.RTF [Correcto]
UPDATE_LICENSE.RTF [Correcto]

 Descomprimiendo archivos en C:\Program Files\Microsoft SQL Server\150\Setup Bootstrap\Update Cache\KB5068405\GDR\1041_JPN_LP\

x64 [Correcto]

 Descomprimiendo archivos en C:\Program Files\Microsoft SQL Server\150\Setup Bootstrap\Update Cache\KB5068405\GDR\1041_JPN_LP\x64\

1041 [Correcto]

 Descomprimiendo archivos en C:\Program Files\Microsoft SQL Server\150\Setup Bootstrap\Update Cache\KB5068405\GDR\1041_JPN_LP\x64\1041\

PYTHONLICENSE.RTF [Correcto]
README.HTM [Correcto]
ROPENLICENSE.RTF [Correcto]
UPDATE_LICENSE.RTF [Correcto]

 Descomprimiendo archivos en C:\Program Files\Microsoft SQL Server\150\Setup Bootstrap\Update Cache\KB5068405\GDR\1042_KOR_LP\

x64 [Correcto]

 Descomprimiendo archivos en C:\Program Files\Microsoft SQL Server\150\Setup Bootstrap\Update Cache\KB5068405\GDR\1042_KOR_LP\x64\

1042 [Correcto]

 Descomprimiendo archivos en C:\Program Files\Microsoft SQL Server\150\Setup Bootstrap\Update Cache\KB5068405\GDR\1042_KOR_LP\x64\1042\

PYTHONLICENSE.RTF [Correcto]
README.HTM [Correcto]
ROPENLICENSE.RTF [Correcto]
UPDATE_LICENSE.RTF [Correcto]

 Descomprimiendo archivos en C:\Program Files\Microsoft SQL Server\150\Setup Bootstrap\Update Cache\KB5068405\GDR\1046_PTB_LP\

x64 [Correcto]

 Descomprimiendo archivos en C:\Program Files\Microsoft SQL Server\150\Setup Bootstrap\Update Cache\KB5068405\GDR\1046_PTB_LP\x64\

1046 [Correcto]

 Descomprimiendo archivos en C:\Program Files\Microsoft SQL Server\150\Setup Bootstrap\Update Cache\KB5068405\GDR\1046_PTB_LP\x64\1046\

PYTHONLICENSE.RTF [Correcto]
README.HTM [Correcto]
ROPENLICENSE.RTF [Correcto]
UPDATE_LICENSE.RTF [Correcto]

 Descomprimiendo archivos en C:\Program Files\Microsoft SQL Server\150\Setup Bootstrap\Update Cache\KB5068405\GDR\1049_RUS_LP\

x64 [Correcto]

 Descomprimiendo archivos en C:\Program Files\Microsoft SQL Server\150\Setup Bootstrap\Update Cache\KB5068405\GDR\1049_RUS_LP\x64\

1049 [Correcto]

 Descomprimiendo archivos en C:\Program Files\Microsoft SQL Server\150\Setup Bootstrap\Update Cache\KB5068405\GDR\1049_RUS_LP\x64\1049\

PYTHONLICENSE.RTF [Correcto]
README.HTM [Correcto]
ROPENLICENSE.RTF [Correcto]
UPDATE_LICENSE.RTF [Correcto]

 Descomprimiendo archivos en C:\Program Files\Microsoft SQL Server\150\Setup Bootstrap\Update Cache\KB5068405\GDR\2052_CHS_LP\

x64 [Correcto]

 Descomprimiendo archivos en C:\Program Files\Microsoft SQL Server\150\Setup Bootstrap\Update Cache\KB5068405\GDR\2052_CHS_LP\x64\

2052 [Correcto]

 Descomprimiendo archivos en C:\Program Files\Microsoft SQL Server\150\Setup Bootstrap\Update Cache\KB5068405\GDR\2052_CHS_LP\x64\2052\

PYTHONLICENSE.RTF [Correcto]
README.HTM [Correcto]
ROPENLICENSE.RTF [Correcto]
UPDATE_LICENSE.RTF [Correcto]

 Descomprimiendo archivos en C:\Program Files\Microsoft SQL Server\150\Setup Bootstrap\Update Cache\KB5068405\GDR\3082_ESN_LP\

x64 [Correcto]

 Descomprimiendo archivos en C:\Program Files\Microsoft SQL Server\150\Setup Bootstrap\Update Cache\KB5068405\GDR\3082_ESN_LP\x64\

3082 [Correcto]

 Descomprimiendo archivos en C:\Program Files\Microsoft SQL Server\150\Setup Bootstrap\Update Cache\KB5068405\GDR\3082_ESN_LP\x64\3082\

PYTHONLICENSE.RTF [Correcto]
README.HTM [Correcto]
ROPENLICENSE.RTF [Correcto]
UPDATE_LICENSE.RTF [Correcto]

 Descomprimiendo archivos en C:\Program Files\Microsoft SQL Server\150\Setup Bootstrap\Update Cache\KB5068405\GDR\resources\

1033 [Correcto]

 Descomprimiendo archivos en C:\Program Files\Microsoft SQL Server\150\Setup Bootstrap\Update Cache\KB5068405\GDR\resources\1033\

SETUP.RLL [Correcto]

 Descomprimiendo archivos en C:\Program Files\Microsoft SQL Server\150\Setup Bootstrap\Update Cache\KB5068405\GDR\x64\

ADDNODE.XML [Correcto]
COMPLETECLUSTERWIZARD.XML [Correcto]
COMPLETEIMAGEWIZARD.XML [Correcto]
COMPONENTUPDATE.XML [Correcto]
CONFIGURATION.UICFG [Correcto]
de [Correcto]
EDITIONUPGRADEWIZARD.XML [Correcto]
es [Correcto]
FIXSQLREGISTRYKEY_X64.EXE [Correcto]
FIXSQLREGISTRYKEY_X64.EXE.CONFIG [Correcto]
FIXSQLREGISTRYKEY_X86.EXE [Correcto]
FIXSQLREGISTRYKEY_X86.EXE.CONFIG [Correcto]
fr [Correcto]
INSTALLCLUSTERWIZARD.XML [Correcto]
INSTALLWIZARD.XML [Correcto]
INSTAPI150.DLL [Correcto]
it [Correcto]
ja [Correcto]
ko [Correcto]
LANDINGPAGE.EXE [Correcto]
LANDINGPAGE.EXE.CONFIG [Correcto]
MICROSOFT.ANALYSISSERVICES.ADOMDCLIENT.DLL [Correcto]
MICROSOFT.ANALYSISSERVICES.CORE.DLL [Correcto]
MICROSOFT.ANALYSISSERVICES.DLL [Correcto]
MICROSOFT.ANALYSISSERVICES.SPCLIENT.INTERFACES.DLL [Correcto]
MICROSOFT.ANALYSISSERVICES.TABULAR.DLL [Correcto]
MICROSOFT.ANALYSISSERVICES.TABULAR.JSON.DLL [Correcto]
MICROSOFT.DIAGNOSTICS.TRACING.EVENTSOURCE.DLL [Correcto]
MICROSOFT.NETENTERPRISESERVERS.EXCEPTIONMESSAGEBOX.DLL [Correcto]
MICROSOFT.SQL.CHAINER.PACKAGE.DLL [Correcto]
MICROSOFT.SQL.CHAINER.PACKAGE.XMLSERIALIZERS.DLL [Correcto]
MICROSOFT.SQL.CHAINER.PACKAGEDATA.DLL [Correcto]
MICROSOFT.SQL.CHAINER.PRODUCT.DLL [Correcto]
MICROSOFT.SQL.CHAINER.PRODUCT.XMLSERIALIZERS.DLL [Correcto]
MICROSOFT.SQLSERVER.CHAINER.EXTENSIONCOMMON.DLL [Correcto]
MICROSOFT.SQLSERVER.CHAINER.EXTENSIONCOMMON.XMLSERIALIZERS.DLL [Correcto]
MICROSOFT.SQLSERVER.CHAINER.INFRASTRUCTURE.DLL [Correcto]
MICROSOFT.SQLSERVER.CHAINER.INFRASTRUCTURE.XMLSERIALIZERS.DLL [Correcto]
MICROSOFT.SQLSERVER.CHAINER.WORKFLOWDATA.DLL [Correcto]
MICROSOFT.SQLSERVER.CHAINER.WORKFLOWDATA.XMLSERIALIZERS.DLL [Correcto]
MICROSOFT.SQLSERVER.CONFIGURATION.AGENTEXTENSION.DLL [Correcto]
MICROSOFT.SQLSERVER.CONFIGURATION.ASEXTENSION.DLL [Correcto]
MICROSOFT.SQLSERVER.CONFIGURATION.ASTELEMETRYEXTENSION.DLL [Correcto]
MICROSOFT.SQLSERVER.CONFIGURATION.BOOTSTRAPEXTENSION.DLL [Correcto]
MICROSOFT.SQLSERVER.CONFIGURATION.BOOTSTRAPEXTENSION.XMLSERIALIZERS.DLL [Correcto]
MICROSOFT.SQLSERVER.CONFIGURATION.CLUSTER.DLL [Correcto]
MICROSOFT.SQLSERVER.CONFIGURATION.CLUSTER.XMLSERIALIZERS.DLL [Correcto]
MICROSOFT.SQLSERVER.CONFIGURATION.CONFIGEXTENSION.DLL [Correcto]
MICROSOFT.SQLSERVER.CONFIGURATION.CONFIGEXTENSION.XMLSERIALIZERS.DLL [Correcto]
MICROSOFT.SQLSERVER.CONFIGURATION.DISTRIBUTEDREPLAYEXTENSION.DLL [Correcto]
MICROSOFT.SQLSERVER.CONFIGURATION.DLL [Correcto]
MICROSOFT.SQLSERVER.CONFIGURATION.EXTENSIBILITY_CONFIGEXTENSION.DLL [Correcto]
MICROSOFT.SQLSERVER.CONFIGURATION.FULLTEXT_CONFIGEXTENSION.DLL [Correcto]
MICROSOFT.SQLSERVER.CONFIGURATION.IMPY_CONFIGEXTENSION.DLL [Correcto]
MICROSOFT.SQLSERVER.CONFIGURATION.IMR_CONFIGEXTENSION.DLL [Correcto]
MICROSOFT.SQLSERVER.CONFIGURATION.INSTALLWIZARD.DLL [Correcto]
MICROSOFT.SQLSERVER.CONFIGURATION.INSTALLWIZARDFRAMEWORK.DLL [Correcto]
MICROSOFT.SQLSERVER.CONFIGURATION.INSTALLWIZARDFRAMEWORK.XMLSERIALIZERS.DLL [Correcto]
MICROSOFT.SQLSERVER.CONFIGURATION.ISMASTEREXTENSION.DLL [Correcto]
MICROSOFT.SQLSERVER.CONFIGURATION.ISTELEMETRYCONFIGEXTENSION.DLL [Correcto]
MICROSOFT.SQLSERVER.CONFIGURATION.ISWORKEREXTENSION.DLL [Correcto]
MICROSOFT.SQLSERVER.CONFIGURATION.MANAGEMENTTOOLSEXTENSION.DLL [Correcto]
MICROSOFT.SQLSERVER.CONFIGURATION.MSIEXTENSION.DLL [Correcto]
MICROSOFT.SQLSERVER.CONFIGURATION.MSIEXTENSION.XMLSERIALIZERS.DLL [Correcto]
MICROSOFT.SQLSERVER.CONFIGURATION.POLYBASECONFIGEXTENSION.DLL [Correcto]
MICROSOFT.SQLSERVER.CONFIGURATION.POLYBASEJAVACONFIGEXTENSION.DLL [Correcto]
MICROSOFT.SQLSERVER.CONFIGURATION.POWERSHELLEXTENSION.DLL [Correcto]
MICROSOFT.SQLSERVER.CONFIGURATION.REPL_CONFIGEXTENSION.DLL [Correcto]
MICROSOFT.SQLSERVER.CONFIGURATION.RSEXTENSION.DLL [Correcto]
MICROSOFT.SQLSERVER.CONFIGURATION.RULESENGINEEXTENSION.DLL [Correcto]
MICROSOFT.SQLSERVER.CONFIGURATION.RULESENGINEEXTENSION.XMLSERIALIZERS.DLL [Correcto]
MICROSOFT.SQLSERVER.CONFIGURATION.SAA_CONFIGEXTENSION.DLL [Correcto]
MICROSOFT.SQLSERVER.CONFIGURATION.SCO.DLL [Correcto]
MICROSOFT.SQLSERVER.CONFIGURATION.SCO.XMLSERIALIZERS.DLL [Correcto]
MICROSOFT.SQLSERVER.CONFIGURATION.SCOEXTENSION.DLL [Correcto]
MICROSOFT.SQLSERVER.CONFIGURATION.SETUPEXTENSION.DLL [Correcto]
MICROSOFT.SQLSERVER.CONFIGURATION.SETUPEXTENSION.XMLSERIALIZERS.DLL [Correcto]
MICROSOFT.SQLSERVER.CONFIGURATION.SLPEXTENSION.DLL [Correcto]
MICROSOFT.SQLSERVER.CONFIGURATION.SMARTSETUPEXTENSION.DLL [Correcto]
MICROSOFT.SQLSERVER.CONFIGURATION.SMARTSETUPEXTENSION.XMLSERIALIZERS.DLL [Correcto]
MICROSOFT.SQLSERVER.CONFIGURATION.SMPY_CONFIGEXTENSION.DLL [Correcto]
MICROSOFT.SQLSERVER.CONFIGURATION.SMR_CONFIGEXTENSION.DLL [Correcto]
MICROSOFT.SQLSERVER.CONFIGURATION.SNISERVERCONFIGEXT.DLL [Correcto]
MICROSOFT.SQLSERVER.CONFIGURATION.SQLBROWSEREXTENSION.DLL [Correcto]
MICROSOFT.SQLSERVER.CONFIGURATION.SQLCONFIGBASE.DLL [Correcto]
MICROSOFT.SQLSERVER.CONFIGURATION.SQLCONFIGBASE.XMLSERIALIZERS.DLL [Correcto]
MICROSOFT.SQLSERVER.CONFIGURATION.SQLSERVER_CONFIGEXTENSION.DLL [Correcto]
MICROSOFT.SQLSERVER.CONFIGURATION.SSISEXTENSION.DLL [Correcto]
MICROSOFT.SQLSERVER.CONFIGURATION.TELEMETRYCONFIGEXTENSION.DLL [Correcto]
MICROSOFT.SQLSERVER.CONFIGURATION.TELEMETRYCONFIGEXTENSION.RESOURCES.DLL [Correcto]
MICROSOFT.SQLSERVER.CONFIGURATION.UIEXTENSION.DLL [Correcto]
MICROSOFT.SQLSERVER.CONFIGURATION.UIEXTENSION.XMLSERIALIZERS.DLL [Correcto]
MICROSOFT.SQLSERVER.CONFIGURATION.UTILITYEXTENSION.DLL [Correcto]
MICROSOFT.SQLSERVER.CONFIGURATION.WIZARDFRAMEWORK.DLL [Correcto]
MICROSOFT.SQLSERVER.CONFIGURATION.WIZARDFRAMEWORK.XMLSERIALIZERS.DLL [Correcto]
MICROSOFT.SQLSERVER.CONFIGURATION.WMIINTEROP.DLL [Correcto]
MICROSOFT.SQLSERVER.CONFIGURATION.XMLSERIALIZERS.DLL [Correcto]
MICROSOFT.SQLSERVER.CONFIGURATION.XTP.CONFIGEXTENSION.DLL [Correcto]
MICROSOFT.SQLSERVER.CONNECTIONINFO.DLL [Correcto]
MICROSOFT.SQLSERVER.CUSTOMCONTROLS.DLL [Correcto]
MICROSOFT.SQLSERVER.DATAWAREHOUSE.WORKLOADDEPLOYMENT.DLL [Correcto]
MICROSOFT.SQLSERVER.DEPLOYMENT.DLL [Correcto]
MICROSOFT.SQLSERVER.DEPLOYMENT.XMLSERIALIZERS.DLL [Correcto]
MICROSOFT.SQLSERVER.DIAGNOSTICS.STRACE.DLL [Correcto]
MICROSOFT.SQLSERVER.DISCOVERY.DLL [Correcto]
MICROSOFT.SQLSERVER.DISCOVERY.XMLSERIALIZERS.DLL [Correcto]
MICROSOFT.SQLSERVER.DMF.COMMON.DLL [Correcto]
MICROSOFT.SQLSERVER.DMF.DLL [Correcto]
MICROSOFT.SQLSERVER.INSTAPI.DLL [Correcto]
MICROSOFT.SQLSERVER.INTEROP.FIREWALLAPI.DLL [Correcto]
MICROSOFT.SQLSERVER.INTEROP.TASKSCHD.DLL [Correcto]
MICROSOFT.SQLSERVER.INTEROP.WUAPILIB.DLL [Correcto]
MICROSOFT.SQLSERVER.MANAGEMENT.CONTROLS.DLL [Correcto]
MICROSOFT.SQLSERVER.MANAGEMENT.SDK.SFC.DLL [Correcto]
MICROSOFT.SQLSERVER.SETUP.CHAINER.WORKFLOW.DLL [Correcto]
MICROSOFT.SQLSERVER.SETUP.CHAINER.WORKFLOW.XMLSERIALIZERS.DLL [Correcto]
MICROSOFT.SQLSERVER.SMO.DLL [Correcto]
MICROSOFT.SQLSERVER.SQLCLRPROVIDER.DLL [Correcto]
MICROSOFT.SQLSERVER.SQLENUM.DLL [Correcto]
MICROSOFT.SQLSERVER.SSTRING.DLL [Correcto]
MICROSOFT.SQLSERVER.USAGETRACKING.DLL [Correcto]
MSVCP140.DLL [Correcto]
MSVCP140_1.DLL [Correcto]
NEWTONSOFT.JSON.DLL [Correcto]
PACKAGE.XSD [Correcto]
PATCHWIZARD.XML [Correcto]
PIDGENX.DLL [Correcto]
PIDPRIVATECONFIGOBJECTMAPS.XML [Correcto]
PREPARECLUSTERWIZARD.XML [Correcto]
PREPAREIMAGEWIZARD.XML [Correcto]
pt [Correcto]
REMOVENODE.XML [Correcto]
REMOVEPATCHWIZARD.XML [Correcto]
REPAIRWIZARD.XML [Correcto]
RSETUP.EXE [Correcto]
ru [Correcto]
RUNRULESUI.XML [Correcto]
SCENARIOENGINE.EXE [Correcto]
SCENARIOENGINE.EXE.CONFIG [Correcto]
Setup [Correcto]
SHELLOBJECTS.DLL [Correcto]
SQLBOOT.DLL [Correcto]
SQLCAB.DLL [Correcto]
SQLCONF.DLL [Correcto]
SQLMU.DLL [Correcto]
SQLPROCESSSUB.DLL [Correcto]
SQLSCCN.DLL [Correcto]
UNINSTALLWIZARD.XML [Correcto]
UPGRADEWIZARD.XML [Correcto]
VCCORLIB140.DLL [Correcto]
VCRUNTIME140.DLL [Correcto]
zh-chs [Correcto]
zh-cht [Correcto]
zh-Hans [Correcto]
zh-Hant [Correcto]

 Descomprimiendo archivos en C:\Program Files\Microsoft SQL Server\150\Setup Bootstrap\Update Cache\KB5068405\GDR\x64\de\

LANDINGPAGE.RESOURCES.DLL [Correcto]
MICROSOFT.NETENTERPRISESERVERS.EXCEPTIONMESSAGEBOX.RESOURCES.DLL [Correcto]
MICROSOFT.SQL.CHAINER.PACKAGE.RESOURCES.DLL [Correcto]
MICROSOFT.SQL.CHAINER.PRODUCT.RESOURCES.DLL [Correcto]
MICROSOFT.SQLSERVER.CHAINER.EXTENSIONCOMMON.RESOURCES.DLL [Correcto]
MICROSOFT.SQLSERVER.CHAINER.INFRASTRUCTURE.RESOURCES.DLL [Correcto]
MICROSOFT.SQLSERVER.CHAINER.SETUP.RESOURCES.DLL [Correcto]
MICROSOFT.SQLSERVER.CONFIGURATION.AGENTEXTENSION.RESOURCES.DLL [Correcto]
MICROSOFT.SQLSERVER.CONFIGURATION.ASEXTENSION.RESOURCES.DLL [Correcto]
MICROSOFT.SQLSERVER.CONFIGURATION.BOOTSTRAPEXTENSION.RESOURCES.DLL [Correcto]
MICROSOFT.SQLSERVER.CONFIGURATION.CLUSTER.RESOURCES.DLL [Correcto]
MICROSOFT.SQLSERVER.CONFIGURATION.CONFIGEXTENSION.RESOURCES.DLL [Correcto]
MICROSOFT.SQLSERVER.CONFIGURATION.DISTRIBUTEDREPLAYEXTENSION.RESOURCES.DLL [Correcto]
MICROSOFT.SQLSERVER.CONFIGURATION.EXTENSIBILITY_CONFIGEXTENSION.RESOURCES.DLL [Correcto]
MICROSOFT.SQLSERVER.CONFIGURATION.FULLTEXT_CONFIGEXTENSION.RESOURCES.DLL [Correcto]
MICROSOFT.SQLSERVER.CONFIGURATION.IMPY_CONFIGEXTENSION.RESOURCES.DLL [Correcto]
MICROSOFT.SQLSERVER.CONFIGURATION.IMR_CONFIGEXTENSION.RESOURCES.DLL [Correcto]
MICROSOFT.SQLSERVER.CONFIGURATION.INSTALLWIZARD.RESOURCES.DLL [Correcto]
MICROSOFT.SQLSERVER.CONFIGURATION.INSTALLWIZARDFRAMEWORK.RESOURCES.DLL [Correcto]
MICROSOFT.SQLSERVER.CONFIGURATION.ISMASTEREXTENSION.RESOURCES.DLL [Correcto]
MICROSOFT.SQLSERVER.CONFIGURATION.ISWORKEREXTENSION.RESOURCES.DLL [Correcto]
MICROSOFT.SQLSERVER.CONFIGURATION.MANAGEMENTTOOLSEXTENSION.RESOURCES.DLL [Correcto]
MICROSOFT.SQLSERVER.CONFIGURATION.MSIEXTENSION.RESOURCES.DLL [Correcto]
MICROSOFT.SQLSERVER.CONFIGURATION.POLYBASECONFIGEXTENSION.RESOURCES.DLL [Correcto]
MICROSOFT.SQLSERVER.CONFIGURATION.POLYBASEJAVACONFIGEXTENSION.RESOURCES.DLL [Correcto]
MICROSOFT.SQLSERVER.CONFIGURATION.POWERSHELLEXTENSION.RESOURCES.DLL [Correcto]
MICROSOFT.SQLSERVER.CONFIGURATION.REPL_CONFIGEXTENSION.RESOURCES.DLL [Correcto]
MICROSOFT.SQLSERVER.CONFIGURATION.RESOURCES.DLL [Correcto]
MICROSOFT.SQLSERVER.CONFIGURATION.RSEXTENSION.RESOURCES.DLL [Correcto]
MICROSOFT.SQLSERVER.CONFIGURATION.RULESENGINEEXTENSION.RESOURCES.DLL [Correcto]
MICROSOFT.SQLSERVER.CONFIGURATION.SAA_CONFIGEXTENSION.RESOURCES.DLL [Correcto]
MICROSOFT.SQLSERVER.CONFIGURATION.SCO.RESOURCES.DLL [Correcto]
MICROSOFT.SQLSERVER.CONFIGURATION.SCOEXTENSION.RESOURCES.DLL [Correcto]
MICROSOFT.SQLSERVER.CONFIGURATION.SETUPEXTENSION.RESOURCES.DLL [Correcto]
MICROSOFT.SQLSERVER.CONFIGURATION.SLPEXTENSION.RESOURCES.DLL [Correcto]
MICROSOFT.SQLSERVER.CONFIGURATION.SMARTSETUPEXTENSION.RESOURCES.DLL [Correcto]
MICROSOFT.SQLSERVER.CONFIGURATION.SMPY_CONFIGEXTENSION.RESOURCES.DLL [Correcto]
MICROSOFT.SQLSERVER.CONFIGURATION.SMR_CONFIGEXTENSION.RESOURCES.DLL [Correcto]
MICROSOFT.SQLSERVER.CONFIGURATION.SNISERVERCONFIGEXT.RESOURCES.DLL [Correcto]
MICROSOFT.SQLSERVER.CONFIGURATION.SQLBROWSEREXTENSION.RESOURCES.DLL [Correcto]
MICROSOFT.SQLSERVER.CONFIGURATION.SQLCONFIGBASE.RESOURCES.DLL [Correcto]
MICROSOFT.SQLSERVER.CONFIGURATION.SQLSERVER_CONFIGEXTENSION.RESOURCES.DLL [Correcto]
MICROSOFT.SQLSERVER.CONFIGURATION.SSISEXTENSION.RESOURCES.DLL [Correcto]
MICROSOFT.SQLSERVER.CONFIGURATION.UIEXTENSION.RESOURCES.DLL [Correcto]
MICROSOFT.SQLSERVER.CONFIGURATION.UTILITYEXTENSION.RESOURCES.DLL [Correcto]
MICROSOFT.SQLSERVER.CONFIGURATION.WIZARDFRAMEWORK.RESOURCES.DLL [Correcto]
MICROSOFT.SQLSERVER.CONFIGURATION.XTP.CONFIGEXTENSION.RESOURCES.DLL [Correcto]
MICROSOFT.SQLSERVER.CONNECTIONINFO.RESOURCES.DLL [Correcto]
MICROSOFT.SQLSERVER.DEPLOYMENT.RESOURCES.DLL [Correcto]
MICROSOFT.SQLSERVER.DISCOVERY.RESOURCES.DLL [Correcto]
MICROSOFT.SQLSERVER.DMF.COMMON.RESOURCES.DLL [Correcto]
MICROSOFT.SQLSERVER.DMF.RESOURCES.DLL [Correcto]
MICROSOFT.SQLSERVER.MANAGEMENT.CONTROLS.RESOURCES.DLL [Correcto]
MICROSOFT.SQLSERVER.MANAGEMENT.SDK.SFC.RESOURCES.DLL [Correcto]
MICROSOFT.SQLSERVER.SETUP.CHAINER.WORKFLOW.RESOURCES.DLL [Correcto]
MICROSOFT.SQLSERVER.SMO.RESOURCES.DLL [Correcto]
MICROSOFT.SQLSERVER.SQLENUM.RESOURCES.DLL [Correcto]

 Descomprimiendo archivos en C:\Program Files\Microsoft SQL Server\150\Setup Bootstrap\Update Cache\KB5068405\GDR\x64\es\

LANDINGPAGE.RESOURCES.DLL [Correcto]
MICROSOFT.NETENTERPRISESERVERS.EXCEPTIONMESSAGEBOX.RESOURCES.DLL [Correcto]
MICROSOFT.SQL.CHAINER.PACKAGE.RESOURCES.DLL [Correcto]
MICROSOFT.SQL.CHAINER.PRODUCT.RESOURCES.DLL [Correcto]
MICROSOFT.SQLSERVER.CHAINER.EXTENSIONCOMMON.RESOURCES.DLL [Correcto]
MICROSOFT.SQLSERVER.CHAINER.INFRASTRUCTURE.RESOURCES.DLL [Correcto]
MICROSOFT.SQLSERVER.CHAINER.SETUP.RESOURCES.DLL [Correcto]
MICROSOFT.SQLSERVER.CONFIGURATION.AGENTEXTENSION.RESOURCES.DLL [Correcto]
MICROSOFT.SQLSERVER.CONFIGURATION.ASEXTENSION.RESOURCES.DLL [Correcto]
MICROSOFT.SQLSERVER.CONFIGURATION.BOOTSTRAPEXTENSION.RESOURCES.DLL [Correcto]
MICROSOFT.SQLSERVER.CONFIGURATION.CLUSTER.RESOURCES.DLL [Correcto]
MICROSOFT.SQLSERVER.CONFIGURATION.CONFIGEXTENSION.RESOURCES.DLL [Correcto]
MICROSOFT.SQLSERVER.CONFIGURATION.DISTRIBUTEDREPLAYEXTENSION.RESOURCES.DLL [Correcto]
MICROSOFT.SQLSERVER.CONFIGURATION.EXTENSIBILITY_CONFIGEXTENSION.RESOURCES.DLL [Correcto]
MICROSOFT.SQLSERVER.CONFIGURATION.FULLTEXT_CONFIGEXTENSION.RESOURCES.DLL [Correcto]
MICROSOFT.SQLSERVER.CONFIGURATION.IMPY_CONFIGEXTENSION.RESOURCES.DLL [Correcto]
MICROSOFT.SQLSERVER.CONFIGURATION.IMR_CONFIGEXTENSION.RESOURCES.DLL [Correcto]
MICROSOFT.SQLSERVER.CONFIGURATION.INSTALLWIZARD.RESOURCES.DLL [Correcto]
MICROSOFT.SQLSERVER.CONFIGURATION.INSTALLWIZARDFRAMEWORK.RESOURCES.DLL [Correcto]
MICROSOFT.SQLSERVER.CONFIGURATION.ISMASTEREXTENSION.RESOURCES.DLL [Correcto]
MICROSOFT.SQLSERVER.CONFIGURATION.ISWORKEREXTENSION.RESOURCES.DLL [Correcto]
MICROSOFT.SQLSERVER.CONFIGURATION.MANAGEMENTTOOLSEXTENSION.RESOURCES.DLL [Correcto]
MICROSOFT.SQLSERVER.CONFIGURATION.MSIEXTENSION.RESOURCES.DLL [Correcto]
MICROSOFT.SQLSERVER.CONFIGURATION.POLYBASECONFIGEXTENSION.RESOURCES.DLL [Correcto]
MICROSOFT.SQLSERVER.CONFIGURATION.POLYBASEJAVACONFIGEXTENSION.RESOURCES.DLL [Correcto]
MICROSOFT.SQLSERVER.CONFIGURATION.POWERSHELLEXTENSION.RESOURCES.DLL [Correcto]
MICROSOFT.SQLSERVER.CONFIGURATION.REPL_CONFIGEXTENSION.RESOURCES.DLL [Correcto]
MICROSOFT.SQLSERVER.CONFIGURATION.RESOURCES.DLL [Correcto]
MICROSOFT.SQLSERVER.CONFIGURATION.RSEXTENSION.RESOURCES.DLL [Correcto]
MICROSOFT.SQLSERVER.CONFIGURATION.RULESENGINEEXTENSION.RESOURCES.DLL [Correcto]
MICROSOFT.SQLSERVER.CONFIGURATION.SAA_CONFIGEXTENSION.RESOURCES.DLL [Correcto]
MICROSOFT.SQLSERVER.CONFIGURATION.SCO.RESOURCES.DLL [Correcto]
MICROSOFT.SQLSERVER.CONFIGURATION.SCOEXTENSION.RESOURCES.DLL [Correcto]
MICROSOFT.SQLSERVER.CONFIGURATION.SETUPEXTENSION.RESOURCES.DLL [Correcto]
MICROSOFT.SQLSERVER.CONFIGURATION.SLPEXTENSION.RESOURCES.DLL [Correcto]
MICROSOFT.SQLSERVER.CONFIGURATION.SMARTSETUPEXTENSION.RESOURCES.DLL [Correcto]
MICROSOFT.SQLSERVER.CONFIGURATION.SMPY_CONFIGEXTENSION.RESOURCES.DLL [Correcto]
MICROSOFT.SQLSERVER.CONFIGURATION.SMR_CONFIGEXTENSION.RESOURCES.DLL [Correcto]
MICROSOFT.SQLSERVER.CONFIGURATION.SNISERVERCONFIGEXT.RESOURCES.DLL [Correcto]
MICROSOFT.SQLSERVER.CONFIGURATION.SQLBROWSEREXTENSION.RESOURCES.DLL [Correcto]
MICROSOFT.SQLSERVER.CONFIGURATION.SQLCONFIGBASE.RESOURCES.DLL [Correcto]
MICROSOFT.SQLSERVER.CONFIGURATION.SQLSERVER_CONFIGEXTENSION.RESOURCES.DLL [Correcto]
MICROSOFT.SQLSERVER.CONFIGURATION.SSISEXTENSION.RESOURCES.DLL [Correcto]
MICROSOFT.SQLSERVER.CONFIGURATION.UIEXTENSION.RESOURCES.DLL [Correcto]
MICROSOFT.SQLSERVER.CONFIGURATION.UTILITYEXTENSION.RESOURCES.DLL [Correcto]
MICROSOFT.SQLSERVER.CONFIGURATION.WIZARDFRAMEWORK.RESOURCES.DLL [Correcto]
MICROSOFT.SQLSERVER.CONFIGURATION.XTP.CONFIGEXTENSION.RESOURCES.DLL [Correcto]
MICROSOFT.SQLSERVER.CONNECTIONINFO.RESOURCES.DLL [Correcto]
MICROSOFT.SQLSERVER.DEPLOYMENT.RESOURCES.DLL [Correcto]
MICROSOFT.SQLSERVER.DISCOVERY.RESOURCES.DLL [Correcto]
MICROSOFT.SQLSERVER.DMF.COMMON.RESOURCES.DLL [Correcto]
MICROSOFT.SQLSERVER.DMF.RESOURCES.DLL [Correcto]
MICROSOFT.SQLSERVER.MANAGEMENT.CONTROLS.RESOURCES.DLL [Correcto]
MICROSOFT.SQLSERVER.MANAGEMENT.SDK.SFC.RESOURCES.DLL [Correcto]
MICROSOFT.SQLSERVER.SETUP.CHAINER.WORKFLOW.RESOURCES.DLL [Correcto]
MICROSOFT.SQLSERVER.SMO.RESOURCES.DLL [Correcto]
MICROSOFT.SQLSERVER.SQLENUM.RESOURCES.DLL [Correcto]

 Descomprimiendo archivos en C:\Program Files\Microsoft SQL Server\150\Setup Bootstrap\Update Cache\KB5068405\GDR\x64\fr\

LANDINGPAGE.RESOURCES.DLL [Correcto]
MICROSOFT.NETENTERPRISESERVERS.EXCEPTIONMESSAGEBOX.RESOURCES.DLL [Correcto]
MICROSOFT.SQL.CHAINER.PACKAGE.RESOURCES.DLL [Correcto]
MICROSOFT.SQL.CHAINER.PRODUCT.RESOURCES.DLL [Correcto]
MICROSOFT.SQLSERVER.CHAINER.EXTENSIONCOMMON.RESOURCES.DLL [Correcto]
MICROSOFT.SQLSERVER.CHAINER.INFRASTRUCTURE.RESOURCES.DLL [Correcto]
MICROSOFT.SQLSERVER.CHAINER.SETUP.RESOURCES.DLL [Correcto]
MICROSOFT.SQLSERVER.CONFIGURATION.AGENTEXTENSION.RESOURCES.DLL [Correcto]
MICROSOFT.SQLSERVER.CONFIGURATION.ASEXTENSION.RESOURCES.DLL [Correcto]
MICROSOFT.SQLSERVER.CONFIGURATION.BOOTSTRAPEXTENSION.RESOURCES.DLL [Correcto]
MICROSOFT.SQLSERVER.CONFIGURATION.CLUSTER.RESOURCES.DLL [Correcto]
MICROSOFT.SQLSERVER.CONFIGURATION.CONFIGEXTENSION.RESOURCES.DLL [Correcto]
MICROSOFT.SQLSERVER.CONFIGURATION.DISTRIBUTEDREPLAYEXTENSION.RESOURCES.DLL [Correcto]
MICROSOFT.SQLSERVER.CONFIGURATION.EXTENSIBILITY_CONFIGEXTENSION.RESOURCES.DLL [Correcto]
MICROSOFT.SQLSERVER.CONFIGURATION.FULLTEXT_CONFIGEXTENSION.RESOURCES.DLL [Correcto]
MICROSOFT.SQLSERVER.CONFIGURATION.IMPY_CONFIGEXTENSION.RESOURCES.DLL [Correcto]
MICROSOFT.SQLSERVER.CONFIGURATION.IMR_CONFIGEXTENSION.RESOURCES.DLL [Correcto]
MICROSOFT.SQLSERVER.CONFIGURATION.INSTALLWIZARD.RESOURCES.DLL [Correcto]
MICROSOFT.SQLSERVER.CONFIGURATION.INSTALLWIZARDFRAMEWORK.RESOURCES.DLL [Correcto]
MICROSOFT.SQLSERVER.CONFIGURATION.ISMASTEREXTENSION.RESOURCES.DLL [Correcto]
MICROSOFT.SQLSERVER.CONFIGURATION.ISWORKEREXTENSION.RESOURCES.DLL [Correcto]
MICROSOFT.SQLSERVER.CONFIGURATION.MANAGEMENTTOOLSEXTENSION.RESOURCES.DLL [Correcto]
MICROSOFT.SQLSERVER.CONFIGURATION.MSIEXTENSION.RESOURCES.DLL [Correcto]
MICROSOFT.SQLSERVER.CONFIGURATION.POLYBASECONFIGEXTENSION.RESOURCES.DLL [Correcto]
MICROSOFT.SQLSERVER.CONFIGURATION.POLYBASEJAVACONFIGEXTENSION.RESOURCES.DLL [Correcto]
MICROSOFT.SQLSERVER.CONFIGURATION.POWERSHELLEXTENSION.RESOURCES.DLL [Correcto]
MICROSOFT.SQLSERVER.CONFIGURATION.REPL_CONFIGEXTENSION.RESOURCES.DLL [Correcto]
MICROSOFT.SQLSERVER.CONFIGURATION.RESOURCES.DLL [Correcto]
MICROSOFT.SQLSERVER.CONFIGURATION.RSEXTENSION.RESOURCES.DLL [Correcto]
MICROSOFT.SQLSERVER.CONFIGURATION.RULESENGINEEXTENSION.RESOURCES.DLL [Correcto]
MICROSOFT.SQLSERVER.CONFIGURATION.SAA_CONFIGEXTENSION.RESOURCES.DLL [Correcto]
MICROSOFT.SQLSERVER.CONFIGURATION.SCO.RESOURCES.DLL [Correcto]
MICROSOFT.SQLSERVER.CONFIGURATION.SCOEXTENSION.RESOURCES.DLL [Correcto]
MICROSOFT.SQLSERVER.CONFIGURATION.SETUPEXTENSION.RESOURCES.DLL [Correcto]
MICROSOFT.SQLSERVER.CONFIGURATION.SLPEXTENSION.RESOURCES.DLL [Correcto]
MICROSOFT.SQLSERVER.CONFIGURATION.SMARTSETUPEXTENSION.RESOURCES.DLL [Correcto]
MICROSOFT.SQLSERVER.CONFIGURATION.SMPY_CONFIGEXTENSION.RESOURCES.DLL [Correcto]
MICROSOFT.SQLSERVER.CONFIGURATION.SMR_CONFIGEXTENSION.RESOURCES.DLL [Correcto]
MICROSOFT.SQLSERVER.CONFIGURATION.SNISERVERCONFIGEXT.RESOURCES.DLL [Correcto]
MICROSOFT.SQLSERVER.CONFIGURATION.SQLBROWSEREXTENSION.RESOURCES.DLL [Correcto]
MICROSOFT.SQLSERVER.CONFIGURATION.SQLCONFIGBASE.RESOURCES.DLL [Correcto]
MICROSOFT.SQLSERVER.CONFIGURATION.SQLSERVER_CONFIGEXTENSION.RESOURCES.DLL [Correcto]
MICROSOFT.SQLSERVER.CONFIGURATION.SSISEXTENSION.RESOURCES.DLL [Correcto]
MICROSOFT.SQLSERVER.CONFIGURATION.UIEXTENSION.RESOURCES.DLL [Correcto]
MICROSOFT.SQLSERVER.CONFIGURATION.UTILITYEXTENSION.RESOURCES.DLL [Correcto]
MICROSOFT.SQLSERVER.CONFIGURATION.WIZARDFRAMEWORK.RESOURCES.DLL [Correcto]
MICROSOFT.SQLSERVER.CONFIGURATION.XTP.CONFIGEXTENSION.RESOURCES.DLL [Correcto]
MICROSOFT.SQLSERVER.CONNECTIONINFO.RESOURCES.DLL [Correcto]
MICROSOFT.SQLSERVER.DEPLOYMENT.RESOURCES.DLL [Correcto]
MICROSOFT.SQLSERVER.DISCOVERY.RESOURCES.DLL [Correcto]
MICROSOFT.SQLSERVER.DMF.COMMON.RESOURCES.DLL [Correcto]
MICROSOFT.SQLSERVER.DMF.RESOURCES.DLL [Correcto]
MICROSOFT.SQLSERVER.MANAGEMENT.CONTROLS.RESOURCES.DLL [Correcto]
MICROSOFT.SQLSERVER.MANAGEMENT.SDK.SFC.RESOURCES.DLL [Correcto]
MICROSOFT.SQLSERVER.SETUP.CHAINER.WORKFLOW.RESOURCES.DLL [Correcto]
MICROSOFT.SQLSERVER.SMO.RESOURCES.DLL [Correcto]
MICROSOFT.SQLSERVER.SQLENUM.RESOURCES.DLL [Correcto]

 Descomprimiendo archivos en C:\Program Files\Microsoft SQL Server\150\Setup Bootstrap\Update Cache\KB5068405\GDR\x64\it\

LANDINGPAGE.RESOURCES.DLL [Correcto]
MICROSOFT.NETENTERPRISESERVERS.EXCEPTIONMESSAGEBOX.RESOURCES.DLL [Correcto]
MICROSOFT.SQL.CHAINER.PACKAGE.RESOURCES.DLL [Correcto]
MICROSOFT.SQL.CHAINER.PRODUCT.RESOURCES.DLL [Correcto]
MICROSOFT.SQLSERVER.CHAINER.EXTENSIONCOMMON.RESOURCES.DLL [Correcto]
MICROSOFT.SQLSERVER.CHAINER.INFRASTRUCTURE.RESOURCES.DLL [Correcto]
MICROSOFT.SQLSERVER.CHAINER.SETUP.RESOURCES.DLL [Correcto]
MICROSOFT.SQLSERVER.CONFIGURATION.AGENTEXTENSION.RESOURCES.DLL [Correcto]
MICROSOFT.SQLSERVER.CONFIGURATION.ASEXTENSION.RESOURCES.DLL [Correcto]
MICROSOFT.SQLSERVER.CONFIGURATION.BOOTSTRAPEXTENSION.RESOURCES.DLL [Correcto]
MICROSOFT.SQLSERVER.CONFIGURATION.CLUSTER.RESOURCES.DLL [Correcto]
MICROSOFT.SQLSERVER.CONFIGURATION.CONFIGEXTENSION.RESOURCES.DLL [Correcto]
MICROSOFT.SQLSERVER.CONFIGURATION.DISTRIBUTEDREPLAYEXTENSION.RESOURCES.DLL [Correcto]
MICROSOFT.SQLSERVER.CONFIGURATION.EXTENSIBILITY_CONFIGEXTENSION.RESOURCES.DLL [Correcto]
MICROSOFT.SQLSERVER.CONFIGURATION.FULLTEXT_CONFIGEXTENSION.RESOURCES.DLL [Correcto]
MICROSOFT.SQLSERVER.CONFIGURATION.IMPY_CONFIGEXTENSION.RESOURCES.DLL [Correcto]
MICROSOFT.SQLSERVER.CONFIGURATION.IMR_CONFIGEXTENSION.RESOURCES.DLL [Correcto]
MICROSOFT.SQLSERVER.CONFIGURATION.INSTALLWIZARD.RESOURCES.DLL [Correcto]
MICROSOFT.SQLSERVER.CONFIGURATION.INSTALLWIZARDFRAMEWORK.RESOURCES.DLL [Correcto]
MICROSOFT.SQLSERVER.CONFIGURATION.ISMASTEREXTENSION.RESOURCES.DLL [Correcto]
MICROSOFT.SQLSERVER.CONFIGURATION.ISWORKEREXTENSION.RESOURCES.DLL [Correcto]
MICROSOFT.SQLSERVER.CONFIGURATION.MANAGEMENTTOOLSEXTENSION.RESOURCES.DLL [Correcto]
MICROSOFT.SQLSERVER.CONFIGURATION.MSIEXTENSION.RESOURCES.DLL [Correcto]
MICROSOFT.SQLSERVER.CONFIGURATION.POLYBASECONFIGEXTENSION.RESOURCES.DLL [Correcto]
MICROSOFT.SQLSERVER.CONFIGURATION.POWERSHELLEXTENSION.RESOURCES.DLL [Correcto]
MICROSOFT.SQLSERVER.CONFIGURATION.REPL_CONFIGEXTENSION.RESOURCES.DLL [Correcto]
MICROSOFT.SQLSERVER.CONFIGURATION.RESOURCES.DLL [Correcto]
MICROSOFT.SQLSERVER.CONFIGURATION.RSEXTENSION.RESOURCES.DLL [Correcto]
MICROSOFT.SQLSERVER.CONFIGURATION.RULESENGINEEXTENSION.RESOURCES.DLL [Correcto]
MICROSOFT.SQLSERVER.CONFIGURATION.SAA_CONFIGEXTENSION.RESOURCES.DLL [Correcto]
MICROSOFT.SQLSERVER.CONFIGURATION.SCO.RESOURCES.DLL [Correcto]
MICROSOFT.SQLSERVER.CONFIGURATION.SCOEXTENSION.RESOURCES.DLL [Correcto]
MICROSOFT.SQLSERVER.CONFIGURATION.SETUPEXTENSION.RESOURCES.DLL [Correcto]
MICROSOFT.SQLSERVER.CONFIGURATION.SLPEXTENSION.RESOURCES.DLL [Correcto]
MICROSOFT.SQLSERVER.CONFIGURATION.SMARTSETUPEXTENSION.RESOURCES.DLL [Correcto]
MICROSOFT.SQLSERVER.CONFIGURATION.SMPY_CONFIGEXTENSION.RESOURCES.DLL [Correcto]
MICROSOFT.SQLSERVER.CONFIGURATION.SMR_CONFIGEXTENSION.RESOURCES.DLL [Correcto]
MICROSOFT.SQLSERVER.CONFIGURATION.SNISERVERCONFIGEXT.RESOURCES.DLL [Correcto]
MICROSOFT.SQLSERVER.CONFIGURATION.SQLBROWSEREXTENSION.RESOURCES.DLL [Correcto]
MICROSOFT.SQLSERVER.CONFIGURATION.SQLCONFIGBASE.RESOURCES.DLL [Correcto]
MICROSOFT.SQLSERVER.CONFIGURATION.SQLSERVER_CONFIGEXTENSION.RESOURCES.DLL [Correcto]
MICROSOFT.SQLSERVER.CONFIGURATION.SSISEXTENSION.RESOURCES.DLL [Correcto]
MICROSOFT.SQLSERVER.CONFIGURATION.UIEXTENSION.RESOURCES.DLL [Correcto]
MICROSOFT.SQLSERVER.CONFIGURATION.UTILITYEXTENSION.RESOURCES.DLL [Correcto]
MICROSOFT.SQLSERVER.CONFIGURATION.WIZARDFRAMEWORK.RESOURCES.DLL [Correcto]
MICROSOFT.SQLSERVER.CONFIGURATION.XTP.CONFIGEXTENSION.RESOURCES.DLL [Correcto]
MICROSOFT.SQLSERVER.CONNECTIONINFO.RESOURCES.DLL [Correcto]
MICROSOFT.SQLSERVER.DEPLOYMENT.RESOURCES.DLL [Correcto]
MICROSOFT.SQLSERVER.DISCOVERY.RESOURCES.DLL [Correcto]
MICROSOFT.SQLSERVER.DMF.COMMON.RESOURCES.DLL [Correcto]
MICROSOFT.SQLSERVER.DMF.RESOURCES.DLL [Correcto]
MICROSOFT.SQLSERVER.MANAGEMENT.CONTROLS.RESOURCES.DLL [Correcto]
MICROSOFT.SQLSERVER.MANAGEMENT.SDK.SFC.RESOURCES.DLL [Correcto]
MICROSOFT.SQLSERVER.SETUP.CHAINER.WORKFLOW.RESOURCES.DLL [Correcto]
MICROSOFT.SQLSERVER.SMO.RESOURCES.DLL [Correcto]
MICROSOFT.SQLSERVER.SQLENUM.RESOURCES.DLL [Correcto]

 Descomprimiendo archivos en C:\Program Files\Microsoft SQL Server\150\Setup Bootstrap\Update Cache\KB5068405\GDR\x64\ja\

LANDINGPAGE.RESOURCES.DLL [Correcto]
MICROSOFT.NETENTERPRISESERVERS.EXCEPTIONMESSAGEBOX.RESOURCES.DLL [Correcto]
MICROSOFT.SQL.CHAINER.PACKAGE.RESOURCES.DLL [Correcto]
MICROSOFT.SQL.CHAINER.PRODUCT.RESOURCES.DLL [Correcto]
MICROSOFT.SQLSERVER.CHAINER.EXTENSIONCOMMON.RESOURCES.DLL [Correcto]
MICROSOFT.SQLSERVER.CHAINER.INFRASTRUCTURE.RESOURCES.DLL [Correcto]
MICROSOFT.SQLSERVER.CHAINER.SETUP.RESOURCES.DLL [Correcto]
MICROSOFT.SQLSERVER.CONFIGURATION.AGENTEXTENSION.RESOURCES.DLL [Correcto]
MICROSOFT.SQLSERVER.CONFIGURATION.ASEXTENSION.RESOURCES.DLL [Correcto]
MICROSOFT.SQLSERVER.CONFIGURATION.BOOTSTRAPEXTENSION.RESOURCES.DLL [Correcto]
MICROSOFT.SQLSERVER.CONFIGURATION.CLUSTER.RESOURCES.DLL [Correcto]
MICROSOFT.SQLSERVER.CONFIGURATION.CONFIGEXTENSION.RESOURCES.DLL [Correcto]
MICROSOFT.SQLSERVER.CONFIGURATION.DISTRIBUTEDREPLAYEXTENSION.RESOURCES.DLL [Correcto]
MICROSOFT.SQLSERVER.CONFIGURATION.EXTENSIBILITY_CONFIGEXTENSION.RESOURCES.DLL [Correcto]
MICROSOFT.SQLSERVER.CONFIGURATION.FULLTEXT_CONFIGEXTENSION.RESOURCES.DLL [Correcto]
MICROSOFT.SQLSERVER.CONFIGURATION.IMPY_CONFIGEXTENSION.RESOURCES.DLL [Correcto]
MICROSOFT.SQLSERVER.CONFIGURATION.IMR_CONFIGEXTENSION.RESOURCES.DLL [Correcto]
MICROSOFT.SQLSERVER.CONFIGURATION.INSTALLWIZARD.RESOURCES.DLL [Correcto]
MICROSOFT.SQLSERVER.CONFIGURATION.INSTALLWIZARDFRAMEWORK.RESOURCES.DLL [Correcto]
MICROSOFT.SQLSERVER.CONFIGURATION.ISMASTEREXTENSION.RESOURCES.DLL [Correcto]
MICROSOFT.SQLSERVER.CONFIGURATION.ISWORKEREXTENSION.RESOURCES.DLL [Correcto]
MICROSOFT.SQLSERVER.CONFIGURATION.MANAGEMENTTOOLSEXTENSION.RESOURCES.DLL [Correcto]
MICROSOFT.SQLSERVER.CONFIGURATION.MSIEXTENSION.RESOURCES.DLL [Correcto]
MICROSOFT.SQLSERVER.CONFIGURATION.POLYBASECONFIGEXTENSION.RESOURCES.DLL [Correcto]
MICROSOFT.SQLSERVER.CONFIGURATION.POLYBASEJAVACONFIGEXTENSION.RESOURCES.DLL [Correcto]
MICROSOFT.SQLSERVER.CONFIGURATION.POWERSHELLEXTENSION.RESOURCES.DLL [Correcto]
MICROSOFT.SQLSERVER.CONFIGURATION.REPL_CONFIGEXTENSION.RESOURCES.DLL [Correcto]
MICROSOFT.SQLSERVER.CONFIGURATION.RESOURCES.DLL [Correcto]
MICROSOFT.SQLSERVER.CONFIGURATION.RSEXTENSION.RESOURCES.DLL [Correcto]
MICROSOFT.SQLSERVER.CONFIGURATION.RULESENGINEEXTENSION.RESOURCES.DLL [Correcto]
MICROSOFT.SQLSERVER.CONFIGURATION.SAA_CONFIGEXTENSION.RESOURCES.DLL [Correcto]
MICROSOFT.SQLSERVER.CONFIGURATION.SCO.RESOURCES.DLL [Correcto]
MICROSOFT.SQLSERVER.CONFIGURATION.SCOEXTENSION.RESOURCES.DLL [Correcto]
MICROSOFT.SQLSERVER.CONFIGURATION.SETUPEXTENSION.RESOURCES.DLL [Correcto]
MICROSOFT.SQLSERVER.CONFIGURATION.SLPEXTENSION.RESOURCES.DLL [Correcto]
MICROSOFT.SQLSERVER.CONFIGURATION.SMARTSETUPEXTENSION.RESOURCES.DLL [Correcto]
MICROSOFT.SQLSERVER.CONFIGURATION.SMPY_CONFIGEXTENSION.RESOURCES.DLL [Correcto]
MICROSOFT.SQLSERVER.CONFIGURATION.SMR_CONFIGEXTENSION.RESOURCES.DLL [Correcto]
MICROSOFT.SQLSERVER.CONFIGURATION.SNISERVERCONFIGEXT.RESOURCES.DLL [Correcto]
MICROSOFT.SQLSERVER.CONFIGURATION.SQLBROWSEREXTENSION.RESOURCES.DLL [Correcto]
MICROSOFT.SQLSERVER.CONFIGURATION.SQLCONFIGBASE.RESOURCES.DLL [Correcto]
MICROSOFT.SQLSERVER.CONFIGURATION.SQLSERVER_CONFIGEXTENSION.RESOURCES.DLL [Correcto]
MICROSOFT.SQLSERVER.CONFIGURATION.SSISEXTENSION.RESOURCES.DLL [Correcto]
MICROSOFT.SQLSERVER.CONFIGURATION.UIEXTENSION.RESOURCES.DLL [Correcto]
MICROSOFT.SQLSERVER.CONFIGURATION.UTILITYEXTENSION.RESOURCES.DLL [Correcto]
MICROSOFT.SQLSERVER.CONFIGURATION.WIZARDFRAMEWORK.RESOURCES.DLL [Correcto]
MICROSOFT.SQLSERVER.CONFIGURATION.XTP.CONFIGEXTENSION.RESOURCES.DLL [Correcto]
MICROSOFT.SQLSERVER.CONNECTIONINFO.RESOURCES.DLL [Correcto]
MICROSOFT.SQLSERVER.DEPLOYMENT.RESOURCES.DLL [Correcto]
MICROSOFT.SQLSERVER.DISCOVERY.RESOURCES.DLL [Correcto]
MICROSOFT.SQLSERVER.DMF.COMMON.RESOURCES.DLL [Correcto]
MICROSOFT.SQLSERVER.DMF.RESOURCES.DLL [Correcto]
MICROSOFT.SQLSERVER.MANAGEMENT.CONTROLS.RESOURCES.DLL [Correcto]
MICROSOFT.SQLSERVER.MANAGEMENT.SDK.SFC.RESOURCES.DLL [Correcto]
MICROSOFT.SQLSERVER.SETUP.CHAINER.WORKFLOW.RESOURCES.DLL [Correcto]
MICROSOFT.SQLSERVER.SMO.RESOURCES.DLL [Correcto]
MICROSOFT.SQLSERVER.SQLENUM.RESOURCES.DLL [Correcto]

 Descomprimiendo archivos en C:\Program Files\Microsoft SQL Server\150\Setup Bootstrap\Update Cache\KB5068405\GDR\x64\ko\

LANDINGPAGE.RESOURCES.DLL [Correcto]
MICROSOFT.NETENTERPRISESERVERS.EXCEPTIONMESSAGEBOX.RESOURCES.DLL [Correcto]
MICROSOFT.SQL.CHAINER.PACKAGE.RESOURCES.DLL [Correcto]
MICROSOFT.SQL.CHAINER.PRODUCT.RESOURCES.DLL [Correcto]
MICROSOFT.SQLSERVER.CHAINER.EXTENSIONCOMMON.RESOURCES.DLL [Correcto]
MICROSOFT.SQLSERVER.CHAINER.INFRASTRUCTURE.RESOURCES.DLL [Correcto]
MICROSOFT.SQLSERVER.CHAINER.SETUP.RESOURCES.DLL [Correcto]
MICROSOFT.SQLSERVER.CONFIGURATION.AGENTEXTENSION.RESOURCES.DLL [Correcto]
MICROSOFT.SQLSERVER.CONFIGURATION.ASEXTENSION.RESOURCES.DLL [Correcto]
MICROSOFT.SQLSERVER.CONFIGURATION.BOOTSTRAPEXTENSION.RESOURCES.DLL [Correcto]
MICROSOFT.SQLSERVER.CONFIGURATION.CLUSTER.RESOURCES.DLL [Correcto]
MICROSOFT.SQLSERVER.CONFIGURATION.CONFIGEXTENSION.RESOURCES.DLL [Correcto]
MICROSOFT.SQLSERVER.CONFIGURATION.DISTRIBUTEDREPLAYEXTENSION.RESOURCES.DLL [Correcto]
MICROSOFT.SQLSERVER.CONFIGURATION.EXTENSIBILITY_CONFIGEXTENSION.RESOURCES.DLL [Correcto]
MICROSOFT.SQLSERVER.CONFIGURATION.FULLTEXT_CONFIGEXTENSION.RESOURCES.DLL [Correcto]
MICROSOFT.SQLSERVER.CONFIGURATION.IMPY_CONFIGEXTENSION.RESOURCES.DLL [Correcto]
MICROSOFT.SQLSERVER.CONFIGURATION.IMR_CONFIGEXTENSION.RESOURCES.DLL [Correcto]
MICROSOFT.SQLSERVER.CONFIGURATION.INSTALLWIZARD.RESOURCES.DLL [Correcto]
MICROSOFT.SQLSERVER.CONFIGURATION.INSTALLWIZARDFRAMEWORK.RESOURCES.DLL [Correcto]
MICROSOFT.SQLSERVER.CONFIGURATION.ISMASTEREXTENSION.RESOURCES.DLL [Correcto]
MICROSOFT.SQLSERVER.CONFIGURATION.ISWORKEREXTENSION.RESOURCES.DLL [Correcto]
MICROSOFT.SQLSERVER.CONFIGURATION.MANAGEMENTTOOLSEXTENSION.RESOURCES.DLL [Correcto]
MICROSOFT.SQLSERVER.CONFIGURATION.MSIEXTENSION.RESOURCES.DLL [Correcto]
MICROSOFT.SQLSERVER.CONFIGURATION.POLYBASECONFIGEXTENSION.RESOURCES.DLL [Correcto]
MICROSOFT.SQLSERVER.CONFIGURATION.POLYBASEJAVACONFIGEXTENSION.RESOURCES.DLL [Correcto]
MICROSOFT.SQLSERVER.CONFIGURATION.POWERSHELLEXTENSION.RESOURCES.DLL [Correcto]
MICROSOFT.SQLSERVER.CONFIGURATION.REPL_CONFIGEXTENSION.RESOURCES.DLL [Correcto]
MICROSOFT.SQLSERVER.CONFIGURATION.RESOURCES.DLL [Correcto]
MICROSOFT.SQLSERVER.CONFIGURATION.RSEXTENSION.RESOURCES.DLL [Correcto]
MICROSOFT.SQLSERVER.CONFIGURATION.RULESENGINEEXTENSION.RESOURCES.DLL [Correcto]
MICROSOFT.SQLSERVER.CONFIGURATION.SAA_CONFIGEXTENSION.RESOURCES.DLL [Correcto]
MICROSOFT.SQLSERVER.CONFIGURATION.SCO.RESOURCES.DLL [Correcto]
MICROSOFT.SQLSERVER.CONFIGURATION.SCOEXTENSION.RESOURCES.DLL [Correcto]
MICROSOFT.SQLSERVER.CONFIGURATION.SETUPEXTENSION.RESOURCES.DLL [Correcto]
MICROSOFT.SQLSERVER.CONFIGURATION.SLPEXTENSION.RESOURCES.DLL [Correcto]
MICROSOFT.SQLSERVER.CONFIGURATION.SMARTSETUPEXTENSION.RESOURCES.DLL [Correcto]
MICROSOFT.SQLSERVER.CONFIGURATION.SMPY_CONFIGEXTENSION.RESOURCES.DLL [Correcto]
MICROSOFT.SQLSERVER.CONFIGURATION.SMR_CONFIGEXTENSION.RESOURCES.DLL [Correcto]
MICROSOFT.SQLSERVER.CONFIGURATION.SNISERVERCONFIGEXT.RESOURCES.DLL [Correcto]
MICROSOFT.SQLSERVER.CONFIGURATION.SQLBROWSEREXTENSION.RESOURCES.DLL [Correcto]
MICROSOFT.SQLSERVER.CONFIGURATION.SQLCONFIGBASE.RESOURCES.DLL [Correcto]
MICROSOFT.SQLSERVER.CONFIGURATION.SQLSERVER_CONFIGEXTENSION.RESOURCES.DLL [Correcto]
MICROSOFT.SQLSERVER.CONFIGURATION.SSISEXTENSION.RESOURCES.DLL [Correcto]
MICROSOFT.SQLSERVER.CONFIGURATION.UIEXTENSION.RESOURCES.DLL [Correcto]
MICROSOFT.SQLSERVER.CONFIGURATION.UTILITYEXTENSION.RESOURCES.DLL [Correcto]
MICROSOFT.SQLSERVER.CONFIGURATION.WIZARDFRAMEWORK.RESOURCES.DLL [Correcto]
MICROSOFT.SQLSERVER.CONFIGURATION.XTP.CONFIGEXTENSION.RESOURCES.DLL [Correcto]
MICROSOFT.SQLSERVER.CONNECTIONINFO.RESOURCES.DLL [Correcto]
MICROSOFT.SQLSERVER.DEPLOYMENT.RESOURCES.DLL [Correcto]
MICROSOFT.SQLSERVER.DISCOVERY.RESOURCES.DLL [Correcto]
MICROSOFT.SQLSERVER.DMF.COMMON.RESOURCES.DLL [Correcto]
MICROSOFT.SQLSERVER.DMF.RESOURCES.DLL [Correcto]
MICROSOFT.SQLSERVER.MANAGEMENT.CONTROLS.RESOURCES.DLL [Correcto]
MICROSOFT.SQLSERVER.MANAGEMENT.SDK.SFC.RESOURCES.DLL [Correcto]
MICROSOFT.SQLSERVER.SETUP.CHAINER.WORKFLOW.RESOURCES.DLL [Correcto]
MICROSOFT.SQLSERVER.SMO.RESOURCES.DLL [Correcto]
MICROSOFT.SQLSERVER.SQLENUM.RESOURCES.DLL [Correcto]

 Descomprimiendo archivos en C:\Program Files\Microsoft SQL Server\150\Setup Bootstrap\Update Cache\KB5068405\GDR\x64\pt\

LANDINGPAGE.RESOURCES.DLL [Correcto]
MICROSOFT.NETENTERPRISESERVERS.EXCEPTIONMESSAGEBOX.RESOURCES.DLL [Correcto]
MICROSOFT.SQL.CHAINER.PACKAGE.RESOURCES.DLL [Correcto]
MICROSOFT.SQL.CHAINER.PRODUCT.RESOURCES.DLL [Correcto]
MICROSOFT.SQLSERVER.CHAINER.EXTENSIONCOMMON.RESOURCES.DLL [Correcto]
MICROSOFT.SQLSERVER.CHAINER.INFRASTRUCTURE.RESOURCES.DLL [Correcto]
MICROSOFT.SQLSERVER.CHAINER.SETUP.RESOURCES.DLL [Correcto]
MICROSOFT.SQLSERVER.CONFIGURATION.AGENTEXTENSION.RESOURCES.DLL [Correcto]
MICROSOFT.SQLSERVER.CONFIGURATION.ASEXTENSION.RESOURCES.DLL [Correcto]
MICROSOFT.SQLSERVER.CONFIGURATION.BOOTSTRAPEXTENSION.RESOURCES.DLL [Correcto]
MICROSOFT.SQLSERVER.CONFIGURATION.CLUSTER.RESOURCES.DLL [Correcto]
MICROSOFT.SQLSERVER.CONFIGURATION.CONFIGEXTENSION.RESOURCES.DLL [Correcto]
MICROSOFT.SQLSERVER.CONFIGURATION.DISTRIBUTEDREPLAYEXTENSION.RESOURCES.DLL [Correcto]
MICROSOFT.SQLSERVER.CONFIGURATION.EXTENSIBILITY_CONFIGEXTENSION.RESOURCES.DLL [Correcto]
MICROSOFT.SQLSERVER.CONFIGURATION.FULLTEXT_CONFIGEXTENSION.RESOURCES.DLL [Correcto]
MICROSOFT.SQLSERVER.CONFIGURATION.IMPY_CONFIGEXTENSION.RESOURCES.DLL [Correcto]
MICROSOFT.SQLSERVER.CONFIGURATION.IMR_CONFIGEXTENSION.RESOURCES.DLL [Correcto]
MICROSOFT.SQLSERVER.CONFIGURATION.INSTALLWIZARD.RESOURCES.DLL [Correcto]
MICROSOFT.SQLSERVER.CONFIGURATION.INSTALLWIZARDFRAMEWORK.RESOURCES.DLL [Correcto]
MICROSOFT.SQLSERVER.CONFIGURATION.ISMASTEREXTENSION.RESOURCES.DLL [Correcto]
MICROSOFT.SQLSERVER.CONFIGURATION.ISWORKEREXTENSION.RESOURCES.DLL [Correcto]
MICROSOFT.SQLSERVER.CONFIGURATION.MANAGEMENTTOOLSEXTENSION.RESOURCES.DLL [Correcto]
MICROSOFT.SQLSERVER.CONFIGURATION.MSIEXTENSION.RESOURCES.DLL [Correcto]
MICROSOFT.SQLSERVER.CONFIGURATION.POLYBASECONFIGEXTENSION.RESOURCES.DLL [Correcto]
MICROSOFT.SQLSERVER.CONFIGURATION.POLYBASEJAVACONFIGEXTENSION.RESOURCES.DLL [Correcto]
MICROSOFT.SQLSERVER.CONFIGURATION.POWERSHELLEXTENSION.RESOURCES.DLL [Correcto]
MICROSOFT.SQLSERVER.CONFIGURATION.REPL_CONFIGEXTENSION.RESOURCES.DLL [Correcto]
MICROSOFT.SQLSERVER.CONFIGURATION.RESOURCES.DLL [Correcto]
MICROSOFT.SQLSERVER.CONFIGURATION.RSEXTENSION.RESOURCES.DLL [Correcto]
MICROSOFT.SQLSERVER.CONFIGURATION.RULESENGINEEXTENSION.RESOURCES.DLL [Correcto]
MICROSOFT.SQLSERVER.CONFIGURATION.SAA_CONFIGEXTENSION.RESOURCES.DLL [Correcto]
MICROSOFT.SQLSERVER.CONFIGURATION.SCO.RESOURCES.DLL [Correcto]
MICROSOFT.SQLSERVER.CONFIGURATION.SCOEXTENSION.RESOURCES.DLL [Correcto]
MICROSOFT.SQLSERVER.CONFIGURATION.SETUPEXTENSION.RESOURCES.DLL [Correcto]
MICROSOFT.SQLSERVER.CONFIGURATION.SLPEXTENSION.RESOURCES.DLL [Correcto]
MICROSOFT.SQLSERVER.CONFIGURATION.SMARTSETUPEXTENSION.RESOURCES.DLL [Correcto]
MICROSOFT.SQLSERVER.CONFIGURATION.SMPY_CONFIGEXTENSION.RESOURCES.DLL [Correcto]
MICROSOFT.SQLSERVER.CONFIGURATION.SMR_CONFIGEXTENSION.RESOURCES.DLL [Correcto]
MICROSOFT.SQLSERVER.CONFIGURATION.SNISERVERCONFIGEXT.RESOURCES.DLL [Correcto]
MICROSOFT.SQLSERVER.CONFIGURATION.SQLBROWSEREXTENSION.RESOURCES.DLL [Correcto]
MICROSOFT.SQLSERVER.CONFIGURATION.SQLCONFIGBASE.RESOURCES.DLL [Correcto]
MICROSOFT.SQLSERVER.CONFIGURATION.SQLSERVER_CONFIGEXTENSION.RESOURCES.DLL [Correcto]
MICROSOFT.SQLSERVER.CONFIGURATION.SSISEXTENSION.RESOURCES.DLL [Correcto]
MICROSOFT.SQLSERVER.CONFIGURATION.UIEXTENSION.RESOURCES.DLL [Correcto]
MICROSOFT.SQLSERVER.CONFIGURATION.UTILITYEXTENSION.RESOURCES.DLL [Correcto]
MICROSOFT.SQLSERVER.CONFIGURATION.WIZARDFRAMEWORK.RESOURCES.DLL [Correcto]
MICROSOFT.SQLSERVER.CONFIGURATION.XTP.CONFIGEXTENSION.RESOURCES.DLL [Correcto]
MICROSOFT.SQLSERVER.CONNECTIONINFO.RESOURCES.DLL [Correcto]
MICROSOFT.SQLSERVER.DEPLOYMENT.RESOURCES.DLL [Correcto]
MICROSOFT.SQLSERVER.DISCOVERY.RESOURCES.DLL [Correcto]
MICROSOFT.SQLSERVER.DMF.COMMON.RESOURCES.DLL [Correcto]
MICROSOFT.SQLSERVER.DMF.RESOURCES.DLL [Correcto]
MICROSOFT.SQLSERVER.MANAGEMENT.CONTROLS.RESOURCES.DLL [Correcto]
MICROSOFT.SQLSERVER.MANAGEMENT.SDK.SFC.RESOURCES.DLL [Correcto]
MICROSOFT.SQLSERVER.SETUP.CHAINER.WORKFLOW.RESOURCES.DLL [Correcto]
MICROSOFT.SQLSERVER.SMO.RESOURCES.DLL [Correcto]
MICROSOFT.SQLSERVER.SQLENUM.RESOURCES.DLL [Correcto]

 Descomprimiendo archivos en C:\Program Files\Microsoft SQL Server\150\Setup Bootstrap\Update Cache\KB5068405\GDR\x64\ru\

LANDINGPAGE.RESOURCES.DLL [Correcto]
MICROSOFT.NETENTERPRISESERVERS.EXCEPTIONMESSAGEBOX.RESOURCES.DLL [Correcto]
MICROSOFT.SQL.CHAINER.PACKAGE.RESOURCES.DLL [Correcto]
MICROSOFT.SQL.CHAINER.PRODUCT.RESOURCES.DLL [Correcto]
MICROSOFT.SQLSERVER.CHAINER.EXTENSIONCOMMON.RESOURCES.DLL [Correcto]
MICROSOFT.SQLSERVER.CHAINER.INFRASTRUCTURE.RESOURCES.DLL [Correcto]
MICROSOFT.SQLSERVER.CHAINER.SETUP.RESOURCES.DLL [Correcto]
MICROSOFT.SQLSERVER.CONFIGURATION.AGENTEXTENSION.RESOURCES.DLL [Correcto]
MICROSOFT.SQLSERVER.CONFIGURATION.ASEXTENSION.RESOURCES.DLL [Correcto]
MICROSOFT.SQLSERVER.CONFIGURATION.BOOTSTRAPEXTENSION.RESOURCES.DLL [Correcto]
MICROSOFT.SQLSERVER.CONFIGURATION.CLUSTER.RESOURCES.DLL [Correcto]
MICROSOFT.SQLSERVER.CONFIGURATION.CONFIGEXTENSION.RESOURCES.DLL [Correcto]
MICROSOFT.SQLSERVER.CONFIGURATION.DISTRIBUTEDREPLAYEXTENSION.RESOURCES.DLL [Correcto]
MICROSOFT.SQLSERVER.CONFIGURATION.EXTENSIBILITY_CONFIGEXTENSION.RESOURCES.DLL [Correcto]
MICROSOFT.SQLSERVER.CONFIGURATION.FULLTEXT_CONFIGEXTENSION.RESOURCES.DLL [Correcto]
MICROSOFT.SQLSERVER.CONFIGURATION.IMPY_CONFIGEXTENSION.RESOURCES.DLL [Correcto]
MICROSOFT.SQLSERVER.CONFIGURATION.IMR_CONFIGEXTENSION.RESOURCES.DLL [Correcto]
MICROSOFT.SQLSERVER.CONFIGURATION.INSTALLWIZARD.RESOURCES.DLL [Correcto]
MICROSOFT.SQLSERVER.CONFIGURATION.INSTALLWIZARDFRAMEWORK.RESOURCES.DLL [Correcto]
MICROSOFT.SQLSERVER.CONFIGURATION.ISMASTEREXTENSION.RESOURCES.DLL [Correcto]
MICROSOFT.SQLSERVER.CONFIGURATION.ISWORKEREXTENSION.RESOURCES.DLL [Correcto]
MICROSOFT.SQLSERVER.CONFIGURATION.MANAGEMENTTOOLSEXTENSION.RESOURCES.DLL [Correcto]
MICROSOFT.SQLSERVER.CONFIGURATION.MSIEXTENSION.RESOURCES.DLL [Correcto]
MICROSOFT.SQLSERVER.CONFIGURATION.POLYBASECONFIGEXTENSION.RESOURCES.DLL [Correcto]
MICROSOFT.SQLSERVER.CONFIGURATION.POLYBASEJAVACONFIGEXTENSION.RESOURCES.DLL [Correcto]
MICROSOFT.SQLSERVER.CONFIGURATION.POWERSHELLEXTENSION.RESOURCES.DLL [Correcto]
MICROSOFT.SQLSERVER.CONFIGURATION.REPL_CONFIGEXTENSION.RESOURCES.DLL [Correcto]
MICROSOFT.SQLSERVER.CONFIGURATION.RESOURCES.DLL [Correcto]
MICROSOFT.SQLSERVER.CONFIGURATION.RSEXTENSION.RESOURCES.DLL [Correcto]
MICROSOFT.SQLSERVER.CONFIGURATION.RULESENGINEEXTENSION.RESOURCES.DLL [Correcto]
MICROSOFT.SQLSERVER.CONFIGURATION.SAA_CONFIGEXTENSION.RESOURCES.DLL [Correcto]
MICROSOFT.SQLSERVER.CONFIGURATION.SCO.RESOURCES.DLL [Correcto]
MICROSOFT.SQLSERVER.CONFIGURATION.SCOEXTENSION.RESOURCES.DLL [Correcto]
MICROSOFT.SQLSERVER.CONFIGURATION.SETUPEXTENSION.RESOURCES.DLL [Correcto]
MICROSOFT.SQLSERVER.CONFIGURATION.SLPEXTENSION.RESOURCES.DLL [Correcto]
MICROSOFT.SQLSERVER.CONFIGURATION.SMARTSETUPEXTENSION.RESOURCES.DLL [Correcto]
MICROSOFT.SQLSERVER.CONFIGURATION.SMPY_CONFIGEXTENSION.RESOURCES.DLL [Correcto]
MICROSOFT.SQLSERVER.CONFIGURATION.SMR_CONFIGEXTENSION.RESOURCES.DLL [Correcto]
MICROSOFT.SQLSERVER.CONFIGURATION.SNISERVERCONFIGEXT.RESOURCES.DLL [Correcto]
MICROSOFT.SQLSERVER.CONFIGURATION.SQLBROWSEREXTENSION.RESOURCES.DLL [Correcto]
MICROSOFT.SQLSERVER.CONFIGURATION.SQLCONFIGBASE.RESOURCES.DLL [Correcto]
MICROSOFT.SQLSERVER.CONFIGURATION.SQLSERVER_CONFIGEXTENSION.RESOURCES.DLL [Correcto]
MICROSOFT.SQLSERVER.CONFIGURATION.SSISEXTENSION.RESOURCES.DLL [Correcto]
MICROSOFT.SQLSERVER.CONFIGURATION.UIEXTENSION.RESOURCES.DLL [Correcto]
MICROSOFT.SQLSERVER.CONFIGURATION.UTILITYEXTENSION.RESOURCES.DLL [Correcto]
MICROSOFT.SQLSERVER.CONFIGURATION.WIZARDFRAMEWORK.RESOURCES.DLL [Correcto]
MICROSOFT.SQLSERVER.CONFIGURATION.XTP.CONFIGEXTENSION.RESOURCES.DLL [Correcto]
MICROSOFT.SQLSERVER.CONNECTIONINFO.RESOURCES.DLL [Correcto]
MICROSOFT.SQLSERVER.DEPLOYMENT.RESOURCES.DLL [Correcto]
MICROSOFT.SQLSERVER.DISCOVERY.RESOURCES.DLL [Correcto]
MICROSOFT.SQLSERVER.DMF.COMMON.RESOURCES.DLL [Correcto]
MICROSOFT.SQLSERVER.DMF.RESOURCES.DLL [Correcto]
MICROSOFT.SQLSERVER.MANAGEMENT.CONTROLS.RESOURCES.DLL [Correcto]
MICROSOFT.SQLSERVER.MANAGEMENT.SDK.SFC.RESOURCES.DLL [Correcto]
MICROSOFT.SQLSERVER.SETUP.CHAINER.WORKFLOW.RESOURCES.DLL [Correcto]
MICROSOFT.SQLSERVER.SMO.RESOURCES.DLL [Correcto]
MICROSOFT.SQLSERVER.SQLENUM.RESOURCES.DLL [Correcto]

 Descomprimiendo archivos en C:\Program Files\Microsoft SQL Server\150\Setup Bootstrap\Update Cache\KB5068405\GDR\x64\Setup\

SQL_AS.MSP [Correcto]
SQL_COMMON_CORE.MSP [Correcto]
SQL_DQ.MSP [Correcto]
SQL_DQ_COMMON.MSP [Correcto]
SQL_DREPLAY_CLIENT.MSP [Correcto]
SQL_DREPLAY_CONTROLLER.MSP [Correcto]
SQL_ENGINE_CORE_INST.MSP [Correcto]
SQL_ENGINE_CORE_SHARED.MSP [Correcto]
SQL_EXTENSIBILITY.MSP [Correcto]
SQL_INST_MPY.MSP [Correcto]
SQL_INST_MR.MSP [Correcto]
SQL_IS.MSP [Correcto]
SQL_IS_MASTER.MSP [Correcto]
SQL_IS_WORKER.MSP [Correcto]
SQL_POLYBASE_CORE_INST.MSP [Correcto]
SQL_POLYBASE_JAVA_INST.MSP [Correcto]
SQL_SHARED_MPY.MSP [Correcto]
SQL_SHARED_MR.MSP [Correcto]
SQL_TOOLS_EXTENSIONS.MSP [Correcto]
SQL_XEVENT.MSP [Correcto]

 Descomprimiendo archivos en C:\Program Files\Microsoft SQL Server\150\Setup Bootstrap\Update Cache\KB5068405\GDR\x64\zh-chs\

MICROSOFT.SQLSERVER.MANAGEMENT.CONTROLS.RESOURCES.DLL [Correcto]

 Descomprimiendo archivos en C:\Program Files\Microsoft SQL Server\150\Setup Bootstrap\Update Cache\KB5068405\GDR\x64\zh-cht\

MICROSOFT.SQLSERVER.MANAGEMENT.CONTROLS.RESOURCES.DLL [Correcto]

 Descomprimiendo archivos en C:\Program Files\Microsoft SQL Server\150\Setup Bootstrap\Update Cache\KB5068405\GDR\x64\zh-Hans\

LANDINGPAGE.RESOURCES.DLL [Correcto]
MICROSOFT.NETENTERPRISESERVERS.EXCEPTIONMESSAGEBOX.RESOURCES.DLL [Correcto]
MICROSOFT.SQL.CHAINER.PACKAGE.RESOURCES.DLL [Correcto]
MICROSOFT.SQL.CHAINER.PRODUCT.RESOURCES.DLL [Correcto]
MICROSOFT.SQLSERVER.CHAINER.EXTENSIONCOMMON.RESOURCES.DLL [Correcto]
MICROSOFT.SQLSERVER.CHAINER.INFRASTRUCTURE.RESOURCES.DLL [Correcto]
MICROSOFT.SQLSERVER.CHAINER.SETUP.RESOURCES.DLL [Correcto]
MICROSOFT.SQLSERVER.CONFIGURATION.AGENTEXTENSION.RESOURCES.DLL [Correcto]
MICROSOFT.SQLSERVER.CONFIGURATION.ASEXTENSION.RESOURCES.DLL [Correcto]
MICROSOFT.SQLSERVER.CONFIGURATION.BOOTSTRAPEXTENSION.RESOURCES.DLL [Correcto]
MICROSOFT.SQLSERVER.CONFIGURATION.CLUSTER.RESOURCES.DLL [Correcto]
MICROSOFT.SQLSERVER.CONFIGURATION.CONFIGEXTENSION.RESOURCES.DLL [Correcto]
MICROSOFT.SQLSERVER.CONFIGURATION.DISTRIBUTEDREPLAYEXTENSION.RESOURCES.DLL [Correcto]
MICROSOFT.SQLSERVER.CONFIGURATION.EXTENSIBILITY_CONFIGEXTENSION.RESOURCES.DLL [Correcto]
MICROSOFT.SQLSERVER.CONFIGURATION.FULLTEXT_CONFIGEXTENSION.RESOURCES.DLL [Correcto]
MICROSOFT.SQLSERVER.CONFIGURATION.IMPY_CONFIGEXTENSION.RESOURCES.DLL [Correcto]
MICROSOFT.SQLSERVER.CONFIGURATION.IMR_CONFIGEXTENSION.RESOURCES.DLL [Correcto]
MICROSOFT.SQLSERVER.CONFIGURATION.INSTALLWIZARD.RESOURCES.DLL [Correcto]
MICROSOFT.SQLSERVER.CONFIGURATION.INSTALLWIZARDFRAMEWORK.RESOURCES.DLL [Correcto]
MICROSOFT.SQLSERVER.CONFIGURATION.ISMASTEREXTENSION.RESOURCES.DLL [Correcto]
MICROSOFT.SQLSERVER.CONFIGURATION.ISWORKEREXTENSION.RESOURCES.DLL [Correcto]
MICROSOFT.SQLSERVER.CONFIGURATION.MANAGEMENTTOOLSEXTENSION.RESOURCES.DLL [Correcto]
MICROSOFT.SQLSERVER.CONFIGURATION.MSIEXTENSION.RESOURCES.DLL [Correcto]
MICROSOFT.SQLSERVER.CONFIGURATION.POLYBASECONFIGEXTENSION.RESOURCES.DLL [Correcto]
MICROSOFT.SQLSERVER.CONFIGURATION.POLYBASEJAVACONFIGEXTENSION.RESOURCES.DLL [Correcto]
MICROSOFT.SQLSERVER.CONFIGURATION.POWERSHELLEXTENSION.RESOURCES.DLL [Correcto]
MICROSOFT.SQLSERVER.CONFIGURATION.REPL_CONFIGEXTENSION.RESOURCES.DLL [Correcto]
MICROSOFT.SQLSERVER.CONFIGURATION.RESOURCES.DLL [Correcto]
MICROSOFT.SQLSERVER.CONFIGURATION.RSEXTENSION.RESOURCES.DLL [Correcto]
MICROSOFT.SQLSERVER.CONFIGURATION.RULESENGINEEXTENSION.RESOURCES.DLL [Correcto]
MICROSOFT.SQLSERVER.CONFIGURATION.SAA_CONFIGEXTENSION.RESOURCES.DLL [Correcto]
MICROSOFT.SQLSERVER.CONFIGURATION.SCO.RESOURCES.DLL [Correcto]
MICROSOFT.SQLSERVER.CONFIGURATION.SCOEXTENSION.RESOURCES.DLL [Correcto]
MICROSOFT.SQLSERVER.CONFIGURATION.SETUPEXTENSION.RESOURCES.DLL [Correcto]
MICROSOFT.SQLSERVER.CONFIGURATION.SLPEXTENSION.RESOURCES.DLL [Correcto]
MICROSOFT.SQLSERVER.CONFIGURATION.SMARTSETUPEXTENSION.RESOURCES.DLL [Correcto]
MICROSOFT.SQLSERVER.CONFIGURATION.SMPY_CONFIGEXTENSION.RESOURCES.DLL [Correcto]
MICROSOFT.SQLSERVER.CONFIGURATION.SMR_CONFIGEXTENSION.RESOURCES.DLL [Correcto]
MICROSOFT.SQLSERVER.CONFIGURATION.SNISERVERCONFIGEXT.RESOURCES.DLL [Correcto]
MICROSOFT.SQLSERVER.CONFIGURATION.SQLBROWSEREXTENSION.RESOURCES.DLL [Correcto]
MICROSOFT.SQLSERVER.CONFIGURATION.SQLCONFIGBASE.RESOURCES.DLL [Correcto]
MICROSOFT.SQLSERVER.CONFIGURATION.SQLSERVER_CONFIGEXTENSION.RESOURCES.DLL [Correcto]
MICROSOFT.SQLSERVER.CONFIGURATION.SSISEXTENSION.RESOURCES.DLL [Correcto]
MICROSOFT.SQLSERVER.CONFIGURATION.UIEXTENSION.RESOURCES.DLL [Correcto]
MICROSOFT.SQLSERVER.CONFIGURATION.UTILITYEXTENSION.RESOURCES.DLL [Correcto]
MICROSOFT.SQLSERVER.CONFIGURATION.WIZARDFRAMEWORK.RESOURCES.DLL [Correcto]
MICROSOFT.SQLSERVER.CONFIGURATION.XTP.CONFIGEXTENSION.RESOURCES.DLL [Correcto]
MICROSOFT.SQLSERVER.CONNECTIONINFO.RESOURCES.DLL [Correcto]
MICROSOFT.SQLSERVER.DEPLOYMENT.RESOURCES.DLL [Correcto]
MICROSOFT.SQLSERVER.DISCOVERY.RESOURCES.DLL [Correcto]
MICROSOFT.SQLSERVER.DMF.COMMON.RESOURCES.DLL [Correcto]
MICROSOFT.SQLSERVER.DMF.RESOURCES.DLL [Correcto]
MICROSOFT.SQLSERVER.MANAGEMENT.SDK.SFC.RESOURCES.DLL [Correcto]
MICROSOFT.SQLSERVER.SETUP.CHAINER.WORKFLOW.RESOURCES.DLL [Correcto]
MICROSOFT.SQLSERVER.SMO.RESOURCES.DLL [Correcto]
MICROSOFT.SQLSERVER.SQLENUM.RESOURCES.DLL [Correcto]

 Descomprimiendo archivos en C:\Program Files\Microsoft SQL Server\150\Setup Bootstrap\Update Cache\KB5068405\GDR\x64\zh-Hant\

LANDINGPAGE.RESOURCES.DLL [Correcto]
MICROSOFT.NETENTERPRISESERVERS.EXCEPTIONMESSAGEBOX.RESOURCES.DLL [Correcto]
MICROSOFT.SQL.CHAINER.PACKAGE.RESOURCES.DLL [Correcto]
MICROSOFT.SQL.CHAINER.PRODUCT.RESOURCES.DLL [Correcto]
MICROSOFT.SQLSERVER.CHAINER.EXTENSIONCOMMON.RESOURCES.DLL [Correcto]
MICROSOFT.SQLSERVER.CHAINER.INFRASTRUCTURE.RESOURCES.DLL [Correcto]
MICROSOFT.SQLSERVER.CHAINER.SETUP.RESOURCES.DLL [Correcto]
MICROSOFT.SQLSERVER.CONFIGURATION.AGENTEXTENSION.RESOURCES.DLL [Correcto]
MICROSOFT.SQLSERVER.CONFIGURATION.ASEXTENSION.RESOURCES.DLL [Correcto]
MICROSOFT.SQLSERVER.CONFIGURATION.BOOTSTRAPEXTENSION.RESOURCES.DLL [Correcto]
MICROSOFT.SQLSERVER.CONFIGURATION.CLUSTER.RESOURCES.DLL [Correcto]
MICROSOFT.SQLSERVER.CONFIGURATION.CONFIGEXTENSION.RESOURCES.DLL [Correcto]
MICROSOFT.SQLSERVER.CONFIGURATION.DISTRIBUTEDREPLAYEXTENSION.RESOURCES.DLL [Correcto]
MICROSOFT.SQLSERVER.CONFIGURATION.EXTENSIBILITY_CONFIGEXTENSION.RESOURCES.DLL [Correcto]
MICROSOFT.SQLSERVER.CONFIGURATION.FULLTEXT_CONFIGEXTENSION.RESOURCES.DLL [Correcto]
MICROSOFT.SQLSERVER.CONFIGURATION.IMPY_CONFIGEXTENSION.RESOURCES.DLL [Correcto]
MICROSOFT.SQLSERVER.CONFIGURATION.IMR_CONFIGEXTENSION.RESOURCES.DLL [Correcto]
MICROSOFT.SQLSERVER.CONFIGURATION.INSTALLWIZARD.RESOURCES.DLL [Correcto]
MICROSOFT.SQLSERVER.CONFIGURATION.INSTALLWIZARDFRAMEWORK.RESOURCES.DLL [Correcto]
MICROSOFT.SQLSERVER.CONFIGURATION.ISMASTEREXTENSION.RESOURCES.DLL [Correcto]
MICROSOFT.SQLSERVER.CONFIGURATION.ISWORKEREXTENSION.RESOURCES.DLL [Correcto]
MICROSOFT.SQLSERVER.CONFIGURATION.MANAGEMENTTOOLSEXTENSION.RESOURCES.DLL [Correcto]
MICROSOFT.SQLSERVER.CONFIGURATION.MSIEXTENSION.RESOURCES.DLL [Correcto]
MICROSOFT.SQLSERVER.CONFIGURATION.POLYBASECONFIGEXTENSION.RESOURCES.DLL [Correcto]
MICROSOFT.SQLSERVER.CONFIGURATION.POLYBASEJAVACONFIGEXTENSION.RESOURCES.DLL [Correcto]
MICROSOFT.SQLSERVER.CONFIGURATION.POWERSHELLEXTENSION.RESOURCES.DLL [Correcto]
MICROSOFT.SQLSERVER.CONFIGURATION.REPL_CONFIGEXTENSION.RESOURCES.DLL [Correcto]
MICROSOFT.SQLSERVER.CONFIGURATION.RESOURCES.DLL [Correcto]
MICROSOFT.SQLSERVER.CONFIGURATION.RSEXTENSION.RESOURCES.DLL [Correcto]
MICROSOFT.SQLSERVER.CONFIGURATION.RULESENGINEEXTENSION.RESOURCES.DLL [Correcto]
MICROSOFT.SQLSERVER.CONFIGURATION.SAA_CONFIGEXTENSION.RESOURCES.DLL [Correcto]
MICROSOFT.SQLSERVER.CONFIGURATION.SCO.RESOURCES.DLL [Correcto]
MICROSOFT.SQLSERVER.CONFIGURATION.SCOEXTENSION.RESOURCES.DLL [Correcto]
MICROSOFT.SQLSERVER.CONFIGURATION.SETUPEXTENSION.RESOURCES.DLL [Correcto]
MICROSOFT.SQLSERVER.CONFIGURATION.SLPEXTENSION.RESOURCES.DLL [Correcto]
MICROSOFT.SQLSERVER.CONFIGURATION.SMARTSETUPEXTENSION.RESOURCES.DLL [Correcto]
MICROSOFT.SQLSERVER.CONFIGURATION.SMPY_CONFIGEXTENSION.RESOURCES.DLL [Correcto]
MICROSOFT.SQLSERVER.CONFIGURATION.SMR_CONFIGEXTENSION.RESOURCES.DLL [Correcto]
MICROSOFT.SQLSERVER.CONFIGURATION.SNISERVERCONFIGEXT.RESOURCES.DLL [Correcto]
MICROSOFT.SQLSERVER.CONFIGURATION.SQLBROWSEREXTENSION.RESOURCES.DLL [Correcto]
MICROSOFT.SQLSERVER.CONFIGURATION.SQLCONFIGBASE.RESOURCES.DLL [Correcto]
MICROSOFT.SQLSERVER.CONFIGURATION.SQLSERVER_CONFIGEXTENSION.RESOURCES.DLL [Correcto]
MICROSOFT.SQLSERVER.CONFIGURATION.SSISEXTENSION.RESOURCES.DLL [Correcto]
MICROSOFT.SQLSERVER.CONFIGURATION.UIEXTENSION.RESOURCES.DLL [Correcto]
MICROSOFT.SQLSERVER.CONFIGURATION.UTILITYEXTENSION.RESOURCES.DLL [Correcto]
MICROSOFT.SQLSERVER.CONFIGURATION.WIZARDFRAMEWORK.RESOURCES.DLL [Correcto]
MICROSOFT.SQLSERVER.CONFIGURATION.XTP.CONFIGEXTENSION.RESOURCES.DLL [Correcto]
MICROSOFT.SQLSERVER.CONNECTIONINFO.RESOURCES.DLL [Correcto]
MICROSOFT.SQLSERVER.DEPLOYMENT.RESOURCES.DLL [Correcto]
MICROSOFT.SQLSERVER.DISCOVERY.RESOURCES.DLL [Correcto]
MICROSOFT.SQLSERVER.DMF.COMMON.RESOURCES.DLL [Correcto]
MICROSOFT.SQLSERVER.DMF.RESOURCES.DLL [Correcto]
MICROSOFT.SQLSERVER.MANAGEMENT.SDK.SFC.RESOURCES.DLL [Correcto]
MICROSOFT.SQLSERVER.SETUP.CHAINER.WORKFLOW.RESOURCES.DLL [Correcto]
MICROSOFT.SQLSERVER.SMO.RESOURCES.DLL [Correcto]
MICROSOFT.SQLSERVER.SQLENUM.RESOURCES.DLL [Correcto]

 Descomprimiendo archivos en C:\Program Files\Microsoft SQL Server\150\Setup Bootstrap\Update Cache\KB5077470\

GDR [Correcto]

 Descomprimiendo archivos en C:\Program Files\Microsoft SQL Server\150\Setup Bootstrap\Update Cache\KB5077470\GDR\

1028_CHT_LP [Correcto]
1031_DEU_LP [Correcto]
1033_ENU_LP [Correcto]
1036_FRA_LP [Correcto]
1040_ITA_LP [Correcto]
1041_JPN_LP [Correcto]
1042_KOR_LP [Correcto]
1046_PTB_LP [Correcto]
1049_RUS_LP [Correcto]
2052_CHS_LP [Correcto]
3082_ESN_LP [Correcto]
MEDIAINFO.XML [Correcto]
PackageId.dat [Correcto]
resources [Correcto]
SETUP.EXE [Correcto]
SETUP.EXE.CONFIG [Correcto]
SQLSETUPBOOTSTRAPPER.DLL [Correcto]
x64 [Correcto]

 Descomprimiendo archivos en C:\Program Files\Microsoft SQL Server\150\Setup Bootstrap\Update Cache\KB5077470\GDR\1028_CHT_LP\

x64 [Correcto]

 Descomprimiendo archivos en C:\Program Files\Microsoft SQL Server\150\Setup Bootstrap\Update Cache\KB5077470\GDR\1028_CHT_LP\x64\

1028 [Correcto]

 Descomprimiendo archivos en C:\Program Files\Microsoft SQL Server\150\Setup Bootstrap\Update Cache\KB5077470\GDR\1028_CHT_LP\x64\1028\

PYTHONLICENSE.RTF [Correcto]
README.HTM [Correcto]
ROPENLICENSE.RTF [Correcto]
UPDATE_LICENSE.RTF [Correcto]

 Descomprimiendo archivos en C:\Program Files\Microsoft SQL Server\150\Setup Bootstrap\Update Cache\KB5077470\GDR\1031_DEU_LP\

x64 [Correcto]

 Descomprimiendo archivos en C:\Program Files\Microsoft SQL Server\150\Setup Bootstrap\Update Cache\KB5077470\GDR\1031_DEU_LP\x64\

1031 [Correcto]

 Descomprimiendo archivos en C:\Program Files\Microsoft SQL Server\150\Setup Bootstrap\Update Cache\KB5077470\GDR\1031_DEU_LP\x64\1031\

PYTHONLICENSE.RTF [Correcto]
README.HTM [Correcto]
ROPENLICENSE.RTF [Correcto]
UPDATE_LICENSE.RTF [Correcto]

 Descomprimiendo archivos en C:\Program Files\Microsoft SQL Server\150\Setup Bootstrap\Update Cache\KB5077470\GDR\1033_ENU_LP\

MEDIAINFO.XML [Correcto]
x64 [Correcto]

 Descomprimiendo archivos en C:\Program Files\Microsoft SQL Server\150\Setup Bootstrap\Update Cache\KB5077470\GDR\1033_ENU_LP\x64\

1033 [Correcto]
Setup [Correcto]

 Descomprimiendo archivos en C:\Program Files\Microsoft SQL Server\150\Setup Bootstrap\Update Cache\KB5077470\GDR\1033_ENU_LP\x64\1033\

PYTHONLICENSE.RTF [Correcto]
README.HTM [Correcto]
ROPENLICENSE.RTF [Correcto]
UPDATE_LICENSE.RTF [Correcto]

 Descomprimiendo archivos en C:\Program Files\Microsoft SQL Server\150\Setup Bootstrap\Update Cache\KB5077470\GDR\1033_ENU_LP\x64\Setup\

SQLBROWSER.MSP [Correcto]
x64 [Correcto]

 Descomprimiendo archivos en C:\Program Files\Microsoft SQL Server\150\Setup Bootstrap\Update Cache\KB5077470\GDR\1033_ENU_LP\x64\Setup\x64\

MSODBCSQL.MSI [Correcto]
MSOLEDBSQL.MSI [Correcto]
SQLNCLI.MSI [Correcto]
SQLWRITER.MSP [Correcto]

 Descomprimiendo archivos en C:\Program Files\Microsoft SQL Server\150\Setup Bootstrap\Update Cache\KB5077470\GDR\1036_FRA_LP\

x64 [Correcto]

 Descomprimiendo archivos en C:\Program Files\Microsoft SQL Server\150\Setup Bootstrap\Update Cache\KB5077470\GDR\1036_FRA_LP\x64\

1036 [Correcto]

 Descomprimiendo archivos en C:\Program Files\Microsoft SQL Server\150\Setup Bootstrap\Update Cache\KB5077470\GDR\1036_FRA_LP\x64\1036\

PYTHONLICENSE.RTF [Correcto]
README.HTM [Correcto]
ROPENLICENSE.RTF [Correcto]
UPDATE_LICENSE.RTF [Correcto]

 Descomprimiendo archivos en C:\Program Files\Microsoft SQL Server\150\Setup Bootstrap\Update Cache\KB5077470\GDR\1040_ITA_LP\

x64 [Correcto]

 Descomprimiendo archivos en C:\Program Files\Microsoft SQL Server\150\Setup Bootstrap\Update Cache\KB5077470\GDR\1040_ITA_LP\x64\

1040 [Correcto]

 Descomprimiendo archivos en C:\Program Files\Microsoft SQL Server\150\Setup Bootstrap\Update Cache\KB5077470\GDR\1040_ITA_LP\x64\1040\

PYTHONLICENSE.RTF [Correcto]
README.HTM [Correcto]
ROPENLICENSE.RTF [Correcto]
UPDATE_LICENSE.RTF [Correcto]

 Descomprimiendo archivos en C:\Program Files\Microsoft SQL Server\150\Setup Bootstrap\Update Cache\KB5077470\GDR\1041_JPN_LP\

x64 [Correcto]

 Descomprimiendo archivos en C:\Program Files\Microsoft SQL Server\150\Setup Bootstrap\Update Cache\KB5077470\GDR\1041_JPN_LP\x64\

1041 [Correcto]

 Descomprimiendo archivos en C:\Program Files\Microsoft SQL Server\150\Setup Bootstrap\Update Cache\KB5077470\GDR\1041_JPN_LP\x64\1041\

PYTHONLICENSE.RTF [Correcto]
README.HTM [Correcto]
ROPENLICENSE.RTF [Correcto]
UPDATE_LICENSE.RTF [Correcto]

 Descomprimiendo archivos en C:\Program Files\Microsoft SQL Server\150\Setup Bootstrap\Update Cache\KB5077470\GDR\1042_KOR_LP\

x64 [Correcto]

 Descomprimiendo archivos en C:\Program Files\Microsoft SQL Server\150\Setup Bootstrap\Update Cache\KB5077470\GDR\1042_KOR_LP\x64\

1042 [Correcto]

 Descomprimiendo archivos en C:\Program Files\Microsoft SQL Server\150\Setup Bootstrap\Update Cache\KB5077470\GDR\1042_KOR_LP\x64\1042\

PYTHONLICENSE.RTF [Correcto]
README.HTM [Correcto]
ROPENLICENSE.RTF [Correcto]
UPDATE_LICENSE.RTF [Correcto]

 Descomprimiendo archivos en C:\Program Files\Microsoft SQL Server\150\Setup Bootstrap\Update Cache\KB5077470\GDR\1046_PTB_LP\

x64 [Correcto]

 Descomprimiendo archivos en C:\Program Files\Microsoft SQL Server\150\Setup Bootstrap\Update Cache\KB5077470\GDR\1046_PTB_LP\x64\

1046 [Correcto]

 Descomprimiendo archivos en C:\Program Files\Microsoft SQL Server\150\Setup Bootstrap\Update Cache\KB5077470\GDR\1046_PTB_LP\x64\1046\

PYTHONLICENSE.RTF [Correcto]
README.HTM [Correcto]
ROPENLICENSE.RTF [Correcto]
UPDATE_LICENSE.RTF [Correcto]

 Descomprimiendo archivos en C:\Program Files\Microsoft SQL Server\150\Setup Bootstrap\Update Cache\KB5077470\GDR\1049_RUS_LP\

x64 [Correcto]

 Descomprimiendo archivos en C:\Program Files\Microsoft SQL Server\150\Setup Bootstrap\Update Cache\KB5077470\GDR\1049_RUS_LP\x64\

1049 [Correcto]

 Descomprimiendo archivos en C:\Program Files\Microsoft SQL Server\150\Setup Bootstrap\Update Cache\KB5077470\GDR\1049_RUS_LP\x64\1049\

PYTHONLICENSE.RTF [Correcto]
README.HTM [Correcto]
ROPENLICENSE.RTF [Correcto]
UPDATE_LICENSE.RTF [Correcto]

 Descomprimiendo archivos en C:\Program Files\Microsoft SQL Server\150\Setup Bootstrap\Update Cache\KB5077470\GDR\2052_CHS_LP\

x64 [Correcto]

 Descomprimiendo archivos en C:\Program Files\Microsoft SQL Server\150\Setup Bootstrap\Update Cache\KB5077470\GDR\2052_CHS_LP\x64\

2052 [Correcto]

 Descomprimiendo archivos en C:\Program Files\Microsoft SQL Server\150\Setup Bootstrap\Update Cache\KB5077470\GDR\2052_CHS_LP\x64\2052\

PYTHONLICENSE.RTF [Correcto]
README.HTM [Correcto]
ROPENLICENSE.RTF [Correcto]
UPDATE_LICENSE.RTF [Correcto]

 Descomprimiendo archivos en C:\Program Files\Microsoft SQL Server\150\Setup Bootstrap\Update Cache\KB5077470\GDR\3082_ESN_LP\

x64 [Correcto]

 Descomprimiendo archivos en C:\Program Files\Microsoft SQL Server\150\Setup Bootstrap\Update Cache\KB5077470\GDR\3082_ESN_LP\x64\

3082 [Correcto]

 Descomprimiendo archivos en C:\Program Files\Microsoft SQL Server\150\Setup Bootstrap\Update Cache\KB5077470\GDR\3082_ESN_LP\x64\3082\

PYTHONLICENSE.RTF [Correcto]
README.HTM [Correcto]
ROPENLICENSE.RTF [Correcto]
UPDATE_LICENSE.RTF [Correcto]

 Descomprimiendo archivos en C:\Program Files\Microsoft SQL Server\150\Setup Bootstrap\Update Cache\KB5077470\GDR\resources\

1033 [Correcto]

 Descomprimiendo archivos en C:\Program Files\Microsoft SQL Server\150\Setup Bootstrap\Update Cache\KB5077470\GDR\resources\1033\

SETUP.RLL [Correcto]

 Descomprimiendo archivos en C:\Program Files\Microsoft SQL Server\150\Setup Bootstrap\Update Cache\KB5077470\GDR\x64\

ADDNODE.XML [Correcto]
COMPLETECLUSTERWIZARD.XML [Correcto]
COMPLETEIMAGEWIZARD.XML [Correcto]
COMPONENTUPDATE.XML [Correcto]
CONFIGURATION.UICFG [Correcto]
de [Correcto]
EDITIONUPGRADEWIZARD.XML [Correcto]
es [Correcto]
FIXSQLREGISTRYKEY_X64.EXE [Correcto]
FIXSQLREGISTRYKEY_X64.EXE.CONFIG [Correcto]
FIXSQLREGISTRYKEY_X86.EXE [Correcto]
FIXSQLREGISTRYKEY_X86.EXE.CONFIG [Correcto]
fr [Correcto]
INSTALLCLUSTERWIZARD.XML [Correcto]
INSTALLWIZARD.XML [Correcto]
INSTAPI150.DLL [Correcto]
it [Correcto]
ja [Correcto]
ko [Correcto]
LANDINGPAGE.EXE [Correcto]
LANDINGPAGE.EXE.CONFIG [Correcto]
MICROSOFT.ANALYSISSERVICES.ADOMDCLIENT.DLL [Correcto]
MICROSOFT.ANALYSISSERVICES.CORE.DLL [Correcto]
MICROSOFT.ANALYSISSERVICES.DLL [Correcto]
MICROSOFT.ANALYSISSERVICES.SPCLIENT.INTERFACES.DLL [Correcto]
MICROSOFT.ANALYSISSERVICES.TABULAR.DLL [Correcto]
MICROSOFT.ANALYSISSERVICES.TABULAR.JSON.DLL [Correcto]
MICROSOFT.DIAGNOSTICS.TRACING.EVENTSOURCE.DLL [Correcto]
MICROSOFT.NETENTERPRISESERVERS.EXCEPTIONMESSAGEBOX.DLL [Correcto]
MICROSOFT.SQL.CHAINER.PACKAGE.DLL [Correcto]
MICROSOFT.SQL.CHAINER.PACKAGE.XMLSERIALIZERS.DLL [Correcto]
MICROSOFT.SQL.CHAINER.PACKAGEDATA.DLL [Correcto]
MICROSOFT.SQL.CHAINER.PRODUCT.DLL [Correcto]
MICROSOFT.SQL.CHAINER.PRODUCT.XMLSERIALIZERS.DLL [Correcto]
MICROSOFT.SQLSERVER.CHAINER.EXTENSIONCOMMON.DLL [Correcto]
MICROSOFT.SQLSERVER.CHAINER.EXTENSIONCOMMON.XMLSERIALIZERS.DLL [Correcto]
MICROSOFT.SQLSERVER.CHAINER.INFRASTRUCTURE.DLL [Correcto]
MICROSOFT.SQLSERVER.CHAINER.INFRASTRUCTURE.XMLSERIALIZERS.DLL [Correcto]
MICROSOFT.SQLSERVER.CHAINER.WORKFLOWDATA.DLL [Correcto]
MICROSOFT.SQLSERVER.CHAINER.WORKFLOWDATA.XMLSERIALIZERS.DLL [Correcto]
MICROSOFT.SQLSERVER.CONFIGURATION.AGENTEXTENSION.DLL [Correcto]
MICROSOFT.SQLSERVER.CONFIGURATION.ASEXTENSION.DLL [Correcto]
MICROSOFT.SQLSERVER.CONFIGURATION.ASTELEMETRYEXTENSION.DLL [Correcto]
MICROSOFT.SQLSERVER.CONFIGURATION.BOOTSTRAPEXTENSION.DLL [Correcto]
MICROSOFT.SQLSERVER.CONFIGURATION.BOOTSTRAPEXTENSION.XMLSERIALIZERS.DLL [Correcto]
MICROSOFT.SQLSERVER.CONFIGURATION.CLUSTER.DLL [Correcto]
MICROSOFT.SQLSERVER.CONFIGURATION.CLUSTER.XMLSERIALIZERS.DLL [Correcto]
MICROSOFT.SQLSERVER.CONFIGURATION.CONFIGEXTENSION.DLL [Correcto]
MICROSOFT.SQLSERVER.CONFIGURATION.CONFIGEXTENSION.XMLSERIALIZERS.DLL [Correcto]
MICROSOFT.SQLSERVER.CONFIGURATION.DISTRIBUTEDREPLAYEXTENSION.DLL [Correcto]
MICROSOFT.SQLSERVER.CONFIGURATION.DLL [Correcto]
MICROSOFT.SQLSERVER.CONFIGURATION.EXTENSIBILITY_CONFIGEXTENSION.DLL [Correcto]
MICROSOFT.SQLSERVER.CONFIGURATION.FULLTEXT_CONFIGEXTENSION.DLL [Correcto]
MICROSOFT.SQLSERVER.CONFIGURATION.IMPY_CONFIGEXTENSION.DLL [Correcto]
MICROSOFT.SQLSERVER.CONFIGURATION.IMR_CONFIGEXTENSION.DLL [Correcto]
MICROSOFT.SQLSERVER.CONFIGURATION.INSTALLWIZARD.DLL [Correcto]
MICROSOFT.SQLSERVER.CONFIGURATION.INSTALLWIZARDFRAMEWORK.DLL [Correcto]
MICROSOFT.SQLSERVER.CONFIGURATION.INSTALLWIZARDFRAMEWORK.XMLSERIALIZERS.DLL [Correcto]
MICROSOFT.SQLSERVER.CONFIGURATION.ISMASTEREXTENSION.DLL [Correcto]
MICROSOFT.SQLSERVER.CONFIGURATION.ISTELEMETRYCONFIGEXTENSION.DLL [Correcto]
MICROSOFT.SQLSERVER.CONFIGURATION.ISWORKEREXTENSION.DLL [Correcto]
MICROSOFT.SQLSERVER.CONFIGURATION.MANAGEMENTTOOLSEXTENSION.DLL [Correcto]
MICROSOFT.SQLSERVER.CONFIGURATION.MSIEXTENSION.DLL [Correcto]
MICROSOFT.SQLSERVER.CONFIGURATION.MSIEXTENSION.XMLSERIALIZERS.DLL [Correcto]
MICROSOFT.SQLSERVER.CONFIGURATION.POLYBASECONFIGEXTENSION.DLL [Correcto]
MICROSOFT.SQLSERVER.CONFIGURATION.POLYBASEJAVACONFIGEXTENSION.DLL [Correcto]
MICROSOFT.SQLSERVER.CONFIGURATION.POWERSHELLEXTENSION.DLL [Correcto]
MICROSOFT.SQLSERVER.CONFIGURATION.REPL_CONFIGEXTENSION.DLL [Correcto]
MICROSOFT.SQLSERVER.CONFIGURATION.RSEXTENSION.DLL [Correcto]
MICROSOFT.SQLSERVER.CONFIGURATION.RULESENGINEEXTENSION.DLL [Correcto]
MICROSOFT.SQLSERVER.CONFIGURATION.RULESENGINEEXTENSION.XMLSERIALIZERS.DLL [Correcto]
MICROSOFT.SQLSERVER.CONFIGURATION.SAA_CONFIGEXTENSION.DLL [Correcto]
MICROSOFT.SQLSERVER.CONFIGURATION.SCO.DLL [Correcto]
MICROSOFT.SQLSERVER.CONFIGURATION.SCO.XMLSERIALIZERS.DLL [Correcto]
MICROSOFT.SQLSERVER.CONFIGURATION.SCOEXTENSION.DLL [Correcto]
MICROSOFT.SQLSERVER.CONFIGURATION.SETUPEXTENSION.DLL [Correcto]
MICROSOFT.SQLSERVER.CONFIGURATION.SETUPEXTENSION.XMLSERIALIZERS.DLL [Correcto]
MICROSOFT.SQLSERVER.CONFIGURATION.SLPEXTENSION.DLL [Correcto]
MICROSOFT.SQLSERVER.CONFIGURATION.SMARTSETUPEXTENSION.DLL [Correcto]
MICROSOFT.SQLSERVER.CONFIGURATION.SMARTSETUPEXTENSION.XMLSERIALIZERS.DLL [Correcto]
MICROSOFT.SQLSERVER.CONFIGURATION.SMPY_CONFIGEXTENSION.DLL [Correcto]
MICROSOFT.SQLSERVER.CONFIGURATION.SMR_CONFIGEXTENSION.DLL [Correcto]
MICROSOFT.SQLSERVER.CONFIGURATION.SNISERVERCONFIGEXT.DLL [Correcto]
MICROSOFT.SQLSERVER.CONFIGURATION.SQLBROWSEREXTENSION.DLL [Correcto]
MICROSOFT.SQLSERVER.CONFIGURATION.SQLCONFIGBASE.DLL [Correcto]
MICROSOFT.SQLSERVER.CONFIGURATION.SQLCONFIGBASE.XMLSERIALIZERS.DLL [Correcto]
MICROSOFT.SQLSERVER.CONFIGURATION.SQLSERVER_CONFIGEXTENSION.DLL [Correcto]
MICROSOFT.SQLSERVER.CONFIGURATION.SSISEXTENSION.DLL [Correcto]
MICROSOFT.SQLSERVER.CONFIGURATION.TELEMETRYCONFIGEXTENSION.DLL [Correcto]
MICROSOFT.SQLSERVER.CONFIGURATION.TELEMETRYCONFIGEXTENSION.RESOURCES.DLL [Correcto]
MICROSOFT.SQLSERVER.CONFIGURATION.UIEXTENSION.DLL [Correcto]
MICROSOFT.SQLSERVER.CONFIGURATION.UIEXTENSION.XMLSERIALIZERS.DLL [Correcto]
MICROSOFT.SQLSERVER.CONFIGURATION.UTILITYEXTENSION.DLL [Correcto]
MICROSOFT.SQLSERVER.CONFIGURATION.WIZARDFRAMEWORK.DLL [Correcto]
MICROSOFT.SQLSERVER.CONFIGURATION.WIZARDFRAMEWORK.XMLSERIALIZERS.DLL [Correcto]
MICROSOFT.SQLSERVER.CONFIGURATION.WMIINTEROP.DLL [Correcto]
MICROSOFT.SQLSERVER.CONFIGURATION.XMLSERIALIZERS.DLL [Correcto]
MICROSOFT.SQLSERVER.CONFIGURATION.XTP.CONFIGEXTENSION.DLL [Correcto]
MICROSOFT.SQLSERVER.CONNECTIONINFO.DLL [Correcto]
MICROSOFT.SQLSERVER.CUSTOMCONTROLS.DLL [Correcto]
MICROSOFT.SQLSERVER.DATAWAREHOUSE.WORKLOADDEPLOYMENT.DLL [Correcto]
MICROSOFT.SQLSERVER.DEPLOYMENT.DLL [Correcto]
MICROSOFT.SQLSERVER.DEPLOYMENT.XMLSERIALIZERS.DLL [Correcto]
MICROSOFT.SQLSERVER.DIAGNOSTICS.STRACE.DLL [Correcto]
MICROSOFT.SQLSERVER.DISCOVERY.DLL [Correcto]
MICROSOFT.SQLSERVER.DISCOVERY.XMLSERIALIZERS.DLL [Correcto]
MICROSOFT.SQLSERVER.DMF.COMMON.DLL [Correcto]
MICROSOFT.SQLSERVER.DMF.DLL [Correcto]
MICROSOFT.SQLSERVER.INSTAPI.DLL [Correcto]
MICROSOFT.SQLSERVER.INTEROP.FIREWALLAPI.DLL [Correcto]
MICROSOFT.SQLSERVER.INTEROP.TASKSCHD.DLL [Correcto]
MICROSOFT.SQLSERVER.INTEROP.WUAPILIB.DLL [Correcto]
MICROSOFT.SQLSERVER.MANAGEMENT.CONTROLS.DLL [Correcto]
MICROSOFT.SQLSERVER.MANAGEMENT.SDK.SFC.DLL [Correcto]
MICROSOFT.SQLSERVER.SETUP.CHAINER.WORKFLOW.DLL [Correcto]
MICROSOFT.SQLSERVER.SETUP.CHAINER.WORKFLOW.XMLSERIALIZERS.DLL [Correcto]
MICROSOFT.SQLSERVER.SMO.DLL [Correcto]
MICROSOFT.SQLSERVER.SQLCLRPROVIDER.DLL [Correcto]
MICROSOFT.SQLSERVER.SQLENUM.DLL [Correcto]
MICROSOFT.SQLSERVER.SSTRING.DLL [Correcto]
MICROSOFT.SQLSERVER.USAGETRACKING.DLL [Correcto]
MSVCP140.DLL [Correcto]
MSVCP140_1.DLL [Correcto]
NEWTONSOFT.JSON.DLL [Correcto]
PACKAGE.XSD [Correcto]
PATCHWIZARD.XML [Correcto]
PIDGENX.DLL [Correcto]
PIDPRIVATECONFIGOBJECTMAPS.XML [Correcto]
PREPARECLUSTERWIZARD.XML [Correcto]
PREPAREIMAGEWIZARD.XML [Correcto]
pt [Correcto]
REMOVENODE.XML [Correcto]
REMOVEPATCHWIZARD.XML [Correcto]
REPAIRWIZARD.XML [Correcto]
RSETUP.EXE [Correcto]
ru [Correcto]
RUNRULESUI.XML [Correcto]
SCENARIOENGINE.EXE [Correcto]
SCENARIOENGINE.EXE.CONFIG [Correcto]
Setup [Correcto]
SHELLOBJECTS.DLL [Correcto]
SQLBOOT.DLL [Correcto]
SQLCAB.DLL [Correcto]
SQLCONF.DLL [Correcto]
SQLMU.DLL [Correcto]
SQLPROCESSSUB.DLL [Correcto]
SQLSCCN.DLL [Correcto]
UNINSTALLWIZARD.XML [Correcto]
UPGRADEWIZARD.XML [Correcto]
VCCORLIB140.DLL [Correcto]
VCRUNTIME140.DLL [Correcto]
zh-chs [Correcto]
zh-cht [Correcto]
zh-Hans [Correcto]
zh-Hant [Correcto]

 Descomprimiendo archivos en C:\Program Files\Microsoft SQL Server\150\Setup Bootstrap\Update Cache\KB5077470\GDR\x64\de\

LANDINGPAGE.RESOURCES.DLL [Correcto]
MICROSOFT.NETENTERPRISESERVERS.EXCEPTIONMESSAGEBOX.RESOURCES.DLL [Correcto]
MICROSOFT.SQL.CHAINER.PACKAGE.RESOURCES.DLL [Correcto]
MICROSOFT.SQL.CHAINER.PRODUCT.RESOURCES.DLL [Correcto]
MICROSOFT.SQLSERVER.CHAINER.EXTENSIONCOMMON.RESOURCES.DLL [Correcto]
MICROSOFT.SQLSERVER.CHAINER.INFRASTRUCTURE.RESOURCES.DLL [Correcto]
MICROSOFT.SQLSERVER.CHAINER.SETUP.RESOURCES.DLL [Correcto]
MICROSOFT.SQLSERVER.CONFIGURATION.AGENTEXTENSION.RESOURCES.DLL [Correcto]
MICROSOFT.SQLSERVER.CONFIGURATION.ASEXTENSION.RESOURCES.DLL [Correcto]
MICROSOFT.SQLSERVER.CONFIGURATION.BOOTSTRAPEXTENSION.RESOURCES.DLL [Correcto]
MICROSOFT.SQLSERVER.CONFIGURATION.CLUSTER.RESOURCES.DLL [Correcto]
MICROSOFT.SQLSERVER.CONFIGURATION.CONFIGEXTENSION.RESOURCES.DLL [Correcto]
MICROSOFT.SQLSERVER.CONFIGURATION.DISTRIBUTEDREPLAYEXTENSION.RESOURCES.DLL [Correcto]
MICROSOFT.SQLSERVER.CONFIGURATION.EXTENSIBILITY_CONFIGEXTENSION.RESOURCES.DLL [Correcto]
MICROSOFT.SQLSERVER.CONFIGURATION.FULLTEXT_CONFIGEXTENSION.RESOURCES.DLL [Correcto]
MICROSOFT.SQLSERVER.CONFIGURATION.IMPY_CONFIGEXTENSION.RESOURCES.DLL [Correcto]
MICROSOFT.SQLSERVER.CONFIGURATION.IMR_CONFIGEXTENSION.RESOURCES.DLL [Correcto]
MICROSOFT.SQLSERVER.CONFIGURATION.INSTALLWIZARD.RESOURCES.DLL [Correcto]
MICROSOFT.SQLSERVER.CONFIGURATION.INSTALLWIZARDFRAMEWORK.RESOURCES.DLL [Correcto]
MICROSOFT.SQLSERVER.CONFIGURATION.ISMASTEREXTENSION.RESOURCES.DLL [Correcto]
MICROSOFT.SQLSERVER.CONFIGURATION.ISWORKEREXTENSION.RESOURCES.DLL [Correcto]
MICROSOFT.SQLSERVER.CONFIGURATION.MANAGEMENTTOOLSEXTENSION.RESOURCES.DLL [Correcto]
MICROSOFT.SQLSERVER.CONFIGURATION.MSIEXTENSION.RESOURCES.DLL [Correcto]
MICROSOFT.SQLSERVER.CONFIGURATION.POLYBASECONFIGEXTENSION.RESOURCES.DLL [Correcto]
MICROSOFT.SQLSERVER.CONFIGURATION.POLYBASEJAVACONFIGEXTENSION.RESOURCES.DLL [Correcto]
MICROSOFT.SQLSERVER.CONFIGURATION.POWERSHELLEXTENSION.RESOURCES.DLL [Correcto]
MICROSOFT.SQLSERVER.CONFIGURATION.REPL_CONFIGEXTENSION.RESOURCES.DLL [Correcto]
MICROSOFT.SQLSERVER.CONFIGURATION.RESOURCES.DLL [Correcto]
MICROSOFT.SQLSERVER.CONFIGURATION.RSEXTENSION.RESOURCES.DLL [Correcto]
MICROSOFT.SQLSERVER.CONFIGURATION.RULESENGINEEXTENSION.RESOURCES.DLL [Correcto]
MICROSOFT.SQLSERVER.CONFIGURATION.SAA_CONFIGEXTENSION.RESOURCES.DLL [Correcto]
MICROSOFT.SQLSERVER.CONFIGURATION.SCO.RESOURCES.DLL [Correcto]
MICROSOFT.SQLSERVER.CONFIGURATION.SCOEXTENSION.RESOURCES.DLL [Correcto]
MICROSOFT.SQLSERVER.CONFIGURATION.SETUPEXTENSION.RESOURCES.DLL [Correcto]
MICROSOFT.SQLSERVER.CONFIGURATION.SLPEXTENSION.RESOURCES.DLL [Correcto]
MICROSOFT.SQLSERVER.CONFIGURATION.SMARTSETUPEXTENSION.RESOURCES.DLL [Correcto]
MICROSOFT.SQLSERVER.CONFIGURATION.SMPY_CONFIGEXTENSION.RESOURCES.DLL [Correcto]
MICROSOFT.SQLSERVER.CONFIGURATION.SMR_CONFIGEXTENSION.RESOURCES.DLL [Correcto]
MICROSOFT.SQLSERVER.CONFIGURATION.SNISERVERCONFIGEXT.RESOURCES.DLL [Correcto]
MICROSOFT.SQLSERVER.CONFIGURATION.SQLBROWSEREXTENSION.RESOURCES.DLL [Correcto]
MICROSOFT.SQLSERVER.CONFIGURATION.SQLCONFIGBASE.RESOURCES.DLL [Correcto]
MICROSOFT.SQLSERVER.CONFIGURATION.SQLSERVER_CONFIGEXTENSION.RESOURCES.DLL [Correcto]
MICROSOFT.SQLSERVER.CONFIGURATION.SSISEXTENSION.RESOURCES.DLL [Correcto]
MICROSOFT.SQLSERVER.CONFIGURATION.UIEXTENSION.RESOURCES.DLL [Correcto]
MICROSOFT.SQLSERVER.CONFIGURATION.UTILITYEXTENSION.RESOURCES.DLL [Correcto]
MICROSOFT.SQLSERVER.CONFIGURATION.WIZARDFRAMEWORK.RESOURCES.DLL [Correcto]
MICROSOFT.SQLSERVER.CONFIGURATION.XTP.CONFIGEXTENSION.RESOURCES.DLL [Correcto]
MICROSOFT.SQLSERVER.CONNECTIONINFO.RESOURCES.DLL [Correcto]
MICROSOFT.SQLSERVER.DEPLOYMENT.RESOURCES.DLL [Correcto]
MICROSOFT.SQLSERVER.DISCOVERY.RESOURCES.DLL [Correcto]
MICROSOFT.SQLSERVER.DMF.COMMON.RESOURCES.DLL [Correcto]
MICROSOFT.SQLSERVER.DMF.RESOURCES.DLL [Correcto]
MICROSOFT.SQLSERVER.MANAGEMENT.CONTROLS.RESOURCES.DLL [Correcto]
MICROSOFT.SQLSERVER.MANAGEMENT.SDK.SFC.RESOURCES.DLL [Correcto]
MICROSOFT.SQLSERVER.SETUP.CHAINER.WORKFLOW.RESOURCES.DLL [Correcto]
MICROSOFT.SQLSERVER.SMO.RESOURCES.DLL [Correcto]
MICROSOFT.SQLSERVER.SQLENUM.RESOURCES.DLL [Correcto]

 Descomprimiendo archivos en C:\Program Files\Microsoft SQL Server\150\Setup Bootstrap\Update Cache\KB5077470\GDR\x64\es\

LANDINGPAGE.RESOURCES.DLL [Correcto]
MICROSOFT.NETENTERPRISESERVERS.EXCEPTIONMESSAGEBOX.RESOURCES.DLL [Correcto]
MICROSOFT.SQL.CHAINER.PACKAGE.RESOURCES.DLL [Correcto]
MICROSOFT.SQL.CHAINER.PRODUCT.RESOURCES.DLL [Correcto]
MICROSOFT.SQLSERVER.CHAINER.EXTENSIONCOMMON.RESOURCES.DLL [Correcto]
MICROSOFT.SQLSERVER.CHAINER.INFRASTRUCTURE.RESOURCES.DLL [Correcto]
MICROSOFT.SQLSERVER.CHAINER.SETUP.RESOURCES.DLL [Correcto]
MICROSOFT.SQLSERVER.CONFIGURATION.AGENTEXTENSION.RESOURCES.DLL [Correcto]
MICROSOFT.SQLSERVER.CONFIGURATION.ASEXTENSION.RESOURCES.DLL [Correcto]
MICROSOFT.SQLSERVER.CONFIGURATION.BOOTSTRAPEXTENSION.RESOURCES.DLL [Correcto]
MICROSOFT.SQLSERVER.CONFIGURATION.CLUSTER.RESOURCES.DLL [Correcto]
MICROSOFT.SQLSERVER.CONFIGURATION.CONFIGEXTENSION.RESOURCES.DLL [Correcto]
MICROSOFT.SQLSERVER.CONFIGURATION.DISTRIBUTEDREPLAYEXTENSION.RESOURCES.DLL [Correcto]
MICROSOFT.SQLSERVER.CONFIGURATION.EXTENSIBILITY_CONFIGEXTENSION.RESOURCES.DLL [Correcto]
MICROSOFT.SQLSERVER.CONFIGURATION.FULLTEXT_CONFIGEXTENSION.RESOURCES.DLL [Correcto]
MICROSOFT.SQLSERVER.CONFIGURATION.IMPY_CONFIGEXTENSION.RESOURCES.DLL [Correcto]
MICROSOFT.SQLSERVER.CONFIGURATION.IMR_CONFIGEXTENSION.RESOURCES.DLL [Correcto]
MICROSOFT.SQLSERVER.CONFIGURATION.INSTALLWIZARD.RESOURCES.DLL [Correcto]
MICROSOFT.SQLSERVER.CONFIGURATION.INSTALLWIZARDFRAMEWORK.RESOURCES.DLL [Correcto]
MICROSOFT.SQLSERVER.CONFIGURATION.ISMASTEREXTENSION.RESOURCES.DLL [Correcto]
MICROSOFT.SQLSERVER.CONFIGURATION.ISWORKEREXTENSION.RESOURCES.DLL [Correcto]
MICROSOFT.SQLSERVER.CONFIGURATION.MANAGEMENTTOOLSEXTENSION.RESOURCES.DLL [Correcto]
MICROSOFT.SQLSERVER.CONFIGURATION.MSIEXTENSION.RESOURCES.DLL [Correcto]
MICROSOFT.SQLSERVER.CONFIGURATION.POLYBASECONFIGEXTENSION.RESOURCES.DLL [Correcto]
MICROSOFT.SQLSERVER.CONFIGURATION.POLYBASEJAVACONFIGEXTENSION.RESOURCES.DLL [Correcto]
MICROSOFT.SQLSERVER.CONFIGURATION.POWERSHELLEXTENSION.RESOURCES.DLL [Correcto]
MICROSOFT.SQLSERVER.CONFIGURATION.REPL_CONFIGEXTENSION.RESOURCES.DLL [Correcto]
MICROSOFT.SQLSERVER.CONFIGURATION.RESOURCES.DLL [Correcto]
MICROSOFT.SQLSERVER.CONFIGURATION.RSEXTENSION.RESOURCES.DLL [Correcto]
MICROSOFT.SQLSERVER.CONFIGURATION.RULESENGINEEXTENSION.RESOURCES.DLL [Correcto]
MICROSOFT.SQLSERVER.CONFIGURATION.SAA_CONFIGEXTENSION.RESOURCES.DLL [Correcto]
MICROSOFT.SQLSERVER.CONFIGURATION.SCO.RESOURCES.DLL [Correcto]
MICROSOFT.SQLSERVER.CONFIGURATION.SCOEXTENSION.RESOURCES.DLL [Correcto]
MICROSOFT.SQLSERVER.CONFIGURATION.SETUPEXTENSION.RESOURCES.DLL [Correcto]
MICROSOFT.SQLSERVER.CONFIGURATION.SLPEXTENSION.RESOURCES.DLL [Correcto]
MICROSOFT.SQLSERVER.CONFIGURATION.SMARTSETUPEXTENSION.RESOURCES.DLL [Correcto]
MICROSOFT.SQLSERVER.CONFIGURATION.SMPY_CONFIGEXTENSION.RESOURCES.DLL [Correcto]
MICROSOFT.SQLSERVER.CONFIGURATION.SMR_CONFIGEXTENSION.RESOURCES.DLL [Correcto]
MICROSOFT.SQLSERVER.CONFIGURATION.SNISERVERCONFIGEXT.RESOURCES.DLL [Correcto]
MICROSOFT.SQLSERVER.CONFIGURATION.SQLBROWSEREXTENSION.RESOURCES.DLL [Correcto]
MICROSOFT.SQLSERVER.CONFIGURATION.SQLCONFIGBASE.RESOURCES.DLL [Correcto]
MICROSOFT.SQLSERVER.CONFIGURATION.SQLSERVER_CONFIGEXTENSION.RESOURCES.DLL [Correcto]
MICROSOFT.SQLSERVER.CONFIGURATION.SSISEXTENSION.RESOURCES.DLL [Correcto]
MICROSOFT.SQLSERVER.CONFIGURATION.UIEXTENSION.RESOURCES.DLL [Correcto]
MICROSOFT.SQLSERVER.CONFIGURATION.UTILITYEXTENSION.RESOURCES.DLL [Correcto]
MICROSOFT.SQLSERVER.CONFIGURATION.WIZARDFRAMEWORK.RESOURCES.DLL [Correcto]
MICROSOFT.SQLSERVER.CONFIGURATION.XTP.CONFIGEXTENSION.RESOURCES.DLL [Correcto]
MICROSOFT.SQLSERVER.CONNECTIONINFO.RESOURCES.DLL [Correcto]
MICROSOFT.SQLSERVER.DEPLOYMENT.RESOURCES.DLL [Correcto]
MICROSOFT.SQLSERVER.DISCOVERY.RESOURCES.DLL [Correcto]
MICROSOFT.SQLSERVER.DMF.COMMON.RESOURCES.DLL [Correcto]
MICROSOFT.SQLSERVER.DMF.RESOURCES.DLL [Correcto]
MICROSOFT.SQLSERVER.MANAGEMENT.CONTROLS.RESOURCES.DLL [Correcto]
MICROSOFT.SQLSERVER.MANAGEMENT.SDK.SFC.RESOURCES.DLL [Correcto]
MICROSOFT.SQLSERVER.SETUP.CHAINER.WORKFLOW.RESOURCES.DLL [Correcto]
MICROSOFT.SQLSERVER.SMO.RESOURCES.DLL [Correcto]
MICROSOFT.SQLSERVER.SQLENUM.RESOURCES.DLL [Correcto]

 Descomprimiendo archivos en C:\Program Files\Microsoft SQL Server\150\Setup Bootstrap\Update Cache\KB5077470\GDR\x64\fr\

LANDINGPAGE.RESOURCES.DLL [Correcto]
MICROSOFT.NETENTERPRISESERVERS.EXCEPTIONMESSAGEBOX.RESOURCES.DLL [Correcto]
MICROSOFT.SQL.CHAINER.PACKAGE.RESOURCES.DLL [Correcto]
MICROSOFT.SQL.CHAINER.PRODUCT.RESOURCES.DLL [Correcto]
MICROSOFT.SQLSERVER.CHAINER.EXTENSIONCOMMON.RESOURCES.DLL [Correcto]
MICROSOFT.SQLSERVER.CHAINER.INFRASTRUCTURE.RESOURCES.DLL [Correcto]
MICROSOFT.SQLSERVER.CHAINER.SETUP.RESOURCES.DLL [Correcto]
MICROSOFT.SQLSERVER.CONFIGURATION.AGENTEXTENSION.RESOURCES.DLL [Correcto]
MICROSOFT.SQLSERVER.CONFIGURATION.ASEXTENSION.RESOURCES.DLL [Correcto]
MICROSOFT.SQLSERVER.CONFIGURATION.BOOTSTRAPEXTENSION.RESOURCES.DLL [Correcto]
MICROSOFT.SQLSERVER.CONFIGURATION.CLUSTER.RESOURCES.DLL [Correcto]
MICROSOFT.SQLSERVER.CONFIGURATION.CONFIGEXTENSION.RESOURCES.DLL [Correcto]
MICROSOFT.SQLSERVER.CONFIGURATION.DISTRIBUTEDREPLAYEXTENSION.RESOURCES.DLL [Correcto]
MICROSOFT.SQLSERVER.CONFIGURATION.EXTENSIBILITY_CONFIGEXTENSION.RESOURCES.DLL [Correcto]
MICROSOFT.SQLSERVER.CONFIGURATION.FULLTEXT_CONFIGEXTENSION.RESOURCES.DLL [Correcto]
MICROSOFT.SQLSERVER.CONFIGURATION.IMPY_CONFIGEXTENSION.RESOURCES.DLL [Correcto]
MICROSOFT.SQLSERVER.CONFIGURATION.IMR_CONFIGEXTENSION.RESOURCES.DLL [Correcto]
MICROSOFT.SQLSERVER.CONFIGURATION.INSTALLWIZARD.RESOURCES.DLL [Correcto]
MICROSOFT.SQLSERVER.CONFIGURATION.INSTALLWIZARDFRAMEWORK.RESOURCES.DLL [Correcto]
MICROSOFT.SQLSERVER.CONFIGURATION.ISMASTEREXTENSION.RESOURCES.DLL [Correcto]
MICROSOFT.SQLSERVER.CONFIGURATION.ISWORKEREXTENSION.RESOURCES.DLL [Correcto]
MICROSOFT.SQLSERVER.CONFIGURATION.MANAGEMENTTOOLSEXTENSION.RESOURCES.DLL [Correcto]
MICROSOFT.SQLSERVER.CONFIGURATION.MSIEXTENSION.RESOURCES.DLL [Correcto]
MICROSOFT.SQLSERVER.CONFIGURATION.POLYBASECONFIGEXTENSION.RESOURCES.DLL [Correcto]
MICROSOFT.SQLSERVER.CONFIGURATION.POLYBASEJAVACONFIGEXTENSION.RESOURCES.DLL [Correcto]
MICROSOFT.SQLSERVER.CONFIGURATION.POWERSHELLEXTENSION.RESOURCES.DLL [Correcto]
MICROSOFT.SQLSERVER.CONFIGURATION.REPL_CONFIGEXTENSION.RESOURCES.DLL [Correcto]
MICROSOFT.SQLSERVER.CONFIGURATION.RESOURCES.DLL [Correcto]
MICROSOFT.SQLSERVER.CONFIGURATION.RSEXTENSION.RESOURCES.DLL [Correcto]
MICROSOFT.SQLSERVER.CONFIGURATION.RULESENGINEEXTENSION.RESOURCES.DLL [Correcto]
MICROSOFT.SQLSERVER.CONFIGURATION.SAA_CONFIGEXTENSION.RESOURCES.DLL [Correcto]
MICROSOFT.SQLSERVER.CONFIGURATION.SCO.RESOURCES.DLL [Correcto]
MICROSOFT.SQLSERVER.CONFIGURATION.SCOEXTENSION.RESOURCES.DLL [Correcto]
MICROSOFT.SQLSERVER.CONFIGURATION.SETUPEXTENSION.RESOURCES.DLL [Correcto]
MICROSOFT.SQLSERVER.CONFIGURATION.SLPEXTENSION.RESOURCES.DLL [Correcto]
MICROSOFT.SQLSERVER.CONFIGURATION.SMARTSETUPEXTENSION.RESOURCES.DLL [Correcto]
MICROSOFT.SQLSERVER.CONFIGURATION.SMPY_CONFIGEXTENSION.RESOURCES.DLL [Correcto]
MICROSOFT.SQLSERVER.CONFIGURATION.SMR_CONFIGEXTENSION.RESOURCES.DLL [Correcto]
MICROSOFT.SQLSERVER.CONFIGURATION.SNISERVERCONFIGEXT.RESOURCES.DLL [Correcto]
MICROSOFT.SQLSERVER.CONFIGURATION.SQLBROWSEREXTENSION.RESOURCES.DLL [Correcto]
MICROSOFT.SQLSERVER.CONFIGURATION.SQLCONFIGBASE.RESOURCES.DLL [Correcto]
MICROSOFT.SQLSERVER.CONFIGURATION.SQLSERVER_CONFIGEXTENSION.RESOURCES.DLL [Correcto]
MICROSOFT.SQLSERVER.CONFIGURATION.SSISEXTENSION.RESOURCES.DLL [Correcto]
MICROSOFT.SQLSERVER.CONFIGURATION.UIEXTENSION.RESOURCES.DLL [Correcto]
MICROSOFT.SQLSERVER.CONFIGURATION.UTILITYEXTENSION.RESOURCES.DLL [Correcto]
MICROSOFT.SQLSERVER.CONFIGURATION.WIZARDFRAMEWORK.RESOURCES.DLL [Correcto]
MICROSOFT.SQLSERVER.CONFIGURATION.XTP.CONFIGEXTENSION.RESOURCES.DLL [Correcto]
MICROSOFT.SQLSERVER.CONNECTIONINFO.RESOURCES.DLL [Correcto]
MICROSOFT.SQLSERVER.DEPLOYMENT.RESOURCES.DLL [Correcto]
MICROSOFT.SQLSERVER.DISCOVERY.RESOURCES.DLL [Correcto]
MICROSOFT.SQLSERVER.DMF.COMMON.RESOURCES.DLL [Correcto]
MICROSOFT.SQLSERVER.DMF.RESOURCES.DLL [Correcto]
MICROSOFT.SQLSERVER.MANAGEMENT.CONTROLS.RESOURCES.DLL [Correcto]
MICROSOFT.SQLSERVER.MANAGEMENT.SDK.SFC.RESOURCES.DLL [Correcto]
MICROSOFT.SQLSERVER.SETUP.CHAINER.WORKFLOW.RESOURCES.DLL [Correcto]
MICROSOFT.SQLSERVER.SMO.RESOURCES.DLL [Correcto]
MICROSOFT.SQLSERVER.SQLENUM.RESOURCES.DLL [Correcto]

 Descomprimiendo archivos en C:\Program Files\Microsoft SQL Server\150\Setup Bootstrap\Update Cache\KB5077470\GDR\x64\it\

LANDINGPAGE.RESOURCES.DLL [Correcto]
MICROSOFT.NETENTERPRISESERVERS.EXCEPTIONMESSAGEBOX.RESOURCES.DLL [Correcto]
MICROSOFT.SQL.CHAINER.PACKAGE.RESOURCES.DLL [Correcto]
MICROSOFT.SQL.CHAINER.PRODUCT.RESOURCES.DLL [Correcto]
MICROSOFT.SQLSERVER.CHAINER.EXTENSIONCOMMON.RESOURCES.DLL [Correcto]
MICROSOFT.SQLSERVER.CHAINER.INFRASTRUCTURE.RESOURCES.DLL [Correcto]
MICROSOFT.SQLSERVER.CHAINER.SETUP.RESOURCES.DLL [Correcto]
MICROSOFT.SQLSERVER.CONFIGURATION.AGENTEXTENSION.RESOURCES.DLL [Correcto]
MICROSOFT.SQLSERVER.CONFIGURATION.ASEXTENSION.RESOURCES.DLL [Correcto]
MICROSOFT.SQLSERVER.CONFIGURATION.BOOTSTRAPEXTENSION.RESOURCES.DLL [Correcto]
MICROSOFT.SQLSERVER.CONFIGURATION.CLUSTER.RESOURCES.DLL [Correcto]
MICROSOFT.SQLSERVER.CONFIGURATION.CONFIGEXTENSION.RESOURCES.DLL [Correcto]
MICROSOFT.SQLSERVER.CONFIGURATION.DISTRIBUTEDREPLAYEXTENSION.RESOURCES.DLL [Correcto]
MICROSOFT.SQLSERVER.CONFIGURATION.EXTENSIBILITY_CONFIGEXTENSION.RESOURCES.DLL [Correcto]
MICROSOFT.SQLSERVER.CONFIGURATION.FULLTEXT_CONFIGEXTENSION.RESOURCES.DLL [Correcto]
MICROSOFT.SQLSERVER.CONFIGURATION.IMPY_CONFIGEXTENSION.RESOURCES.DLL [Correcto]
MICROSOFT.SQLSERVER.CONFIGURATION.IMR_CONFIGEXTENSION.RESOURCES.DLL [Correcto]
MICROSOFT.SQLSERVER.CONFIGURATION.INSTALLWIZARD.RESOURCES.DLL [Correcto]
MICROSOFT.SQLSERVER.CONFIGURATION.INSTALLWIZARDFRAMEWORK.RESOURCES.DLL [Correcto]
MICROSOFT.SQLSERVER.CONFIGURATION.ISMASTEREXTENSION.RESOURCES.DLL [Correcto]
MICROSOFT.SQLSERVER.CONFIGURATION.ISWORKEREXTENSION.RESOURCES.DLL [Correcto]
MICROSOFT.SQLSERVER.CONFIGURATION.MANAGEMENTTOOLSEXTENSION.RESOURCES.DLL [Correcto]
MICROSOFT.SQLSERVER.CONFIGURATION.MSIEXTENSION.RESOURCES.DLL [Correcto]
MICROSOFT.SQLSERVER.CONFIGURATION.POLYBASECONFIGEXTENSION.RESOURCES.DLL [Correcto]
MICROSOFT.SQLSERVER.CONFIGURATION.POWERSHELLEXTENSION.RESOURCES.DLL [Correcto]
MICROSOFT.SQLSERVER.CONFIGURATION.REPL_CONFIGEXTENSION.RESOURCES.DLL [Correcto]
MICROSOFT.SQLSERVER.CONFIGURATION.RESOURCES.DLL [Correcto]
MICROSOFT.SQLSERVER.CONFIGURATION.RSEXTENSION.RESOURCES.DLL [Correcto]
MICROSOFT.SQLSERVER.CONFIGURATION.RULESENGINEEXTENSION.RESOURCES.DLL [Correcto]
MICROSOFT.SQLSERVER.CONFIGURATION.SAA_CONFIGEXTENSION.RESOURCES.DLL [Correcto]
MICROSOFT.SQLSERVER.CONFIGURATION.SCO.RESOURCES.DLL [Correcto]
MICROSOFT.SQLSERVER.CONFIGURATION.SCOEXTENSION.RESOURCES.DLL [Correcto]
MICROSOFT.SQLSERVER.CONFIGURATION.SETUPEXTENSION.RESOURCES.DLL [Correcto]
MICROSOFT.SQLSERVER.CONFIGURATION.SLPEXTENSION.RESOURCES.DLL [Correcto]
MICROSOFT.SQLSERVER.CONFIGURATION.SMARTSETUPEXTENSION.RESOURCES.DLL [Correcto]
MICROSOFT.SQLSERVER.CONFIGURATION.SMPY_CONFIGEXTENSION.RESOURCES.DLL [Correcto]
MICROSOFT.SQLSERVER.CONFIGURATION.SMR_CONFIGEXTENSION.RESOURCES.DLL [Correcto]
MICROSOFT.SQLSERVER.CONFIGURATION.SNISERVERCONFIGEXT.RESOURCES.DLL [Correcto]
MICROSOFT.SQLSERVER.CONFIGURATION.SQLBROWSEREXTENSION.RESOURCES.DLL [Correcto]
MICROSOFT.SQLSERVER.CONFIGURATION.SQLCONFIGBASE.RESOURCES.DLL [Correcto]
MICROSOFT.SQLSERVER.CONFIGURATION.SQLSERVER_CONFIGEXTENSION.RESOURCES.DLL [Correcto]
MICROSOFT.SQLSERVER.CONFIGURATION.SSISEXTENSION.RESOURCES.DLL [Correcto]
MICROSOFT.SQLSERVER.CONFIGURATION.UIEXTENSION.RESOURCES.DLL [Correcto]
MICROSOFT.SQLSERVER.CONFIGURATION.UTILITYEXTENSION.RESOURCES.DLL [Correcto]
MICROSOFT.SQLSERVER.CONFIGURATION.WIZARDFRAMEWORK.RESOURCES.DLL [Correcto]
MICROSOFT.SQLSERVER.CONFIGURATION.XTP.CONFIGEXTENSION.RESOURCES.DLL [Correcto]
MICROSOFT.SQLSERVER.CONNECTIONINFO.RESOURCES.DLL [Correcto]
MICROSOFT.SQLSERVER.DEPLOYMENT.RESOURCES.DLL [Correcto]
MICROSOFT.SQLSERVER.DISCOVERY.RESOURCES.DLL [Correcto]
MICROSOFT.SQLSERVER.DMF.COMMON.RESOURCES.DLL [Correcto]
MICROSOFT.SQLSERVER.DMF.RESOURCES.DLL [Correcto]
MICROSOFT.SQLSERVER.MANAGEMENT.CONTROLS.RESOURCES.DLL [Correcto]
MICROSOFT.SQLSERVER.MANAGEMENT.SDK.SFC.RESOURCES.DLL [Correcto]
MICROSOFT.SQLSERVER.SETUP.CHAINER.WORKFLOW.RESOURCES.DLL [Correcto]
MICROSOFT.SQLSERVER.SMO.RESOURCES.DLL [Correcto]
MICROSOFT.SQLSERVER.SQLENUM.RESOURCES.DLL [Correcto]

 Descomprimiendo archivos en C:\Program Files\Microsoft SQL Server\150\Setup Bootstrap\Update Cache\KB5077470\GDR\x64\ja\

LANDINGPAGE.RESOURCES.DLL [Correcto]
MICROSOFT.NETENTERPRISESERVERS.EXCEPTIONMESSAGEBOX.RESOURCES.DLL [Correcto]
MICROSOFT.SQL.CHAINER.PACKAGE.RESOURCES.DLL [Correcto]
MICROSOFT.SQL.CHAINER.PRODUCT.RESOURCES.DLL [Correcto]
MICROSOFT.SQLSERVER.CHAINER.EXTENSIONCOMMON.RESOURCES.DLL [Correcto]
MICROSOFT.SQLSERVER.CHAINER.INFRASTRUCTURE.RESOURCES.DLL [Correcto]
MICROSOFT.SQLSERVER.CHAINER.SETUP.RESOURCES.DLL [Correcto]
MICROSOFT.SQLSERVER.CONFIGURATION.AGENTEXTENSION.RESOURCES.DLL [Correcto]
MICROSOFT.SQLSERVER.CONFIGURATION.ASEXTENSION.RESOURCES.DLL [Correcto]
MICROSOFT.SQLSERVER.CONFIGURATION.BOOTSTRAPEXTENSION.RESOURCES.DLL [Correcto]
MICROSOFT.SQLSERVER.CONFIGURATION.CLUSTER.RESOURCES.DLL [Correcto]
MICROSOFT.SQLSERVER.CONFIGURATION.CONFIGEXTENSION.RESOURCES.DLL [Correcto]
MICROSOFT.SQLSERVER.CONFIGURATION.DISTRIBUTEDREPLAYEXTENSION.RESOURCES.DLL [Correcto]
MICROSOFT.SQLSERVER.CONFIGURATION.EXTENSIBILITY_CONFIGEXTENSION.RESOURCES.DLL [Correcto]
MICROSOFT.SQLSERVER.CONFIGURATION.FULLTEXT_CONFIGEXTENSION.RESOURCES.DLL [Correcto]
MICROSOFT.SQLSERVER.CONFIGURATION.IMPY_CONFIGEXTENSION.RESOURCES.DLL [Correcto]
MICROSOFT.SQLSERVER.CONFIGURATION.IMR_CONFIGEXTENSION.RESOURCES.DLL [Correcto]
MICROSOFT.SQLSERVER.CONFIGURATION.INSTALLWIZARD.RESOURCES.DLL [Correcto]
MICROSOFT.SQLSERVER.CONFIGURATION.INSTALLWIZARDFRAMEWORK.RESOURCES.DLL [Correcto]
MICROSOFT.SQLSERVER.CONFIGURATION.ISMASTEREXTENSION.RESOURCES.DLL [Correcto]
MICROSOFT.SQLSERVER.CONFIGURATION.ISWORKEREXTENSION.RESOURCES.DLL [Correcto]
MICROSOFT.SQLSERVER.CONFIGURATION.MANAGEMENTTOOLSEXTENSION.RESOURCES.DLL [Correcto]
MICROSOFT.SQLSERVER.CONFIGURATION.MSIEXTENSION.RESOURCES.DLL [Correcto]
MICROSOFT.SQLSERVER.CONFIGURATION.POLYBASECONFIGEXTENSION.RESOURCES.DLL [Correcto]
MICROSOFT.SQLSERVER.CONFIGURATION.POLYBASEJAVACONFIGEXTENSION.RESOURCES.DLL [Correcto]
MICROSOFT.SQLSERVER.CONFIGURATION.POWERSHELLEXTENSION.RESOURCES.DLL [Correcto]
MICROSOFT.SQLSERVER.CONFIGURATION.REPL_CONFIGEXTENSION.RESOURCES.DLL [Correcto]
MICROSOFT.SQLSERVER.CONFIGURATION.RESOURCES.DLL [Correcto]
MICROSOFT.SQLSERVER.CONFIGURATION.RSEXTENSION.RESOURCES.DLL [Correcto]
MICROSOFT.SQLSERVER.CONFIGURATION.RULESENGINEEXTENSION.RESOURCES.DLL [Correcto]
MICROSOFT.SQLSERVER.CONFIGURATION.SAA_CONFIGEXTENSION.RESOURCES.DLL [Correcto]
MICROSOFT.SQLSERVER.CONFIGURATION.SCO.RESOURCES.DLL [Correcto]
MICROSOFT.SQLSERVER.CONFIGURATION.SCOEXTENSION.RESOURCES.DLL [Correcto]
MICROSOFT.SQLSERVER.CONFIGURATION.SETUPEXTENSION.RESOURCES.DLL [Correcto]
MICROSOFT.SQLSERVER.CONFIGURATION.SLPEXTENSION.RESOURCES.DLL [Correcto]
MICROSOFT.SQLSERVER.CONFIGURATION.SMARTSETUPEXTENSION.RESOURCES.DLL [Correcto]
MICROSOFT.SQLSERVER.CONFIGURATION.SMPY_CONFIGEXTENSION.RESOURCES.DLL [Correcto]
MICROSOFT.SQLSERVER.CONFIGURATION.SMR_CONFIGEXTENSION.RESOURCES.DLL [Correcto]
MICROSOFT.SQLSERVER.CONFIGURATION.SNISERVERCONFIGEXT.RESOURCES.DLL [Correcto]
MICROSOFT.SQLSERVER.CONFIGURATION.SQLBROWSEREXTENSION.RESOURCES.DLL [Correcto]
MICROSOFT.SQLSERVER.CONFIGURATION.SQLCONFIGBASE.RESOURCES.DLL [Correcto]
MICROSOFT.SQLSERVER.CONFIGURATION.SQLSERVER_CONFIGEXTENSION.RESOURCES.DLL [Correcto]
MICROSOFT.SQLSERVER.CONFIGURATION.SSISEXTENSION.RESOURCES.DLL [Correcto]
MICROSOFT.SQLSERVER.CONFIGURATION.UIEXTENSION.RESOURCES.DLL [Correcto]
MICROSOFT.SQLSERVER.CONFIGURATION.UTILITYEXTENSION.RESOURCES.DLL [Correcto]
MICROSOFT.SQLSERVER.CONFIGURATION.WIZARDFRAMEWORK.RESOURCES.DLL [Correcto]
MICROSOFT.SQLSERVER.CONFIGURATION.XTP.CONFIGEXTENSION.RESOURCES.DLL [Correcto]
MICROSOFT.SQLSERVER.CONNECTIONINFO.RESOURCES.DLL [Correcto]
MICROSOFT.SQLSERVER.DEPLOYMENT.RESOURCES.DLL [Correcto]
MICROSOFT.SQLSERVER.DISCOVERY.RESOURCES.DLL [Correcto]
MICROSOFT.SQLSERVER.DMF.COMMON.RESOURCES.DLL [Correcto]
MICROSOFT.SQLSERVER.DMF.RESOURCES.DLL [Correcto]
MICROSOFT.SQLSERVER.MANAGEMENT.CONTROLS.RESOURCES.DLL [Correcto]
MICROSOFT.SQLSERVER.MANAGEMENT.SDK.SFC.RESOURCES.DLL [Correcto]
MICROSOFT.SQLSERVER.SETUP.CHAINER.WORKFLOW.RESOURCES.DLL [Correcto]
MICROSOFT.SQLSERVER.SMO.RESOURCES.DLL [Correcto]
MICROSOFT.SQLSERVER.SQLENUM.RESOURCES.DLL [Correcto]

 Descomprimiendo archivos en C:\Program Files\Microsoft SQL Server\150\Setup Bootstrap\Update Cache\KB5077470\GDR\x64\ko\

LANDINGPAGE.RESOURCES.DLL [Correcto]
MICROSOFT.NETENTERPRISESERVERS.EXCEPTIONMESSAGEBOX.RESOURCES.DLL [Correcto]
MICROSOFT.SQL.CHAINER.PACKAGE.RESOURCES.DLL [Correcto]
MICROSOFT.SQL.CHAINER.PRODUCT.RESOURCES.DLL [Correcto]
MICROSOFT.SQLSERVER.CHAINER.EXTENSIONCOMMON.RESOURCES.DLL [Correcto]
MICROSOFT.SQLSERVER.CHAINER.INFRASTRUCTURE.RESOURCES.DLL [Correcto]
MICROSOFT.SQLSERVER.CHAINER.SETUP.RESOURCES.DLL [Correcto]
MICROSOFT.SQLSERVER.CONFIGURATION.AGENTEXTENSION.RESOURCES.DLL [Correcto]
MICROSOFT.SQLSERVER.CONFIGURATION.ASEXTENSION.RESOURCES.DLL [Correcto]
MICROSOFT.SQLSERVER.CONFIGURATION.BOOTSTRAPEXTENSION.RESOURCES.DLL [Correcto]
MICROSOFT.SQLSERVER.CONFIGURATION.CLUSTER.RESOURCES.DLL [Correcto]
MICROSOFT.SQLSERVER.CONFIGURATION.CONFIGEXTENSION.RESOURCES.DLL [Correcto]
MICROSOFT.SQLSERVER.CONFIGURATION.DISTRIBUTEDREPLAYEXTENSION.RESOURCES.DLL [Correcto]
MICROSOFT.SQLSERVER.CONFIGURATION.EXTENSIBILITY_CONFIGEXTENSION.RESOURCES.DLL [Correcto]
MICROSOFT.SQLSERVER.CONFIGURATION.FULLTEXT_CONFIGEXTENSION.RESOURCES.DLL [Correcto]
MICROSOFT.SQLSERVER.CONFIGURATION.IMPY_CONFIGEXTENSION.RESOURCES.DLL [Correcto]
MICROSOFT.SQLSERVER.CONFIGURATION.IMR_CONFIGEXTENSION.RESOURCES.DLL [Correcto]
MICROSOFT.SQLSERVER.CONFIGURATION.INSTALLWIZARD.RESOURCES.DLL [Correcto]
MICROSOFT.SQLSERVER.CONFIGURATION.INSTALLWIZARDFRAMEWORK.RESOURCES.DLL [Correcto]
MICROSOFT.SQLSERVER.CONFIGURATION.ISMASTEREXTENSION.RESOURCES.DLL [Correcto]
MICROSOFT.SQLSERVER.CONFIGURATION.ISWORKEREXTENSION.RESOURCES.DLL [Correcto]
MICROSOFT.SQLSERVER.CONFIGURATION.MANAGEMENTTOOLSEXTENSION.RESOURCES.DLL [Correcto]
MICROSOFT.SQLSERVER.CONFIGURATION.MSIEXTENSION.RESOURCES.DLL [Correcto]
MICROSOFT.SQLSERVER.CONFIGURATION.POLYBASECONFIGEXTENSION.RESOURCES.DLL [Correcto]
MICROSOFT.SQLSERVER.CONFIGURATION.POLYBASEJAVACONFIGEXTENSION.RESOURCES.DLL [Correcto]
MICROSOFT.SQLSERVER.CONFIGURATION.POWERSHELLEXTENSION.RESOURCES.DLL [Correcto]
MICROSOFT.SQLSERVER.CONFIGURATION.REPL_CONFIGEXTENSION.RESOURCES.DLL [Correcto]
MICROSOFT.SQLSERVER.CONFIGURATION.RESOURCES.DLL [Correcto]
MICROSOFT.SQLSERVER.CONFIGURATION.RSEXTENSION.RESOURCES.DLL [Correcto]
MICROSOFT.SQLSERVER.CONFIGURATION.RULESENGINEEXTENSION.RESOURCES.DLL [Correcto]
MICROSOFT.SQLSERVER.CONFIGURATION.SAA_CONFIGEXTENSION.RESOURCES.DLL [Correcto]
MICROSOFT.SQLSERVER.CONFIGURATION.SCO.RESOURCES.DLL [Correcto]
MICROSOFT.SQLSERVER.CONFIGURATION.SCOEXTENSION.RESOURCES.DLL [Correcto]
MICROSOFT.SQLSERVER.CONFIGURATION.SETUPEXTENSION.RESOURCES.DLL [Correcto]
MICROSOFT.SQLSERVER.CONFIGURATION.SLPEXTENSION.RESOURCES.DLL [Correcto]
MICROSOFT.SQLSERVER.CONFIGURATION.SMARTSETUPEXTENSION.RESOURCES.DLL [Correcto]
MICROSOFT.SQLSERVER.CONFIGURATION.SMPY_CONFIGEXTENSION.RESOURCES.DLL [Correcto]
MICROSOFT.SQLSERVER.CONFIGURATION.SMR_CONFIGEXTENSION.RESOURCES.DLL [Correcto]
MICROSOFT.SQLSERVER.CONFIGURATION.SNISERVERCONFIGEXT.RESOURCES.DLL [Correcto]
MICROSOFT.SQLSERVER.CONFIGURATION.SQLBROWSEREXTENSION.RESOURCES.DLL [Correcto]
MICROSOFT.SQLSERVER.CONFIGURATION.SQLCONFIGBASE.RESOURCES.DLL [Correcto]
MICROSOFT.SQLSERVER.CONFIGURATION.SQLSERVER_CONFIGEXTENSION.RESOURCES.DLL [Correcto]
MICROSOFT.SQLSERVER.CONFIGURATION.SSISEXTENSION.RESOURCES.DLL [Correcto]
MICROSOFT.SQLSERVER.CONFIGURATION.UIEXTENSION.RESOURCES.DLL [Correcto]
MICROSOFT.SQLSERVER.CONFIGURATION.UTILITYEXTENSION.RESOURCES.DLL [Correcto]
MICROSOFT.SQLSERVER.CONFIGURATION.WIZARDFRAMEWORK.RESOURCES.DLL [Correcto]
MICROSOFT.SQLSERVER.CONFIGURATION.XTP.CONFIGEXTENSION.RESOURCES.DLL [Correcto]
MICROSOFT.SQLSERVER.CONNECTIONINFO.RESOURCES.DLL [Correcto]
MICROSOFT.SQLSERVER.DEPLOYMENT.RESOURCES.DLL [Correcto]
MICROSOFT.SQLSERVER.DISCOVERY.RESOURCES.DLL [Correcto]
MICROSOFT.SQLSERVER.DMF.COMMON.RESOURCES.DLL [Correcto]
MICROSOFT.SQLSERVER.DMF.RESOURCES.DLL [Correcto]
MICROSOFT.SQLSERVER.MANAGEMENT.CONTROLS.RESOURCES.DLL [Correcto]
MICROSOFT.SQLSERVER.MANAGEMENT.SDK.SFC.RESOURCES.DLL [Correcto]
MICROSOFT.SQLSERVER.SETUP.CHAINER.WORKFLOW.RESOURCES.DLL [Correcto]
MICROSOFT.SQLSERVER.SMO.RESOURCES.DLL [Correcto]
MICROSOFT.SQLSERVER.SQLENUM.RESOURCES.DLL [Correcto]

 Descomprimiendo archivos en C:\Program Files\Microsoft SQL Server\150\Setup Bootstrap\Update Cache\KB5077470\GDR\x64\pt\

LANDINGPAGE.RESOURCES.DLL [Correcto]
MICROSOFT.NETENTERPRISESERVERS.EXCEPTIONMESSAGEBOX.RESOURCES.DLL [Correcto]
MICROSOFT.SQL.CHAINER.PACKAGE.RESOURCES.DLL [Correcto]
MICROSOFT.SQL.CHAINER.PRODUCT.RESOURCES.DLL [Correcto]
MICROSOFT.SQLSERVER.CHAINER.EXTENSIONCOMMON.RESOURCES.DLL [Correcto]
MICROSOFT.SQLSERVER.CHAINER.INFRASTRUCTURE.RESOURCES.DLL [Correcto]
MICROSOFT.SQLSERVER.CHAINER.SETUP.RESOURCES.DLL [Correcto]
MICROSOFT.SQLSERVER.CONFIGURATION.AGENTEXTENSION.RESOURCES.DLL [Correcto]
MICROSOFT.SQLSERVER.CONFIGURATION.ASEXTENSION.RESOURCES.DLL [Correcto]
MICROSOFT.SQLSERVER.CONFIGURATION.BOOTSTRAPEXTENSION.RESOURCES.DLL [Correcto]
MICROSOFT.SQLSERVER.CONFIGURATION.CLUSTER.RESOURCES.DLL [Correcto]
MICROSOFT.SQLSERVER.CONFIGURATION.CONFIGEXTENSION.RESOURCES.DLL [Correcto]
MICROSOFT.SQLSERVER.CONFIGURATION.DISTRIBUTEDREPLAYEXTENSION.RESOURCES.DLL [Correcto]
MICROSOFT.SQLSERVER.CONFIGURATION.EXTENSIBILITY_CONFIGEXTENSION.RESOURCES.DLL [Correcto]
MICROSOFT.SQLSERVER.CONFIGURATION.FULLTEXT_CONFIGEXTENSION.RESOURCES.DLL [Correcto]
MICROSOFT.SQLSERVER.CONFIGURATION.IMPY_CONFIGEXTENSION.RESOURCES.DLL [Correcto]
MICROSOFT.SQLSERVER.CONFIGURATION.IMR_CONFIGEXTENSION.RESOURCES.DLL [Correcto]
MICROSOFT.SQLSERVER.CONFIGURATION.INSTALLWIZARD.RESOURCES.DLL [Correcto]
MICROSOFT.SQLSERVER.CONFIGURATION.INSTALLWIZARDFRAMEWORK.RESOURCES.DLL [Correcto]
MICROSOFT.SQLSERVER.CONFIGURATION.ISMASTEREXTENSION.RESOURCES.DLL [Correcto]
MICROSOFT.SQLSERVER.CONFIGURATION.ISWORKEREXTENSION.RESOURCES.DLL [Correcto]
MICROSOFT.SQLSERVER.CONFIGURATION.MANAGEMENTTOOLSEXTENSION.RESOURCES.DLL [Correcto]
MICROSOFT.SQLSERVER.CONFIGURATION.MSIEXTENSION.RESOURCES.DLL [Correcto]
MICROSOFT.SQLSERVER.CONFIGURATION.POLYBASECONFIGEXTENSION.RESOURCES.DLL [Correcto]
MICROSOFT.SQLSERVER.CONFIGURATION.POLYBASEJAVACONFIGEXTENSION.RESOURCES.DLL [Correcto]
MICROSOFT.SQLSERVER.CONFIGURATION.POWERSHELLEXTENSION.RESOURCES.DLL [Correcto]
MICROSOFT.SQLSERVER.CONFIGURATION.REPL_CONFIGEXTENSION.RESOURCES.DLL [Correcto]
MICROSOFT.SQLSERVER.CONFIGURATION.RESOURCES.DLL [Correcto]
MICROSOFT.SQLSERVER.CONFIGURATION.RSEXTENSION.RESOURCES.DLL [Correcto]
MICROSOFT.SQLSERVER.CONFIGURATION.RULESENGINEEXTENSION.RESOURCES.DLL [Correcto]
MICROSOFT.SQLSERVER.CONFIGURATION.SAA_CONFIGEXTENSION.RESOURCES.DLL [Correcto]
MICROSOFT.SQLSERVER.CONFIGURATION.SCO.RESOURCES.DLL [Correcto]
MICROSOFT.SQLSERVER.CONFIGURATION.SCOEXTENSION.RESOURCES.DLL [Correcto]
MICROSOFT.SQLSERVER.CONFIGURATION.SETUPEXTENSION.RESOURCES.DLL [Correcto]
MICROSOFT.SQLSERVER.CONFIGURATION.SLPEXTENSION.RESOURCES.DLL [Correcto]
MICROSOFT.SQLSERVER.CONFIGURATION.SMARTSETUPEXTENSION.RESOURCES.DLL [Correcto]
MICROSOFT.SQLSERVER.CONFIGURATION.SMPY_CONFIGEXTENSION.RESOURCES.DLL [Correcto]
MICROSOFT.SQLSERVER.CONFIGURATION.SMR_CONFIGEXTENSION.RESOURCES.DLL [Correcto]
MICROSOFT.SQLSERVER.CONFIGURATION.SNISERVERCONFIGEXT.RESOURCES.DLL [Correcto]
MICROSOFT.SQLSERVER.CONFIGURATION.SQLBROWSEREXTENSION.RESOURCES.DLL [Correcto]
MICROSOFT.SQLSERVER.CONFIGURATION.SQLCONFIGBASE.RESOURCES.DLL [Correcto]
MICROSOFT.SQLSERVER.CONFIGURATION.SQLSERVER_CONFIGEXTENSION.RESOURCES.DLL [Correcto]
MICROSOFT.SQLSERVER.CONFIGURATION.SSISEXTENSION.RESOURCES.DLL [Correcto]
MICROSOFT.SQLSERVER.CONFIGURATION.UIEXTENSION.RESOURCES.DLL [Correcto]
MICROSOFT.SQLSERVER.CONFIGURATION.UTILITYEXTENSION.RESOURCES.DLL [Correcto]
MICROSOFT.SQLSERVER.CONFIGURATION.WIZARDFRAMEWORK.RESOURCES.DLL [Correcto]
MICROSOFT.SQLSERVER.CONFIGURATION.XTP.CONFIGEXTENSION.RESOURCES.DLL [Correcto]
MICROSOFT.SQLSERVER.CONNECTIONINFO.RESOURCES.DLL [Correcto]
MICROSOFT.SQLSERVER.DEPLOYMENT.RESOURCES.DLL [Correcto]
MICROSOFT.SQLSERVER.DISCOVERY.RESOURCES.DLL [Correcto]
MICROSOFT.SQLSERVER.DMF.COMMON.RESOURCES.DLL [Correcto]
MICROSOFT.SQLSERVER.DMF.RESOURCES.DLL [Correcto]
MICROSOFT.SQLSERVER.MANAGEMENT.CONTROLS.RESOURCES.DLL [Correcto]
MICROSOFT.SQLSERVER.MANAGEMENT.SDK.SFC.RESOURCES.DLL [Correcto]
MICROSOFT.SQLSERVER.SETUP.CHAINER.WORKFLOW.RESOURCES.DLL [Correcto]
MICROSOFT.SQLSERVER.SMO.RESOURCES.DLL [Correcto]
MICROSOFT.SQLSERVER.SQLENUM.RESOURCES.DLL [Correcto]

 Descomprimiendo archivos en C:\Program Files\Microsoft SQL Server\150\Setup Bootstrap\Update Cache\KB5077470\GDR\x64\ru\

LANDINGPAGE.RESOURCES.DLL [Correcto]
MICROSOFT.NETENTERPRISESERVERS.EXCEPTIONMESSAGEBOX.RESOURCES.DLL [Correcto]
MICROSOFT.SQL.CHAINER.PACKAGE.RESOURCES.DLL [Correcto]
MICROSOFT.SQL.CHAINER.PRODUCT.RESOURCES.DLL [Correcto]
MICROSOFT.SQLSERVER.CHAINER.EXTENSIONCOMMON.RESOURCES.DLL [Correcto]
MICROSOFT.SQLSERVER.CHAINER.INFRASTRUCTURE.RESOURCES.DLL [Correcto]
MICROSOFT.SQLSERVER.CHAINER.SETUP.RESOURCES.DLL [Correcto]
MICROSOFT.SQLSERVER.CONFIGURATION.AGENTEXTENSION.RESOURCES.DLL [Correcto]
MICROSOFT.SQLSERVER.CONFIGURATION.ASEXTENSION.RESOURCES.DLL [Correcto]
MICROSOFT.SQLSERVER.CONFIGURATION.BOOTSTRAPEXTENSION.RESOURCES.DLL [Correcto]
MICROSOFT.SQLSERVER.CONFIGURATION.CLUSTER.RESOURCES.DLL [Correcto]
MICROSOFT.SQLSERVER.CONFIGURATION.CONFIGEXTENSION.RESOURCES.DLL [Correcto]
MICROSOFT.SQLSERVER.CONFIGURATION.DISTRIBUTEDREPLAYEXTENSION.RESOURCES.DLL [Correcto]
MICROSOFT.SQLSERVER.CONFIGURATION.EXTENSIBILITY_CONFIGEXTENSION.RESOURCES.DLL [Correcto]
MICROSOFT.SQLSERVER.CONFIGURATION.FULLTEXT_CONFIGEXTENSION.RESOURCES.DLL [Correcto]
MICROSOFT.SQLSERVER.CONFIGURATION.IMPY_CONFIGEXTENSION.RESOURCES.DLL [Correcto]
MICROSOFT.SQLSERVER.CONFIGURATION.IMR_CONFIGEXTENSION.RESOURCES.DLL [Correcto]
MICROSOFT.SQLSERVER.CONFIGURATION.INSTALLWIZARD.RESOURCES.DLL [Correcto]
MICROSOFT.SQLSERVER.CONFIGURATION.INSTALLWIZARDFRAMEWORK.RESOURCES.DLL [Correcto]
MICROSOFT.SQLSERVER.CONFIGURATION.ISMASTEREXTENSION.RESOURCES.DLL [Correcto]
MICROSOFT.SQLSERVER.CONFIGURATION.ISWORKEREXTENSION.RESOURCES.DLL [Correcto]
MICROSOFT.SQLSERVER.CONFIGURATION.MANAGEMENTTOOLSEXTENSION.RESOURCES.DLL [Correcto]
MICROSOFT.SQLSERVER.CONFIGURATION.MSIEXTENSION.RESOURCES.DLL [Correcto]
MICROSOFT.SQLSERVER.CONFIGURATION.POLYBASECONFIGEXTENSION.RESOURCES.DLL [Correcto]
MICROSOFT.SQLSERVER.CONFIGURATION.POLYBASEJAVACONFIGEXTENSION.RESOURCES.DLL [Correcto]
MICROSOFT.SQLSERVER.CONFIGURATION.POWERSHELLEXTENSION.RESOURCES.DLL [Correcto]
MICROSOFT.SQLSERVER.CONFIGURATION.REPL_CONFIGEXTENSION.RESOURCES.DLL [Correcto]
MICROSOFT.SQLSERVER.CONFIGURATION.RESOURCES.DLL [Correcto]
MICROSOFT.SQLSERVER.CONFIGURATION.RSEXTENSION.RESOURCES.DLL [Correcto]
MICROSOFT.SQLSERVER.CONFIGURATION.RULESENGINEEXTENSION.RESOURCES.DLL [Correcto]
MICROSOFT.SQLSERVER.CONFIGURATION.SAA_CONFIGEXTENSION.RESOURCES.DLL [Correcto]
MICROSOFT.SQLSERVER.CONFIGURATION.SCO.RESOURCES.DLL [Correcto]
MICROSOFT.SQLSERVER.CONFIGURATION.SCOEXTENSION.RESOURCES.DLL [Correcto]
MICROSOFT.SQLSERVER.CONFIGURATION.SETUPEXTENSION.RESOURCES.DLL [Correcto]
MICROSOFT.SQLSERVER.CONFIGURATION.SLPEXTENSION.RESOURCES.DLL [Correcto]
MICROSOFT.SQLSERVER.CONFIGURATION.SMARTSETUPEXTENSION.RESOURCES.DLL [Correcto]
MICROSOFT.SQLSERVER.CONFIGURATION.SMPY_CONFIGEXTENSION.RESOURCES.DLL [Correcto]
MICROSOFT.SQLSERVER.CONFIGURATION.SMR_CONFIGEXTENSION.RESOURCES.DLL [Correcto]
MICROSOFT.SQLSERVER.CONFIGURATION.SNISERVERCONFIGEXT.RESOURCES.DLL [Correcto]
MICROSOFT.SQLSERVER.CONFIGURATION.SQLBROWSEREXTENSION.RESOURCES.DLL [Correcto]
MICROSOFT.SQLSERVER.CONFIGURATION.SQLCONFIGBASE.RESOURCES.DLL [Correcto]
MICROSOFT.SQLSERVER.CONFIGURATION.SQLSERVER_CONFIGEXTENSION.RESOURCES.DLL [Correcto]
MICROSOFT.SQLSERVER.CONFIGURATION.SSISEXTENSION.RESOURCES.DLL [Correcto]
MICROSOFT.SQLSERVER.CONFIGURATION.UIEXTENSION.RESOURCES.DLL [Correcto]
MICROSOFT.SQLSERVER.CONFIGURATION.UTILITYEXTENSION.RESOURCES.DLL [Correcto]
MICROSOFT.SQLSERVER.CONFIGURATION.WIZARDFRAMEWORK.RESOURCES.DLL [Correcto]
MICROSOFT.SQLSERVER.CONFIGURATION.XTP.CONFIGEXTENSION.RESOURCES.DLL [Correcto]
MICROSOFT.SQLSERVER.CONNECTIONINFO.RESOURCES.DLL [Correcto]
MICROSOFT.SQLSERVER.DEPLOYMENT.RESOURCES.DLL [Correcto]
MICROSOFT.SQLSERVER.DISCOVERY.RESOURCES.DLL [Correcto]
MICROSOFT.SQLSERVER.DMF.COMMON.RESOURCES.DLL [Correcto]
MICROSOFT.SQLSERVER.DMF.RESOURCES.DLL [Correcto]
MICROSOFT.SQLSERVER.MANAGEMENT.CONTROLS.RESOURCES.DLL [Correcto]
MICROSOFT.SQLSERVER.MANAGEMENT.SDK.SFC.RESOURCES.DLL [Correcto]
MICROSOFT.SQLSERVER.SETUP.CHAINER.WORKFLOW.RESOURCES.DLL [Correcto]
MICROSOFT.SQLSERVER.SMO.RESOURCES.DLL [Correcto]
MICROSOFT.SQLSERVER.SQLENUM.RESOURCES.DLL [Correcto]

 Descomprimiendo archivos en C:\Program Files\Microsoft SQL Server\150\Setup Bootstrap\Update Cache\KB5077470\GDR\x64\Setup\

SQL_AS.MSP [Correcto]
SQL_COMMON_CORE.MSP [Correcto]
SQL_DQ.MSP [Correcto]
SQL_DQ_COMMON.MSP [Correcto]
SQL_DREPLAY_CLIENT.MSP [Correcto]
SQL_DREPLAY_CONTROLLER.MSP [Correcto]
SQL_ENGINE_CORE_INST.MSP [Correcto]
SQL_ENGINE_CORE_SHARED.MSP [Correcto]
SQL_EXTENSIBILITY.MSP [Correcto]
SQL_INST_MPY.MSP [Correcto]
SQL_INST_MR.MSP [Correcto]
SQL_IS.MSP [Correcto]
SQL_IS_MASTER.MSP [Correcto]
SQL_IS_WORKER.MSP [Correcto]
SQL_POLYBASE_CORE_INST.MSP [Correcto]
SQL_POLYBASE_JAVA_INST.MSP [Correcto]
SQL_SHARED_MPY.MSP [Correcto]
SQL_SHARED_MR.MSP [Correcto]
SQL_TOOLS_EXTENSIONS.MSP [Correcto]
SQL_XEVENT.MSP [Correcto]

 Descomprimiendo archivos en C:\Program Files\Microsoft SQL Server\150\Setup Bootstrap\Update Cache\KB5077470\GDR\x64\zh-chs\

MICROSOFT.SQLSERVER.MANAGEMENT.CONTROLS.RESOURCES.DLL [Correcto]

 Descomprimiendo archivos en C:\Program Files\Microsoft SQL Server\150\Setup Bootstrap\Update Cache\KB5077470\GDR\x64\zh-cht\

MICROSOFT.SQLSERVER.MANAGEMENT.CONTROLS.RESOURCES.DLL [Correcto]

 Descomprimiendo archivos en C:\Program Files\Microsoft SQL Server\150\Setup Bootstrap\Update Cache\KB5077470\GDR\x64\zh-Hans\

LANDINGPAGE.RESOURCES.DLL [Correcto]
MICROSOFT.NETENTERPRISESERVERS.EXCEPTIONMESSAGEBOX.RESOURCES.DLL [Correcto]
MICROSOFT.SQL.CHAINER.PACKAGE.RESOURCES.DLL [Correcto]
MICROSOFT.SQL.CHAINER.PRODUCT.RESOURCES.DLL [Correcto]
MICROSOFT.SQLSERVER.CHAINER.EXTENSIONCOMMON.RESOURCES.DLL [Correcto]
MICROSOFT.SQLSERVER.CHAINER.INFRASTRUCTURE.RESOURCES.DLL [Correcto]
MICROSOFT.SQLSERVER.CHAINER.SETUP.RESOURCES.DLL [Correcto]
MICROSOFT.SQLSERVER.CONFIGURATION.AGENTEXTENSION.RESOURCES.DLL [Correcto]
MICROSOFT.SQLSERVER.CONFIGURATION.ASEXTENSION.RESOURCES.DLL [Correcto]
MICROSOFT.SQLSERVER.CONFIGURATION.BOOTSTRAPEXTENSION.RESOURCES.DLL [Correcto]
MICROSOFT.SQLSERVER.CONFIGURATION.CLUSTER.RESOURCES.DLL [Correcto]
MICROSOFT.SQLSERVER.CONFIGURATION.CONFIGEXTENSION.RESOURCES.DLL [Correcto]
MICROSOFT.SQLSERVER.CONFIGURATION.DISTRIBUTEDREPLAYEXTENSION.RESOURCES.DLL [Correcto]
MICROSOFT.SQLSERVER.CONFIGURATION.EXTENSIBILITY_CONFIGEXTENSION.RESOURCES.DLL [Correcto]
MICROSOFT.SQLSERVER.CONFIGURATION.FULLTEXT_CONFIGEXTENSION.RESOURCES.DLL [Correcto]
MICROSOFT.SQLSERVER.CONFIGURATION.IMPY_CONFIGEXTENSION.RESOURCES.DLL [Correcto]
MICROSOFT.SQLSERVER.CONFIGURATION.IMR_CONFIGEXTENSION.RESOURCES.DLL [Correcto]
MICROSOFT.SQLSERVER.CONFIGURATION.INSTALLWIZARD.RESOURCES.DLL [Correcto]
MICROSOFT.SQLSERVER.CONFIGURATION.INSTALLWIZARDFRAMEWORK.RESOURCES.DLL [Correcto]
MICROSOFT.SQLSERVER.CONFIGURATION.ISMASTEREXTENSION.RESOURCES.DLL [Correcto]
MICROSOFT.SQLSERVER.CONFIGURATION.ISWORKEREXTENSION.RESOURCES.DLL [Correcto]
MICROSOFT.SQLSERVER.CONFIGURATION.MANAGEMENTTOOLSEXTENSION.RESOURCES.DLL [Correcto]
MICROSOFT.SQLSERVER.CONFIGURATION.MSIEXTENSION.RESOURCES.DLL [Correcto]
MICROSOFT.SQLSERVER.CONFIGURATION.POLYBASECONFIGEXTENSION.RESOURCES.DLL [Correcto]
MICROSOFT.SQLSERVER.CONFIGURATION.POLYBASEJAVACONFIGEXTENSION.RESOURCES.DLL [Correcto]
MICROSOFT.SQLSERVER.CONFIGURATION.POWERSHELLEXTENSION.RESOURCES.DLL [Correcto]
MICROSOFT.SQLSERVER.CONFIGURATION.REPL_CONFIGEXTENSION.RESOURCES.DLL [Correcto]
MICROSOFT.SQLSERVER.CONFIGURATION.RESOURCES.DLL [Correcto]
MICROSOFT.SQLSERVER.CONFIGURATION.RSEXTENSION.RESOURCES.DLL [Correcto]
MICROSOFT.SQLSERVER.CONFIGURATION.RULESENGINEEXTENSION.RESOURCES.DLL [Correcto]
MICROSOFT.SQLSERVER.CONFIGURATION.SAA_CONFIGEXTENSION.RESOURCES.DLL [Correcto]
MICROSOFT.SQLSERVER.CONFIGURATION.SCO.RESOURCES.DLL [Correcto]
MICROSOFT.SQLSERVER.CONFIGURATION.SCOEXTENSION.RESOURCES.DLL [Correcto]
MICROSOFT.SQLSERVER.CONFIGURATION.SETUPEXTENSION.RESOURCES.DLL [Correcto]
MICROSOFT.SQLSERVER.CONFIGURATION.SLPEXTENSION.RESOURCES.DLL [Correcto]
MICROSOFT.SQLSERVER.CONFIGURATION.SMARTSETUPEXTENSION.RESOURCES.DLL [Correcto]
MICROSOFT.SQLSERVER.CONFIGURATION.SMPY_CONFIGEXTENSION.RESOURCES.DLL [Correcto]
MICROSOFT.SQLSERVER.CONFIGURATION.SMR_CONFIGEXTENSION.RESOURCES.DLL [Correcto]
MICROSOFT.SQLSERVER.CONFIGURATION.SNISERVERCONFIGEXT.RESOURCES.DLL [Correcto]
MICROSOFT.SQLSERVER.CONFIGURATION.SQLBROWSEREXTENSION.RESOURCES.DLL [Correcto]
MICROSOFT.SQLSERVER.CONFIGURATION.SQLCONFIGBASE.RESOURCES.DLL [Correcto]
MICROSOFT.SQLSERVER.CONFIGURATION.SQLSERVER_CONFIGEXTENSION.RESOURCES.DLL [Correcto]
MICROSOFT.SQLSERVER.CONFIGURATION.SSISEXTENSION.RESOURCES.DLL [Correcto]
MICROSOFT.SQLSERVER.CONFIGURATION.UIEXTENSION.RESOURCES.DLL [Correcto]
MICROSOFT.SQLSERVER.CONFIGURATION.UTILITYEXTENSION.RESOURCES.DLL [Correcto]
MICROSOFT.SQLSERVER.CONFIGURATION.WIZARDFRAMEWORK.RESOURCES.DLL [Correcto]
MICROSOFT.SQLSERVER.CONFIGURATION.XTP.CONFIGEXTENSION.RESOURCES.DLL [Correcto]
MICROSOFT.SQLSERVER.CONNECTIONINFO.RESOURCES.DLL [Correcto]
MICROSOFT.SQLSERVER.DEPLOYMENT.RESOURCES.DLL [Correcto]
MICROSOFT.SQLSERVER.DISCOVERY.RESOURCES.DLL [Correcto]
MICROSOFT.SQLSERVER.DMF.COMMON.RESOURCES.DLL [Correcto]
MICROSOFT.SQLSERVER.DMF.RESOURCES.DLL [Correcto]
MICROSOFT.SQLSERVER.MANAGEMENT.SDK.SFC.RESOURCES.DLL [Correcto]
MICROSOFT.SQLSERVER.SETUP.CHAINER.WORKFLOW.RESOURCES.DLL [Correcto]
MICROSOFT.SQLSERVER.SMO.RESOURCES.DLL [Correcto]
MICROSOFT.SQLSERVER.SQLENUM.RESOURCES.DLL [Correcto]

 Descomprimiendo archivos en C:\Program Files\Microsoft SQL Server\150\Setup Bootstrap\Update Cache\KB5077470\GDR\x64\zh-Hant\

LANDINGPAGE.RESOURCES.DLL [Correcto]
MICROSOFT.NETENTERPRISESERVERS.EXCEPTIONMESSAGEBOX.RESOURCES.DLL [Correcto]
MICROSOFT.SQL.CHAINER.PACKAGE.RESOURCES.DLL [Correcto]
MICROSOFT.SQL.CHAINER.PRODUCT.RESOURCES.DLL [Correcto]
MICROSOFT.SQLSERVER.CHAINER.EXTENSIONCOMMON.RESOURCES.DLL [Correcto]
MICROSOFT.SQLSERVER.CHAINER.INFRASTRUCTURE.RESOURCES.DLL [Correcto]
MICROSOFT.SQLSERVER.CHAINER.SETUP.RESOURCES.DLL [Correcto]
MICROSOFT.SQLSERVER.CONFIGURATION.AGENTEXTENSION.RESOURCES.DLL [Correcto]
MICROSOFT.SQLSERVER.CONFIGURATION.ASEXTENSION.RESOURCES.DLL [Correcto]
MICROSOFT.SQLSERVER.CONFIGURATION.BOOTSTRAPEXTENSION.RESOURCES.DLL [Correcto]
MICROSOFT.SQLSERVER.CONFIGURATION.CLUSTER.RESOURCES.DLL [Correcto]
MICROSOFT.SQLSERVER.CONFIGURATION.CONFIGEXTENSION.RESOURCES.DLL [Correcto]
MICROSOFT.SQLSERVER.CONFIGURATION.DISTRIBUTEDREPLAYEXTENSION.RESOURCES.DLL [Correcto]
MICROSOFT.SQLSERVER.CONFIGURATION.EXTENSIBILITY_CONFIGEXTENSION.RESOURCES.DLL [Correcto]
MICROSOFT.SQLSERVER.CONFIGURATION.FULLTEXT_CONFIGEXTENSION.RESOURCES.DLL [Correcto]
MICROSOFT.SQLSERVER.CONFIGURATION.IMPY_CONFIGEXTENSION.RESOURCES.DLL [Correcto]
MICROSOFT.SQLSERVER.CONFIGURATION.IMR_CONFIGEXTENSION.RESOURCES.DLL [Correcto]
MICROSOFT.SQLSERVER.CONFIGURATION.INSTALLWIZARD.RESOURCES.DLL [Correcto]
MICROSOFT.SQLSERVER.CONFIGURATION.INSTALLWIZARDFRAMEWORK.RESOURCES.DLL [Correcto]
MICROSOFT.SQLSERVER.CONFIGURATION.ISMASTEREXTENSION.RESOURCES.DLL [Correcto]
MICROSOFT.SQLSERVER.CONFIGURATION.ISWORKEREXTENSION.RESOURCES.DLL [Correcto]
MICROSOFT.SQLSERVER.CONFIGURATION.MANAGEMENTTOOLSEXTENSION.RESOURCES.DLL [Correcto]
MICROSOFT.SQLSERVER.CONFIGURATION.MSIEXTENSION.RESOURCES.DLL [Correcto]
MICROSOFT.SQLSERVER.CONFIGURATION.POLYBASECONFIGEXTENSION.RESOURCES.DLL [Correcto]
MICROSOFT.SQLSERVER.CONFIGURATION.POLYBASEJAVACONFIGEXTENSION.RESOURCES.DLL [Correcto]
MICROSOFT.SQLSERVER.CONFIGURATION.POWERSHELLEXTENSION.RESOURCES.DLL [Correcto]
MICROSOFT.SQLSERVER.CONFIGURATION.REPL_CONFIGEXTENSION.RESOURCES.DLL [Correcto]
MICROSOFT.SQLSERVER.CONFIGURATION.RESOURCES.DLL [Correcto]
MICROSOFT.SQLSERVER.CONFIGURATION.RSEXTENSION.RESOURCES.DLL [Correcto]
MICROSOFT.SQLSERVER.CONFIGURATION.RULESENGINEEXTENSION.RESOURCES.DLL [Correcto]
MICROSOFT.SQLSERVER.CONFIGURATION.SAA_CONFIGEXTENSION.RESOURCES.DLL [Correcto]
MICROSOFT.SQLSERVER.CONFIGURATION.SCO.RESOURCES.DLL [Correcto]
MICROSOFT.SQLSERVER.CONFIGURATION.SCOEXTENSION.RESOURCES.DLL [Correcto]
MICROSOFT.SQLSERVER.CONFIGURATION.SETUPEXTENSION.RESOURCES.DLL [Correcto]
MICROSOFT.SQLSERVER.CONFIGURATION.SLPEXTENSION.RESOURCES.DLL [Correcto]
MICROSOFT.SQLSERVER.CONFIGURATION.SMARTSETUPEXTENSION.RESOURCES.DLL [Correcto]
MICROSOFT.SQLSERVER.CONFIGURATION.SMPY_CONFIGEXTENSION.RESOURCES.DLL [Correcto]
MICROSOFT.SQLSERVER.CONFIGURATION.SMR_CONFIGEXTENSION.RESOURCES.DLL [Correcto]
MICROSOFT.SQLSERVER.CONFIGURATION.SNISERVERCONFIGEXT.RESOURCES.DLL [Correcto]
MICROSOFT.SQLSERVER.CONFIGURATION.SQLBROWSEREXTENSION.RESOURCES.DLL [Correcto]
MICROSOFT.SQLSERVER.CONFIGURATION.SQLCONFIGBASE.RESOURCES.DLL [Correcto]
MICROSOFT.SQLSERVER.CONFIGURATION.SQLSERVER_CONFIGEXTENSION.RESOURCES.DLL [Correcto]
MICROSOFT.SQLSERVER.CONFIGURATION.SSISEXTENSION.RESOURCES.DLL [Correcto]
MICROSOFT.SQLSERVER.CONFIGURATION.UIEXTENSION.RESOURCES.DLL [Correcto]
MICROSOFT.SQLSERVER.CONFIGURATION.UTILITYEXTENSION.RESOURCES.DLL [Correcto]
MICROSOFT.SQLSERVER.CONFIGURATION.WIZARDFRAMEWORK.RESOURCES.DLL [Correcto]
MICROSOFT.SQLSERVER.CONFIGURATION.XTP.CONFIGEXTENSION.RESOURCES.DLL [Correcto]
MICROSOFT.SQLSERVER.CONNECTIONINFO.RESOURCES.DLL [Correcto]
MICROSOFT.SQLSERVER.DEPLOYMENT.RESOURCES.DLL [Correcto]
MICROSOFT.SQLSERVER.DISCOVERY.RESOURCES.DLL [Correcto]
MICROSOFT.SQLSERVER.DMF.COMMON.RESOURCES.DLL [Correcto]
MICROSOFT.SQLSERVER.DMF.RESOURCES.DLL [Correcto]
MICROSOFT.SQLSERVER.MANAGEMENT.SDK.SFC.RESOURCES.DLL [Correcto]
MICROSOFT.SQLSERVER.SETUP.CHAINER.WORKFLOW.RESOURCES.DLL [Correcto]
MICROSOFT.SQLSERVER.SMO.RESOURCES.DLL [Correcto]
MICROSOFT.SQLSERVER.SQLENUM.RESOURCES.DLL [Correcto]

 Descomprimiendo archivos en C:\Program Files\Microsoft SQL Server\150\Setup Bootstrap\Update Cache\KB5084817\

GDR [Correcto]

 Descomprimiendo archivos en C:\Program Files\Microsoft SQL Server\150\Setup Bootstrap\Update Cache\KB5084817\GDR\

1028_CHT_LP [Correcto]
1031_DEU_LP [Correcto]
1033_ENU_LP [Correcto]
1036_FRA_LP [Correcto]
1040_ITA_LP [Correcto]
1041_JPN_LP [Correcto]
1042_KOR_LP [Correcto]
1046_PTB_LP [Correcto]
1049_RUS_LP [Correcto]
2052_CHS_LP [Correcto]
3082_ESN_LP [Correcto]
MEDIAINFO.XML [Correcto]
PackageId.dat [Correcto]
resources [Correcto]
SETUP.EXE [Correcto]
SETUP.EXE.CONFIG [Correcto]
SQLSETUPBOOTSTRAPPER.DLL [Correcto]
x64 [Correcto]

 Descomprimiendo archivos en C:\Program Files\Microsoft SQL Server\150\Setup Bootstrap\Update Cache\KB5084817\GDR\1028_CHT_LP\

x64 [Correcto]

 Descomprimiendo archivos en C:\Program Files\Microsoft SQL Server\150\Setup Bootstrap\Update Cache\KB5084817\GDR\1028_CHT_LP\x64\

1028 [Correcto]

 Descomprimiendo archivos en C:\Program Files\Microsoft SQL Server\150\Setup Bootstrap\Update Cache\KB5084817\GDR\1028_CHT_LP\x64\1028\

PYTHONLICENSE.RTF [Correcto]
README.HTM [Correcto]
ROPENLICENSE.RTF [Correcto]
UPDATE_LICENSE.RTF [Correcto]

 Descomprimiendo archivos en C:\Program Files\Microsoft SQL Server\150\Setup Bootstrap\Update Cache\KB5084817\GDR\1031_DEU_LP\

x64 [Correcto]

 Descomprimiendo archivos en C:\Program Files\Microsoft SQL Server\150\Setup Bootstrap\Update Cache\KB5084817\GDR\1031_DEU_LP\x64\

1031 [Correcto]

 Descomprimiendo archivos en C:\Program Files\Microsoft SQL Server\150\Setup Bootstrap\Update Cache\KB5084817\GDR\1031_DEU_LP\x64\1031\

PYTHONLICENSE.RTF [Correcto]
README.HTM [Correcto]
ROPENLICENSE.RTF [Correcto]
UPDATE_LICENSE.RTF [Correcto]

 Descomprimiendo archivos en C:\Program Files\Microsoft SQL Server\150\Setup Bootstrap\Update Cache\KB5084817\GDR\1033_ENU_LP\

MEDIAINFO.XML [Correcto]
x64 [Correcto]

 Descomprimiendo archivos en C:\Program Files\Microsoft SQL Server\150\Setup Bootstrap\Update Cache\KB5084817\GDR\1033_ENU_LP\x64\

1033 [Correcto]
Setup [Correcto]

 Descomprimiendo archivos en C:\Program Files\Microsoft SQL Server\150\Setup Bootstrap\Update Cache\KB5084817\GDR\1033_ENU_LP\x64\1033\

PYTHONLICENSE.RTF [Correcto]
README.HTM [Correcto]
ROPENLICENSE.RTF [Correcto]
UPDATE_LICENSE.RTF [Correcto]

 Descomprimiendo archivos en C:\Program Files\Microsoft SQL Server\150\Setup Bootstrap\Update Cache\KB5084817\GDR\1033_ENU_LP\x64\Setup\

SQLBROWSER.MSP [Correcto]
x64 [Correcto]

 Descomprimiendo archivos en C:\Program Files\Microsoft SQL Server\150\Setup Bootstrap\Update Cache\KB5084817\GDR\1033_ENU_LP\x64\Setup\x64\

MSODBCSQL.MSI [Correcto]
MSOLEDBSQL.MSI [Correcto]
SQLNCLI.MSI [Correcto]
SQLWRITER.MSP [Correcto]

 Descomprimiendo archivos en C:\Program Files\Microsoft SQL Server\150\Setup Bootstrap\Update Cache\KB5084817\GDR\1036_FRA_LP\

x64 [Correcto]

 Descomprimiendo archivos en C:\Program Files\Microsoft SQL Server\150\Setup Bootstrap\Update Cache\KB5084817\GDR\1036_FRA_LP\x64\

1036 [Correcto]

 Descomprimiendo archivos en C:\Program Files\Microsoft SQL Server\150\Setup Bootstrap\Update Cache\KB5084817\GDR\1036_FRA_LP\x64\1036\

PYTHONLICENSE.RTF [Correcto]
README.HTM [Correcto]
ROPENLICENSE.RTF [Correcto]
UPDATE_LICENSE.RTF [Correcto]

 Descomprimiendo archivos en C:\Program Files\Microsoft SQL Server\150\Setup Bootstrap\Update Cache\KB5084817\GDR\1040_ITA_LP\

x64 [Correcto]

 Descomprimiendo archivos en C:\Program Files\Microsoft SQL Server\150\Setup Bootstrap\Update Cache\KB5084817\GDR\1040_ITA_LP\x64\

1040 [Correcto]

 Descomprimiendo archivos en C:\Program Files\Microsoft SQL Server\150\Setup Bootstrap\Update Cache\KB5084817\GDR\1040_ITA_LP\x64\1040\

PYTHONLICENSE.RTF [Correcto]
README.HTM [Correcto]
ROPENLICENSE.RTF [Correcto]
UPDATE_LICENSE.RTF [Correcto]

 Descomprimiendo archivos en C:\Program Files\Microsoft SQL Server\150\Setup Bootstrap\Update Cache\KB5084817\GDR\1041_JPN_LP\

x64 [Correcto]

 Descomprimiendo archivos en C:\Program Files\Microsoft SQL Server\150\Setup Bootstrap\Update Cache\KB5084817\GDR\1041_JPN_LP\x64\

1041 [Correcto]

 Descomprimiendo archivos en C:\Program Files\Microsoft SQL Server\150\Setup Bootstrap\Update Cache\KB5084817\GDR\1041_JPN_LP\x64\1041\

PYTHONLICENSE.RTF [Correcto]
README.HTM [Correcto]
ROPENLICENSE.RTF [Correcto]
UPDATE_LICENSE.RTF [Correcto]

 Descomprimiendo archivos en C:\Program Files\Microsoft SQL Server\150\Setup Bootstrap\Update Cache\KB5084817\GDR\1042_KOR_LP\

x64 [Correcto]

 Descomprimiendo archivos en C:\Program Files\Microsoft SQL Server\150\Setup Bootstrap\Update Cache\KB5084817\GDR\1042_KOR_LP\x64\

1042 [Correcto]

 Descomprimiendo archivos en C:\Program Files\Microsoft SQL Server\150\Setup Bootstrap\Update Cache\KB5084817\GDR\1042_KOR_LP\x64\1042\

PYTHONLICENSE.RTF [Correcto]
README.HTM [Correcto]
ROPENLICENSE.RTF [Correcto]
UPDATE_LICENSE.RTF [Correcto]

 Descomprimiendo archivos en C:\Program Files\Microsoft SQL Server\150\Setup Bootstrap\Update Cache\KB5084817\GDR\1046_PTB_LP\

x64 [Correcto]

 Descomprimiendo archivos en C:\Program Files\Microsoft SQL Server\150\Setup Bootstrap\Update Cache\KB5084817\GDR\1046_PTB_LP\x64\

1046 [Correcto]

 Descomprimiendo archivos en C:\Program Files\Microsoft SQL Server\150\Setup Bootstrap\Update Cache\KB5084817\GDR\1046_PTB_LP\x64\1046\

PYTHONLICENSE.RTF [Correcto]
README.HTM [Correcto]
ROPENLICENSE.RTF [Correcto]
UPDATE_LICENSE.RTF [Correcto]

 Descomprimiendo archivos en C:\Program Files\Microsoft SQL Server\150\Setup Bootstrap\Update Cache\KB5084817\GDR\1049_RUS_LP\

x64 [Correcto]

 Descomprimiendo archivos en C:\Program Files\Microsoft SQL Server\150\Setup Bootstrap\Update Cache\KB5084817\GDR\1049_RUS_LP\x64\

1049 [Correcto]

 Descomprimiendo archivos en C:\Program Files\Microsoft SQL Server\150\Setup Bootstrap\Update Cache\KB5084817\GDR\1049_RUS_LP\x64\1049\

PYTHONLICENSE.RTF [Correcto]
README.HTM [Correcto]
ROPENLICENSE.RTF [Correcto]
UPDATE_LICENSE.RTF [Correcto]

 Descomprimiendo archivos en C:\Program Files\Microsoft SQL Server\150\Setup Bootstrap\Update Cache\KB5084817\GDR\2052_CHS_LP\

x64 [Correcto]

 Descomprimiendo archivos en C:\Program Files\Microsoft SQL Server\150\Setup Bootstrap\Update Cache\KB5084817\GDR\2052_CHS_LP\x64\

2052 [Correcto]

 Descomprimiendo archivos en C:\Program Files\Microsoft SQL Server\150\Setup Bootstrap\Update Cache\KB5084817\GDR\2052_CHS_LP\x64\2052\

PYTHONLICENSE.RTF [Correcto]
README.HTM [Correcto]
ROPENLICENSE.RTF [Correcto]
UPDATE_LICENSE.RTF [Correcto]

 Descomprimiendo archivos en C:\Program Files\Microsoft SQL Server\150\Setup Bootstrap\Update Cache\KB5084817\GDR\3082_ESN_LP\

x64 [Correcto]

 Descomprimiendo archivos en C:\Program Files\Microsoft SQL Server\150\Setup Bootstrap\Update Cache\KB5084817\GDR\3082_ESN_LP\x64\

3082 [Correcto]

 Descomprimiendo archivos en C:\Program Files\Microsoft SQL Server\150\Setup Bootstrap\Update Cache\KB5084817\GDR\3082_ESN_LP\x64\3082\

PYTHONLICENSE.RTF [Correcto]
README.HTM [Correcto]
ROPENLICENSE.RTF [Correcto]
UPDATE_LICENSE.RTF [Correcto]

 Descomprimiendo archivos en C:\Program Files\Microsoft SQL Server\150\Setup Bootstrap\Update Cache\KB5084817\GDR\resources\

1033 [Correcto]

 Descomprimiendo archivos en C:\Program Files\Microsoft SQL Server\150\Setup Bootstrap\Update Cache\KB5084817\GDR\resources\1033\

SETUP.RLL [Correcto]

 Descomprimiendo archivos en C:\Program Files\Microsoft SQL Server\150\Setup Bootstrap\Update Cache\KB5084817\GDR\x64\

ADDNODE.XML [Correcto]
COMPLETECLUSTERWIZARD.XML [Correcto]
COMPLETEIMAGEWIZARD.XML [Correcto]
COMPONENTUPDATE.XML [Correcto]
CONFIGURATION.UICFG [Correcto]
de [Correcto]
EDITIONUPGRADEWIZARD.XML [Correcto]
es [Correcto]
FIXSQLREGISTRYKEY_X64.EXE [Correcto]
FIXSQLREGISTRYKEY_X64.EXE.CONFIG [Correcto]
FIXSQLREGISTRYKEY_X86.EXE [Correcto]
FIXSQLREGISTRYKEY_X86.EXE.CONFIG [Correcto]
fr [Correcto]
INSTALLCLUSTERWIZARD.XML [Correcto]
INSTALLWIZARD.XML [Correcto]
INSTAPI150.DLL [Correcto]
it [Correcto]
ja [Correcto]
ko [Correcto]
LANDINGPAGE.EXE [Correcto]
LANDINGPAGE.EXE.CONFIG [Correcto]
MICROSOFT.ANALYSISSERVICES.ADOMDCLIENT.DLL [Correcto]
MICROSOFT.ANALYSISSERVICES.CORE.DLL [Correcto]
MICROSOFT.ANALYSISSERVICES.DLL [Correcto]
MICROSOFT.ANALYSISSERVICES.SPCLIENT.INTERFACES.DLL [Correcto]
MICROSOFT.ANALYSISSERVICES.TABULAR.DLL [Correcto]
MICROSOFT.ANALYSISSERVICES.TABULAR.JSON.DLL [Correcto]
MICROSOFT.DIAGNOSTICS.TRACING.EVENTSOURCE.DLL [Correcto]
MICROSOFT.NETENTERPRISESERVERS.EXCEPTIONMESSAGEBOX.DLL [Correcto]
MICROSOFT.SQL.CHAINER.PACKAGE.DLL [Correcto]
MICROSOFT.SQL.CHAINER.PACKAGE.XMLSERIALIZERS.DLL [Correcto]
MICROSOFT.SQL.CHAINER.PACKAGEDATA.DLL [Correcto]
MICROSOFT.SQL.CHAINER.PRODUCT.DLL [Correcto]
MICROSOFT.SQL.CHAINER.PRODUCT.XMLSERIALIZERS.DLL [Correcto]
MICROSOFT.SQLSERVER.CHAINER.EXTENSIONCOMMON.DLL [Correcto]
MICROSOFT.SQLSERVER.CHAINER.EXTENSIONCOMMON.XMLSERIALIZERS.DLL [Correcto]
MICROSOFT.SQLSERVER.CHAINER.INFRASTRUCTURE.DLL [Correcto]
MICROSOFT.SQLSERVER.CHAINER.INFRASTRUCTURE.XMLSERIALIZERS.DLL [Correcto]
MICROSOFT.SQLSERVER.CHAINER.WORKFLOWDATA.DLL [Correcto]
MICROSOFT.SQLSERVER.CHAINER.WORKFLOWDATA.XMLSERIALIZERS.DLL [Correcto]
MICROSOFT.SQLSERVER.CONFIGURATION.AGENTEXTENSION.DLL [Correcto]
MICROSOFT.SQLSERVER.CONFIGURATION.ASEXTENSION.DLL [Correcto]
MICROSOFT.SQLSERVER.CONFIGURATION.ASTELEMETRYEXTENSION.DLL [Correcto]
MICROSOFT.SQLSERVER.CONFIGURATION.BOOTSTRAPEXTENSION.DLL [Correcto]
MICROSOFT.SQLSERVER.CONFIGURATION.BOOTSTRAPEXTENSION.XMLSERIALIZERS.DLL [Correcto]
MICROSOFT.SQLSERVER.CONFIGURATION.CLUSTER.DLL [Correcto]
MICROSOFT.SQLSERVER.CONFIGURATION.CLUSTER.XMLSERIALIZERS.DLL [Correcto]
MICROSOFT.SQLSERVER.CONFIGURATION.CONFIGEXTENSION.DLL [Correcto]
MICROSOFT.SQLSERVER.CONFIGURATION.CONFIGEXTENSION.XMLSERIALIZERS.DLL [Correcto]
MICROSOFT.SQLSERVER.CONFIGURATION.DISTRIBUTEDREPLAYEXTENSION.DLL [Correcto]
MICROSOFT.SQLSERVER.CONFIGURATION.DLL [Correcto]
MICROSOFT.SQLSERVER.CONFIGURATION.EXTENSIBILITY_CONFIGEXTENSION.DLL [Correcto]
MICROSOFT.SQLSERVER.CONFIGURATION.FULLTEXT_CONFIGEXTENSION.DLL [Correcto]
MICROSOFT.SQLSERVER.CONFIGURATION.IMPY_CONFIGEXTENSION.DLL [Correcto]
MICROSOFT.SQLSERVER.CONFIGURATION.IMR_CONFIGEXTENSION.DLL [Correcto]
MICROSOFT.SQLSERVER.CONFIGURATION.INSTALLWIZARD.DLL [Correcto]
MICROSOFT.SQLSERVER.CONFIGURATION.INSTALLWIZARDFRAMEWORK.DLL [Correcto]
MICROSOFT.SQLSERVER.CONFIGURATION.INSTALLWIZARDFRAMEWORK.XMLSERIALIZERS.DLL [Correcto]
MICROSOFT.SQLSERVER.CONFIGURATION.ISMASTEREXTENSION.DLL [Correcto]
MICROSOFT.SQLSERVER.CONFIGURATION.ISTELEMETRYCONFIGEXTENSION.DLL [Correcto]
MICROSOFT.SQLSERVER.CONFIGURATION.ISWORKEREXTENSION.DLL [Correcto]
MICROSOFT.SQLSERVER.CONFIGURATION.MANAGEMENTTOOLSEXTENSION.DLL [Correcto]
MICROSOFT.SQLSERVER.CONFIGURATION.MSIEXTENSION.DLL [Correcto]
MICROSOFT.SQLSERVER.CONFIGURATION.MSIEXTENSION.XMLSERIALIZERS.DLL [Correcto]
MICROSOFT.SQLSERVER.CONFIGURATION.POLYBASECONFIGEXTENSION.DLL [Correcto]
MICROSOFT.SQLSERVER.CONFIGURATION.POLYBASEJAVACONFIGEXTENSION.DLL [Correcto]
MICROSOFT.SQLSERVER.CONFIGURATION.POWERSHELLEXTENSION.DLL [Correcto]
MICROSOFT.SQLSERVER.CONFIGURATION.REPL_CONFIGEXTENSION.DLL [Correcto]
MICROSOFT.SQLSERVER.CONFIGURATION.RSEXTENSION.DLL [Correcto]
MICROSOFT.SQLSERVER.CONFIGURATION.RULESENGINEEXTENSION.DLL [Correcto]
MICROSOFT.SQLSERVER.CONFIGURATION.RULESENGINEEXTENSION.XMLSERIALIZERS.DLL [Correcto]
MICROSOFT.SQLSERVER.CONFIGURATION.SAA_CONFIGEXTENSION.DLL [Correcto]
MICROSOFT.SQLSERVER.CONFIGURATION.SCO.DLL [Correcto]
MICROSOFT.SQLSERVER.CONFIGURATION.SCO.XMLSERIALIZERS.DLL [Correcto]
MICROSOFT.SQLSERVER.CONFIGURATION.SCOEXTENSION.DLL [Correcto]
MICROSOFT.SQLSERVER.CONFIGURATION.SETUPEXTENSION.DLL [Correcto]
MICROSOFT.SQLSERVER.CONFIGURATION.SETUPEXTENSION.XMLSERIALIZERS.DLL [Correcto]
MICROSOFT.SQLSERVER.CONFIGURATION.SLPEXTENSION.DLL [Correcto]
MICROSOFT.SQLSERVER.CONFIGURATION.SMARTSETUPEXTENSION.DLL [Correcto]
MICROSOFT.SQLSERVER.CONFIGURATION.SMARTSETUPEXTENSION.XMLSERIALIZERS.DLL [Correcto]
MICROSOFT.SQLSERVER.CONFIGURATION.SMPY_CONFIGEXTENSION.DLL [Correcto]
MICROSOFT.SQLSERVER.CONFIGURATION.SMR_CONFIGEXTENSION.DLL [Correcto]
MICROSOFT.SQLSERVER.CONFIGURATION.SNISERVERCONFIGEXT.DLL [Correcto]
MICROSOFT.SQLSERVER.CONFIGURATION.SQLBROWSEREXTENSION.DLL [Correcto]
MICROSOFT.SQLSERVER.CONFIGURATION.SQLCONFIGBASE.DLL [Correcto]
MICROSOFT.SQLSERVER.CONFIGURATION.SQLCONFIGBASE.XMLSERIALIZERS.DLL [Correcto]
MICROSOFT.SQLSERVER.CONFIGURATION.SQLSERVER_CONFIGEXTENSION.DLL [Correcto]
MICROSOFT.SQLSERVER.CONFIGURATION.SSISEXTENSION.DLL [Correcto]
MICROSOFT.SQLSERVER.CONFIGURATION.TELEMETRYCONFIGEXTENSION.DLL [Correcto]
MICROSOFT.SQLSERVER.CONFIGURATION.TELEMETRYCONFIGEXTENSION.RESOURCES.DLL [Correcto]
MICROSOFT.SQLSERVER.CONFIGURATION.UIEXTENSION.DLL [Correcto]
MICROSOFT.SQLSERVER.CONFIGURATION.UIEXTENSION.XMLSERIALIZERS.DLL [Correcto]
MICROSOFT.SQLSERVER.CONFIGURATION.UTILITYEXTENSION.DLL [Correcto]
MICROSOFT.SQLSERVER.CONFIGURATION.WIZARDFRAMEWORK.DLL [Correcto]
MICROSOFT.SQLSERVER.CONFIGURATION.WIZARDFRAMEWORK.XMLSERIALIZERS.DLL [Correcto]
MICROSOFT.SQLSERVER.CONFIGURATION.WMIINTEROP.DLL [Correcto]
MICROSOFT.SQLSERVER.CONFIGURATION.XMLSERIALIZERS.DLL [Correcto]
MICROSOFT.SQLSERVER.CONFIGURATION.XTP.CONFIGEXTENSION.DLL [Correcto]
MICROSOFT.SQLSERVER.CONNECTIONINFO.DLL [Correcto]
MICROSOFT.SQLSERVER.CUSTOMCONTROLS.DLL [Correcto]
MICROSOFT.SQLSERVER.DATAWAREHOUSE.WORKLOADDEPLOYMENT.DLL [Correcto]
MICROSOFT.SQLSERVER.DEPLOYMENT.DLL [Correcto]
MICROSOFT.SQLSERVER.DEPLOYMENT.XMLSERIALIZERS.DLL [Correcto]
MICROSOFT.SQLSERVER.DIAGNOSTICS.STRACE.DLL [Correcto]
MICROSOFT.SQLSERVER.DISCOVERY.DLL [Correcto]
MICROSOFT.SQLSERVER.DISCOVERY.XMLSERIALIZERS.DLL [Correcto]
MICROSOFT.SQLSERVER.DMF.COMMON.DLL [Correcto]
MICROSOFT.SQLSERVER.DMF.DLL [Correcto]
MICROSOFT.SQLSERVER.INSTAPI.DLL [Correcto]
MICROSOFT.SQLSERVER.INTEROP.FIREWALLAPI.DLL [Correcto]
MICROSOFT.SQLSERVER.INTEROP.TASKSCHD.DLL [Correcto]
MICROSOFT.SQLSERVER.INTEROP.WUAPILIB.DLL [Correcto]
MICROSOFT.SQLSERVER.MANAGEMENT.CONTROLS.DLL [Correcto]
MICROSOFT.SQLSERVER.MANAGEMENT.SDK.SFC.DLL [Correcto]
MICROSOFT.SQLSERVER.SETUP.CHAINER.WORKFLOW.DLL [Correcto]
MICROSOFT.SQLSERVER.SETUP.CHAINER.WORKFLOW.XMLSERIALIZERS.DLL [Correcto]
MICROSOFT.SQLSERVER.SMO.DLL [Correcto]
MICROSOFT.SQLSERVER.SQLCLRPROVIDER.DLL [Correcto]
MICROSOFT.SQLSERVER.SQLENUM.DLL [Correcto]
MICROSOFT.SQLSERVER.SSTRING.DLL [Correcto]
MICROSOFT.SQLSERVER.USAGETRACKING.DLL [Correcto]
MSVCP140.DLL [Correcto]
MSVCP140_1.DLL [Correcto]
NEWTONSOFT.JSON.DLL [Correcto]
PACKAGE.XSD [Correcto]
PATCHWIZARD.XML [Correcto]
PIDGENX.DLL [Correcto]
PIDPRIVATECONFIGOBJECTMAPS.XML [Correcto]
PREPARECLUSTERWIZARD.XML [Correcto]
PREPAREIMAGEWIZARD.XML [Correcto]
pt [Correcto]
REMOVENODE.XML [Correcto]
REMOVEPATCHWIZARD.XML [Correcto]
REPAIRWIZARD.XML [Correcto]
RSETUP.EXE [Correcto]
ru [Correcto]
RUNRULESUI.XML [Correcto]
SCENARIOENGINE.EXE [Correcto]
SCENARIOENGINE.EXE.CONFIG [Correcto]
Setup [Correcto]
SHELLOBJECTS.DLL [Correcto]
SQLBOOT.DLL [Correcto]
SQLCAB.DLL [Correcto]
SQLCONF.DLL [Correcto]
SQLMU.DLL [Correcto]
SQLPROCESSSUB.DLL [Correcto]
SQLSCCN.DLL [Correcto]
UNINSTALLWIZARD.XML [Correcto]
UPGRADEWIZARD.XML [Correcto]
VCCORLIB140.DLL [Correcto]
VCRUNTIME140.DLL [Correcto]
zh-chs [Correcto]
zh-cht [Correcto]
zh-Hans [Correcto]
zh-Hant [Correcto]

 Descomprimiendo archivos en C:\Program Files\Microsoft SQL Server\150\Setup Bootstrap\Update Cache\KB5084817\GDR\x64\de\

LANDINGPAGE.RESOURCES.DLL [Correcto]
MICROSOFT.NETENTERPRISESERVERS.EXCEPTIONMESSAGEBOX.RESOURCES.DLL [Correcto]
MICROSOFT.SQL.CHAINER.PACKAGE.RESOURCES.DLL [Correcto]
MICROSOFT.SQL.CHAINER.PRODUCT.RESOURCES.DLL [Correcto]
MICROSOFT.SQLSERVER.CHAINER.EXTENSIONCOMMON.RESOURCES.DLL [Correcto]
MICROSOFT.SQLSERVER.CHAINER.INFRASTRUCTURE.RESOURCES.DLL [Correcto]
MICROSOFT.SQLSERVER.CHAINER.SETUP.RESOURCES.DLL [Correcto]
MICROSOFT.SQLSERVER.CONFIGURATION.AGENTEXTENSION.RESOURCES.DLL [Correcto]
MICROSOFT.SQLSERVER.CONFIGURATION.ASEXTENSION.RESOURCES.DLL [Correcto]
MICROSOFT.SQLSERVER.CONFIGURATION.BOOTSTRAPEXTENSION.RESOURCES.DLL [Correcto]
MICROSOFT.SQLSERVER.CONFIGURATION.CLUSTER.RESOURCES.DLL [Correcto]
MICROSOFT.SQLSERVER.CONFIGURATION.CONFIGEXTENSION.RESOURCES.DLL [Correcto]
MICROSOFT.SQLSERVER.CONFIGURATION.DISTRIBUTEDREPLAYEXTENSION.RESOURCES.DLL [Correcto]
MICROSOFT.SQLSERVER.CONFIGURATION.EXTENSIBILITY_CONFIGEXTENSION.RESOURCES.DLL [Correcto]
MICROSOFT.SQLSERVER.CONFIGURATION.FULLTEXT_CONFIGEXTENSION.RESOURCES.DLL [Correcto]
MICROSOFT.SQLSERVER.CONFIGURATION.IMPY_CONFIGEXTENSION.RESOURCES.DLL [Correcto]
MICROSOFT.SQLSERVER.CONFIGURATION.IMR_CONFIGEXTENSION.RESOURCES.DLL [Correcto]
MICROSOFT.SQLSERVER.CONFIGURATION.INSTALLWIZARD.RESOURCES.DLL [Correcto]
MICROSOFT.SQLSERVER.CONFIGURATION.INSTALLWIZARDFRAMEWORK.RESOURCES.DLL [Correcto]
MICROSOFT.SQLSERVER.CONFIGURATION.ISMASTEREXTENSION.RESOURCES.DLL [Correcto]
MICROSOFT.SQLSERVER.CONFIGURATION.ISWORKEREXTENSION.RESOURCES.DLL [Correcto]
MICROSOFT.SQLSERVER.CONFIGURATION.MANAGEMENTTOOLSEXTENSION.RESOURCES.DLL [Correcto]
MICROSOFT.SQLSERVER.CONFIGURATION.MSIEXTENSION.RESOURCES.DLL [Correcto]
MICROSOFT.SQLSERVER.CONFIGURATION.POLYBASECONFIGEXTENSION.RESOURCES.DLL [Correcto]
MICROSOFT.SQLSERVER.CONFIGURATION.POLYBASEJAVACONFIGEXTENSION.RESOURCES.DLL [Correcto]
MICROSOFT.SQLSERVER.CONFIGURATION.POWERSHELLEXTENSION.RESOURCES.DLL [Correcto]
MICROSOFT.SQLSERVER.CONFIGURATION.REPL_CONFIGEXTENSION.RESOURCES.DLL [Correcto]
MICROSOFT.SQLSERVER.CONFIGURATION.RESOURCES.DLL [Correcto]
MICROSOFT.SQLSERVER.CONFIGURATION.RSEXTENSION.RESOURCES.DLL [Correcto]
MICROSOFT.SQLSERVER.CONFIGURATION.RULESENGINEEXTENSION.RESOURCES.DLL [Correcto]
MICROSOFT.SQLSERVER.CONFIGURATION.SAA_CONFIGEXTENSION.RESOURCES.DLL [Correcto]
MICROSOFT.SQLSERVER.CONFIGURATION.SCO.RESOURCES.DLL [Correcto]
MICROSOFT.SQLSERVER.CONFIGURATION.SCOEXTENSION.RESOURCES.DLL [Correcto]
MICROSOFT.SQLSERVER.CONFIGURATION.SETUPEXTENSION.RESOURCES.DLL [Correcto]
MICROSOFT.SQLSERVER.CONFIGURATION.SLPEXTENSION.RESOURCES.DLL [Correcto]
MICROSOFT.SQLSERVER.CONFIGURATION.SMARTSETUPEXTENSION.RESOURCES.DLL [Correcto]
MICROSOFT.SQLSERVER.CONFIGURATION.SMPY_CONFIGEXTENSION.RESOURCES.DLL [Correcto]
MICROSOFT.SQLSERVER.CONFIGURATION.SMR_CONFIGEXTENSION.RESOURCES.DLL [Correcto]
MICROSOFT.SQLSERVER.CONFIGURATION.SNISERVERCONFIGEXT.RESOURCES.DLL [Correcto]
MICROSOFT.SQLSERVER.CONFIGURATION.SQLBROWSEREXTENSION.RESOURCES.DLL [Correcto]
MICROSOFT.SQLSERVER.CONFIGURATION.SQLCONFIGBASE.RESOURCES.DLL [Correcto]
MICROSOFT.SQLSERVER.CONFIGURATION.SQLSERVER_CONFIGEXTENSION.RESOURCES.DLL [Correcto]
MICROSOFT.SQLSERVER.CONFIGURATION.SSISEXTENSION.RESOURCES.DLL [Correcto]
MICROSOFT.SQLSERVER.CONFIGURATION.UIEXTENSION.RESOURCES.DLL [Correcto]
MICROSOFT.SQLSERVER.CONFIGURATION.UTILITYEXTENSION.RESOURCES.DLL [Correcto]
MICROSOFT.SQLSERVER.CONFIGURATION.WIZARDFRAMEWORK.RESOURCES.DLL [Correcto]
MICROSOFT.SQLSERVER.CONFIGURATION.XTP.CONFIGEXTENSION.RESOURCES.DLL [Correcto]
MICROSOFT.SQLSERVER.CONNECTIONINFO.RESOURCES.DLL [Correcto]
MICROSOFT.SQLSERVER.DEPLOYMENT.RESOURCES.DLL [Correcto]
MICROSOFT.SQLSERVER.DISCOVERY.RESOURCES.DLL [Correcto]
MICROSOFT.SQLSERVER.DMF.COMMON.RESOURCES.DLL [Correcto]
MICROSOFT.SQLSERVER.DMF.RESOURCES.DLL [Correcto]
MICROSOFT.SQLSERVER.MANAGEMENT.CONTROLS.RESOURCES.DLL [Correcto]
MICROSOFT.SQLSERVER.MANAGEMENT.SDK.SFC.RESOURCES.DLL [Correcto]
MICROSOFT.SQLSERVER.SETUP.CHAINER.WORKFLOW.RESOURCES.DLL [Correcto]
MICROSOFT.SQLSERVER.SMO.RESOURCES.DLL [Correcto]
MICROSOFT.SQLSERVER.SQLENUM.RESOURCES.DLL [Correcto]

 Descomprimiendo archivos en C:\Program Files\Microsoft SQL Server\150\Setup Bootstrap\Update Cache\KB5084817\GDR\x64\es\

LANDINGPAGE.RESOURCES.DLL [Correcto]
MICROSOFT.NETENTERPRISESERVERS.EXCEPTIONMESSAGEBOX.RESOURCES.DLL [Correcto]
MICROSOFT.SQL.CHAINER.PACKAGE.RESOURCES.DLL [Correcto]
MICROSOFT.SQL.CHAINER.PRODUCT.RESOURCES.DLL [Correcto]
MICROSOFT.SQLSERVER.CHAINER.EXTENSIONCOMMON.RESOURCES.DLL [Correcto]
MICROSOFT.SQLSERVER.CHAINER.INFRASTRUCTURE.RESOURCES.DLL [Correcto]
MICROSOFT.SQLSERVER.CHAINER.SETUP.RESOURCES.DLL [Correcto]
MICROSOFT.SQLSERVER.CONFIGURATION.AGENTEXTENSION.RESOURCES.DLL [Correcto]
MICROSOFT.SQLSERVER.CONFIGURATION.ASEXTENSION.RESOURCES.DLL [Correcto]
MICROSOFT.SQLSERVER.CONFIGURATION.BOOTSTRAPEXTENSION.RESOURCES.DLL [Correcto]
MICROSOFT.SQLSERVER.CONFIGURATION.CLUSTER.RESOURCES.DLL [Correcto]
MICROSOFT.SQLSERVER.CONFIGURATION.CONFIGEXTENSION.RESOURCES.DLL [Correcto]
MICROSOFT.SQLSERVER.CONFIGURATION.DISTRIBUTEDREPLAYEXTENSION.RESOURCES.DLL [Correcto]
MICROSOFT.SQLSERVER.CONFIGURATION.EXTENSIBILITY_CONFIGEXTENSION.RESOURCES.DLL [Correcto]
MICROSOFT.SQLSERVER.CONFIGURATION.FULLTEXT_CONFIGEXTENSION.RESOURCES.DLL [Correcto]
MICROSOFT.SQLSERVER.CONFIGURATION.IMPY_CONFIGEXTENSION.RESOURCES.DLL [Correcto]
MICROSOFT.SQLSERVER.CONFIGURATION.IMR_CONFIGEXTENSION.RESOURCES.DLL [Correcto]
MICROSOFT.SQLSERVER.CONFIGURATION.INSTALLWIZARD.RESOURCES.DLL [Correcto]
MICROSOFT.SQLSERVER.CONFIGURATION.INSTALLWIZARDFRAMEWORK.RESOURCES.DLL [Correcto]
MICROSOFT.SQLSERVER.CONFIGURATION.ISMASTEREXTENSION.RESOURCES.DLL [Correcto]
MICROSOFT.SQLSERVER.CONFIGURATION.ISWORKEREXTENSION.RESOURCES.DLL [Correcto]
MICROSOFT.SQLSERVER.CONFIGURATION.MANAGEMENTTOOLSEXTENSION.RESOURCES.DLL [Correcto]
MICROSOFT.SQLSERVER.CONFIGURATION.MSIEXTENSION.RESOURCES.DLL [Correcto]
MICROSOFT.SQLSERVER.CONFIGURATION.POLYBASECONFIGEXTENSION.RESOURCES.DLL [Correcto]
MICROSOFT.SQLSERVER.CONFIGURATION.POLYBASEJAVACONFIGEXTENSION.RESOURCES.DLL [Correcto]
MICROSOFT.SQLSERVER.CONFIGURATION.POWERSHELLEXTENSION.RESOURCES.DLL [Correcto]
MICROSOFT.SQLSERVER.CONFIGURATION.REPL_CONFIGEXTENSION.RESOURCES.DLL [Correcto]
MICROSOFT.SQLSERVER.CONFIGURATION.RESOURCES.DLL [Correcto]
MICROSOFT.SQLSERVER.CONFIGURATION.RSEXTENSION.RESOURCES.DLL [Correcto]
MICROSOFT.SQLSERVER.CONFIGURATION.RULESENGINEEXTENSION.RESOURCES.DLL [Correcto]
MICROSOFT.SQLSERVER.CONFIGURATION.SAA_CONFIGEXTENSION.RESOURCES.DLL [Correcto]
MICROSOFT.SQLSERVER.CONFIGURATION.SCO.RESOURCES.DLL [Correcto]
MICROSOFT.SQLSERVER.CONFIGURATION.SCOEXTENSION.RESOURCES.DLL [Correcto]
MICROSOFT.SQLSERVER.CONFIGURATION.SETUPEXTENSION.RESOURCES.DLL [Correcto]
MICROSOFT.SQLSERVER.CONFIGURATION.SLPEXTENSION.RESOURCES.DLL [Correcto]
MICROSOFT.SQLSERVER.CONFIGURATION.SMARTSETUPEXTENSION.RESOURCES.DLL [Correcto]
MICROSOFT.SQLSERVER.CONFIGURATION.SMPY_CONFIGEXTENSION.RESOURCES.DLL [Correcto]
MICROSOFT.SQLSERVER.CONFIGURATION.SMR_CONFIGEXTENSION.RESOURCES.DLL [Correcto]
MICROSOFT.SQLSERVER.CONFIGURATION.SNISERVERCONFIGEXT.RESOURCES.DLL [Correcto]
MICROSOFT.SQLSERVER.CONFIGURATION.SQLBROWSEREXTENSION.RESOURCES.DLL [Correcto]
MICROSOFT.SQLSERVER.CONFIGURATION.SQLCONFIGBASE.RESOURCES.DLL [Correcto]
MICROSOFT.SQLSERVER.CONFIGURATION.SQLSERVER_CONFIGEXTENSION.RESOURCES.DLL [Correcto]
MICROSOFT.SQLSERVER.CONFIGURATION.SSISEXTENSION.RESOURCES.DLL [Correcto]
MICROSOFT.SQLSERVER.CONFIGURATION.UIEXTENSION.RESOURCES.DLL [Correcto]
MICROSOFT.SQLSERVER.CONFIGURATION.UTILITYEXTENSION.RESOURCES.DLL [Correcto]
MICROSOFT.SQLSERVER.CONFIGURATION.WIZARDFRAMEWORK.RESOURCES.DLL [Correcto]
MICROSOFT.SQLSERVER.CONFIGURATION.XTP.CONFIGEXTENSION.RESOURCES.DLL [Correcto]
MICROSOFT.SQLSERVER.CONNECTIONINFO.RESOURCES.DLL [Correcto]
MICROSOFT.SQLSERVER.DEPLOYMENT.RESOURCES.DLL [Correcto]
MICROSOFT.SQLSERVER.DISCOVERY.RESOURCES.DLL [Correcto]
MICROSOFT.SQLSERVER.DMF.COMMON.RESOURCES.DLL [Correcto]
MICROSOFT.SQLSERVER.DMF.RESOURCES.DLL [Correcto]
MICROSOFT.SQLSERVER.MANAGEMENT.CONTROLS.RESOURCES.DLL [Correcto]
MICROSOFT.SQLSERVER.MANAGEMENT.SDK.SFC.RESOURCES.DLL [Correcto]
MICROSOFT.SQLSERVER.SETUP.CHAINER.WORKFLOW.RESOURCES.DLL [Correcto]
MICROSOFT.SQLSERVER.SMO.RESOURCES.DLL [Correcto]
MICROSOFT.SQLSERVER.SQLENUM.RESOURCES.DLL [Correcto]

 Descomprimiendo archivos en C:\Program Files\Microsoft SQL Server\150\Setup Bootstrap\Update Cache\KB5084817\GDR\x64\fr\

LANDINGPAGE.RESOURCES.DLL [Correcto]
MICROSOFT.NETENTERPRISESERVERS.EXCEPTIONMESSAGEBOX.RESOURCES.DLL [Correcto]
MICROSOFT.SQL.CHAINER.PACKAGE.RESOURCES.DLL [Correcto]
MICROSOFT.SQL.CHAINER.PRODUCT.RESOURCES.DLL [Correcto]
MICROSOFT.SQLSERVER.CHAINER.EXTENSIONCOMMON.RESOURCES.DLL [Correcto]
MICROSOFT.SQLSERVER.CHAINER.INFRASTRUCTURE.RESOURCES.DLL [Correcto]
MICROSOFT.SQLSERVER.CHAINER.SETUP.RESOURCES.DLL [Correcto]
MICROSOFT.SQLSERVER.CONFIGURATION.AGENTEXTENSION.RESOURCES.DLL [Correcto]
MICROSOFT.SQLSERVER.CONFIGURATION.ASEXTENSION.RESOURCES.DLL [Correcto]
MICROSOFT.SQLSERVER.CONFIGURATION.BOOTSTRAPEXTENSION.RESOURCES.DLL [Correcto]
MICROSOFT.SQLSERVER.CONFIGURATION.CLUSTER.RESOURCES.DLL [Correcto]
MICROSOFT.SQLSERVER.CONFIGURATION.CONFIGEXTENSION.RESOURCES.DLL [Correcto]
MICROSOFT.SQLSERVER.CONFIGURATION.DISTRIBUTEDREPLAYEXTENSION.RESOURCES.DLL [Correcto]
MICROSOFT.SQLSERVER.CONFIGURATION.EXTENSIBILITY_CONFIGEXTENSION.RESOURCES.DLL [Correcto]
MICROSOFT.SQLSERVER.CONFIGURATION.FULLTEXT_CONFIGEXTENSION.RESOURCES.DLL [Correcto]
MICROSOFT.SQLSERVER.CONFIGURATION.IMPY_CONFIGEXTENSION.RESOURCES.DLL [Correcto]
MICROSOFT.SQLSERVER.CONFIGURATION.IMR_CONFIGEXTENSION.RESOURCES.DLL [Correcto]
MICROSOFT.SQLSERVER.CONFIGURATION.INSTALLWIZARD.RESOURCES.DLL [Correcto]
MICROSOFT.SQLSERVER.CONFIGURATION.INSTALLWIZARDFRAMEWORK.RESOURCES.DLL [Correcto]
MICROSOFT.SQLSERVER.CONFIGURATION.ISMASTEREXTENSION.RESOURCES.DLL [Correcto]
MICROSOFT.SQLSERVER.CONFIGURATION.ISWORKEREXTENSION.RESOURCES.DLL [Correcto]
MICROSOFT.SQLSERVER.CONFIGURATION.MANAGEMENTTOOLSEXTENSION.RESOURCES.DLL [Correcto]
MICROSOFT.SQLSERVER.CONFIGURATION.MSIEXTENSION.RESOURCES.DLL [Correcto]
MICROSOFT.SQLSERVER.CONFIGURATION.POLYBASECONFIGEXTENSION.RESOURCES.DLL [Correcto]
MICROSOFT.SQLSERVER.CONFIGURATION.POLYBASEJAVACONFIGEXTENSION.RESOURCES.DLL [Correcto]
MICROSOFT.SQLSERVER.CONFIGURATION.POWERSHELLEXTENSION.RESOURCES.DLL [Correcto]
MICROSOFT.SQLSERVER.CONFIGURATION.REPL_CONFIGEXTENSION.RESOURCES.DLL [Correcto]
MICROSOFT.SQLSERVER.CONFIGURATION.RESOURCES.DLL [Correcto]
MICROSOFT.SQLSERVER.CONFIGURATION.RSEXTENSION.RESOURCES.DLL [Correcto]
MICROSOFT.SQLSERVER.CONFIGURATION.RULESENGINEEXTENSION.RESOURCES.DLL [Correcto]
MICROSOFT.SQLSERVER.CONFIGURATION.SAA_CONFIGEXTENSION.RESOURCES.DLL [Correcto]
MICROSOFT.SQLSERVER.CONFIGURATION.SCO.RESOURCES.DLL [Correcto]
MICROSOFT.SQLSERVER.CONFIGURATION.SCOEXTENSION.RESOURCES.DLL [Correcto]
MICROSOFT.SQLSERVER.CONFIGURATION.SETUPEXTENSION.RESOURCES.DLL [Correcto]
MICROSOFT.SQLSERVER.CONFIGURATION.SLPEXTENSION.RESOURCES.DLL [Correcto]
MICROSOFT.SQLSERVER.CONFIGURATION.SMARTSETUPEXTENSION.RESOURCES.DLL [Correcto]
MICROSOFT.SQLSERVER.CONFIGURATION.SMPY_CONFIGEXTENSION.RESOURCES.DLL [Correcto]
MICROSOFT.SQLSERVER.CONFIGURATION.SMR_CONFIGEXTENSION.RESOURCES.DLL [Correcto]
MICROSOFT.SQLSERVER.CONFIGURATION.SNISERVERCONFIGEXT.RESOURCES.DLL [Correcto]
MICROSOFT.SQLSERVER.CONFIGURATION.SQLBROWSEREXTENSION.RESOURCES.DLL [Correcto]
MICROSOFT.SQLSERVER.CONFIGURATION.SQLCONFIGBASE.RESOURCES.DLL [Correcto]
MICROSOFT.SQLSERVER.CONFIGURATION.SQLSERVER_CONFIGEXTENSION.RESOURCES.DLL [Correcto]
MICROSOFT.SQLSERVER.CONFIGURATION.SSISEXTENSION.RESOURCES.DLL [Correcto]
MICROSOFT.SQLSERVER.CONFIGURATION.UIEXTENSION.RESOURCES.DLL [Correcto]
MICROSOFT.SQLSERVER.CONFIGURATION.UTILITYEXTENSION.RESOURCES.DLL [Correcto]
MICROSOFT.SQLSERVER.CONFIGURATION.WIZARDFRAMEWORK.RESOURCES.DLL [Correcto]
MICROSOFT.SQLSERVER.CONFIGURATION.XTP.CONFIGEXTENSION.RESOURCES.DLL [Correcto]
MICROSOFT.SQLSERVER.CONNECTIONINFO.RESOURCES.DLL [Correcto]
MICROSOFT.SQLSERVER.DEPLOYMENT.RESOURCES.DLL [Correcto]
MICROSOFT.SQLSERVER.DISCOVERY.RESOURCES.DLL [Correcto]
MICROSOFT.SQLSERVER.DMF.COMMON.RESOURCES.DLL [Correcto]
MICROSOFT.SQLSERVER.DMF.RESOURCES.DLL [Correcto]
MICROSOFT.SQLSERVER.MANAGEMENT.CONTROLS.RESOURCES.DLL [Correcto]
MICROSOFT.SQLSERVER.MANAGEMENT.SDK.SFC.RESOURCES.DLL [Correcto]
MICROSOFT.SQLSERVER.SETUP.CHAINER.WORKFLOW.RESOURCES.DLL [Correcto]
MICROSOFT.SQLSERVER.SMO.RESOURCES.DLL [Correcto]
MICROSOFT.SQLSERVER.SQLENUM.RESOURCES.DLL [Correcto]

 Descomprimiendo archivos en C:\Program Files\Microsoft SQL Server\150\Setup Bootstrap\Update Cache\KB5084817\GDR\x64\it\

LANDINGPAGE.RESOURCES.DLL [Correcto]
MICROSOFT.NETENTERPRISESERVERS.EXCEPTIONMESSAGEBOX.RESOURCES.DLL [Correcto]
MICROSOFT.SQL.CHAINER.PACKAGE.RESOURCES.DLL [Correcto]
MICROSOFT.SQL.CHAINER.PRODUCT.RESOURCES.DLL [Correcto]
MICROSOFT.SQLSERVER.CHAINER.EXTENSIONCOMMON.RESOURCES.DLL [Correcto]
MICROSOFT.SQLSERVER.CHAINER.INFRASTRUCTURE.RESOURCES.DLL [Correcto]
MICROSOFT.SQLSERVER.CHAINER.SETUP.RESOURCES.DLL [Correcto]
MICROSOFT.SQLSERVER.CONFIGURATION.AGENTEXTENSION.RESOURCES.DLL [Correcto]
MICROSOFT.SQLSERVER.CONFIGURATION.ASEXTENSION.RESOURCES.DLL [Correcto]
MICROSOFT.SQLSERVER.CONFIGURATION.BOOTSTRAPEXTENSION.RESOURCES.DLL [Correcto]
MICROSOFT.SQLSERVER.CONFIGURATION.CLUSTER.RESOURCES.DLL [Correcto]
MICROSOFT.SQLSERVER.CONFIGURATION.CONFIGEXTENSION.RESOURCES.DLL [Correcto]
MICROSOFT.SQLSERVER.CONFIGURATION.DISTRIBUTEDREPLAYEXTENSION.RESOURCES.DLL [Correcto]
MICROSOFT.SQLSERVER.CONFIGURATION.EXTENSIBILITY_CONFIGEXTENSION.RESOURCES.DLL [Correcto]
MICROSOFT.SQLSERVER.CONFIGURATION.FULLTEXT_CONFIGEXTENSION.RESOURCES.DLL [Correcto]
MICROSOFT.SQLSERVER.CONFIGURATION.IMPY_CONFIGEXTENSION.RESOURCES.DLL [Correcto]
MICROSOFT.SQLSERVER.CONFIGURATION.IMR_CONFIGEXTENSION.RESOURCES.DLL [Correcto]
MICROSOFT.SQLSERVER.CONFIGURATION.INSTALLWIZARD.RESOURCES.DLL [Correcto]
MICROSOFT.SQLSERVER.CONFIGURATION.INSTALLWIZARDFRAMEWORK.RESOURCES.DLL [Correcto]
MICROSOFT.SQLSERVER.CONFIGURATION.ISMASTEREXTENSION.RESOURCES.DLL [Correcto]
MICROSOFT.SQLSERVER.CONFIGURATION.ISWORKEREXTENSION.RESOURCES.DLL [Correcto]
MICROSOFT.SQLSERVER.CONFIGURATION.MANAGEMENTTOOLSEXTENSION.RESOURCES.DLL [Correcto]
MICROSOFT.SQLSERVER.CONFIGURATION.MSIEXTENSION.RESOURCES.DLL [Correcto]
MICROSOFT.SQLSERVER.CONFIGURATION.POLYBASECONFIGEXTENSION.RESOURCES.DLL [Correcto]
MICROSOFT.SQLSERVER.CONFIGURATION.POWERSHELLEXTENSION.RESOURCES.DLL [Correcto]
MICROSOFT.SQLSERVER.CONFIGURATION.REPL_CONFIGEXTENSION.RESOURCES.DLL [Correcto]
MICROSOFT.SQLSERVER.CONFIGURATION.RESOURCES.DLL [Correcto]
MICROSOFT.SQLSERVER.CONFIGURATION.RSEXTENSION.RESOURCES.DLL [Correcto]
MICROSOFT.SQLSERVER.CONFIGURATION.RULESENGINEEXTENSION.RESOURCES.DLL [Correcto]
MICROSOFT.SQLSERVER.CONFIGURATION.SAA_CONFIGEXTENSION.RESOURCES.DLL [Correcto]
MICROSOFT.SQLSERVER.CONFIGURATION.SCO.RESOURCES.DLL [Correcto]
MICROSOFT.SQLSERVER.CONFIGURATION.SCOEXTENSION.RESOURCES.DLL [Correcto]
MICROSOFT.SQLSERVER.CONFIGURATION.SETUPEXTENSION.RESOURCES.DLL [Correcto]
MICROSOFT.SQLSERVER.CONFIGURATION.SLPEXTENSION.RESOURCES.DLL [Correcto]
MICROSOFT.SQLSERVER.CONFIGURATION.SMARTSETUPEXTENSION.RESOURCES.DLL [Correcto]
MICROSOFT.SQLSERVER.CONFIGURATION.SMPY_CONFIGEXTENSION.RESOURCES.DLL [Correcto]
MICROSOFT.SQLSERVER.CONFIGURATION.SMR_CONFIGEXTENSION.RESOURCES.DLL [Correcto]
MICROSOFT.SQLSERVER.CONFIGURATION.SNISERVERCONFIGEXT.RESOURCES.DLL [Correcto]
MICROSOFT.SQLSERVER.CONFIGURATION.SQLBROWSEREXTENSION.RESOURCES.DLL [Correcto]
MICROSOFT.SQLSERVER.CONFIGURATION.SQLCONFIGBASE.RESOURCES.DLL [Correcto]
MICROSOFT.SQLSERVER.CONFIGURATION.SQLSERVER_CONFIGEXTENSION.RESOURCES.DLL [Correcto]
MICROSOFT.SQLSERVER.CONFIGURATION.SSISEXTENSION.RESOURCES.DLL [Correcto]
MICROSOFT.SQLSERVER.CONFIGURATION.UIEXTENSION.RESOURCES.DLL [Correcto]
MICROSOFT.SQLSERVER.CONFIGURATION.UTILITYEXTENSION.RESOURCES.DLL [Correcto]
MICROSOFT.SQLSERVER.CONFIGURATION.WIZARDFRAMEWORK.RESOURCES.DLL [Correcto]
MICROSOFT.SQLSERVER.CONFIGURATION.XTP.CONFIGEXTENSION.RESOURCES.DLL [Correcto]
MICROSOFT.SQLSERVER.CONNECTIONINFO.RESOURCES.DLL [Correcto]
MICROSOFT.SQLSERVER.DEPLOYMENT.RESOURCES.DLL [Correcto]
MICROSOFT.SQLSERVER.DISCOVERY.RESOURCES.DLL [Correcto]
MICROSOFT.SQLSERVER.DMF.COMMON.RESOURCES.DLL [Correcto]
MICROSOFT.SQLSERVER.DMF.RESOURCES.DLL [Correcto]
MICROSOFT.SQLSERVER.MANAGEMENT.CONTROLS.RESOURCES.DLL [Correcto]
MICROSOFT.SQLSERVER.MANAGEMENT.SDK.SFC.RESOURCES.DLL [Correcto]
MICROSOFT.SQLSERVER.SETUP.CHAINER.WORKFLOW.RESOURCES.DLL [Correcto]
MICROSOFT.SQLSERVER.SMO.RESOURCES.DLL [Correcto]
MICROSOFT.SQLSERVER.SQLENUM.RESOURCES.DLL [Correcto]

 Descomprimiendo archivos en C:\Program Files\Microsoft SQL Server\150\Setup Bootstrap\Update Cache\KB5084817\GDR\x64\ja\

LANDINGPAGE.RESOURCES.DLL [Correcto]
MICROSOFT.NETENTERPRISESERVERS.EXCEPTIONMESSAGEBOX.RESOURCES.DLL [Correcto]
MICROSOFT.SQL.CHAINER.PACKAGE.RESOURCES.DLL [Correcto]
MICROSOFT.SQL.CHAINER.PRODUCT.RESOURCES.DLL [Correcto]
MICROSOFT.SQLSERVER.CHAINER.EXTENSIONCOMMON.RESOURCES.DLL [Correcto]
MICROSOFT.SQLSERVER.CHAINER.INFRASTRUCTURE.RESOURCES.DLL [Correcto]
MICROSOFT.SQLSERVER.CHAINER.SETUP.RESOURCES.DLL [Correcto]
MICROSOFT.SQLSERVER.CONFIGURATION.AGENTEXTENSION.RESOURCES.DLL [Correcto]
MICROSOFT.SQLSERVER.CONFIGURATION.ASEXTENSION.RESOURCES.DLL [Correcto]
MICROSOFT.SQLSERVER.CONFIGURATION.BOOTSTRAPEXTENSION.RESOURCES.DLL [Correcto]
MICROSOFT.SQLSERVER.CONFIGURATION.CLUSTER.RESOURCES.DLL [Correcto]
MICROSOFT.SQLSERVER.CONFIGURATION.CONFIGEXTENSION.RESOURCES.DLL [Correcto]
MICROSOFT.SQLSERVER.CONFIGURATION.DISTRIBUTEDREPLAYEXTENSION.RESOURCES.DLL [Correcto]
MICROSOFT.SQLSERVER.CONFIGURATION.EXTENSIBILITY_CONFIGEXTENSION.RESOURCES.DLL [Correcto]
MICROSOFT.SQLSERVER.CONFIGURATION.FULLTEXT_CONFIGEXTENSION.RESOURCES.DLL [Correcto]
MICROSOFT.SQLSERVER.CONFIGURATION.IMPY_CONFIGEXTENSION.RESOURCES.DLL [Correcto]
MICROSOFT.SQLSERVER.CONFIGURATION.IMR_CONFIGEXTENSION.RESOURCES.DLL [Correcto]
MICROSOFT.SQLSERVER.CONFIGURATION.INSTALLWIZARD.RESOURCES.DLL [Correcto]
MICROSOFT.SQLSERVER.CONFIGURATION.INSTALLWIZARDFRAMEWORK.RESOURCES.DLL [Correcto]
MICROSOFT.SQLSERVER.CONFIGURATION.ISMASTEREXTENSION.RESOURCES.DLL [Correcto]
MICROSOFT.SQLSERVER.CONFIGURATION.ISWORKEREXTENSION.RESOURCES.DLL [Correcto]
MICROSOFT.SQLSERVER.CONFIGURATION.MANAGEMENTTOOLSEXTENSION.RESOURCES.DLL [Correcto]
MICROSOFT.SQLSERVER.CONFIGURATION.MSIEXTENSION.RESOURCES.DLL [Correcto]
MICROSOFT.SQLSERVER.CONFIGURATION.POLYBASECONFIGEXTENSION.RESOURCES.DLL [Correcto]
MICROSOFT.SQLSERVER.CONFIGURATION.POLYBASEJAVACONFIGEXTENSION.RESOURCES.DLL [Correcto]
MICROSOFT.SQLSERVER.CONFIGURATION.POWERSHELLEXTENSION.RESOURCES.DLL [Correcto]
MICROSOFT.SQLSERVER.CONFIGURATION.REPL_CONFIGEXTENSION.RESOURCES.DLL [Correcto]
MICROSOFT.SQLSERVER.CONFIGURATION.RESOURCES.DLL [Correcto]
MICROSOFT.SQLSERVER.CONFIGURATION.RSEXTENSION.RESOURCES.DLL [Correcto]
MICROSOFT.SQLSERVER.CONFIGURATION.RULESENGINEEXTENSION.RESOURCES.DLL [Correcto]
MICROSOFT.SQLSERVER.CONFIGURATION.SAA_CONFIGEXTENSION.RESOURCES.DLL [Correcto]
MICROSOFT.SQLSERVER.CONFIGURATION.SCO.RESOURCES.DLL [Correcto]
MICROSOFT.SQLSERVER.CONFIGURATION.SCOEXTENSION.RESOURCES.DLL [Correcto]
MICROSOFT.SQLSERVER.CONFIGURATION.SETUPEXTENSION.RESOURCES.DLL [Correcto]
MICROSOFT.SQLSERVER.CONFIGURATION.SLPEXTENSION.RESOURCES.DLL [Correcto]
MICROSOFT.SQLSERVER.CONFIGURATION.SMARTSETUPEXTENSION.RESOURCES.DLL [Correcto]
MICROSOFT.SQLSERVER.CONFIGURATION.SMPY_CONFIGEXTENSION.RESOURCES.DLL [Correcto]
MICROSOFT.SQLSERVER.CONFIGURATION.SMR_CONFIGEXTENSION.RESOURCES.DLL [Correcto]
MICROSOFT.SQLSERVER.CONFIGURATION.SNISERVERCONFIGEXT.RESOURCES.DLL [Correcto]
MICROSOFT.SQLSERVER.CONFIGURATION.SQLBROWSEREXTENSION.RESOURCES.DLL [Correcto]
MICROSOFT.SQLSERVER.CONFIGURATION.SQLCONFIGBASE.RESOURCES.DLL [Correcto]
MICROSOFT.SQLSERVER.CONFIGURATION.SQLSERVER_CONFIGEXTENSION.RESOURCES.DLL [Correcto]
MICROSOFT.SQLSERVER.CONFIGURATION.SSISEXTENSION.RESOURCES.DLL [Correcto]
MICROSOFT.SQLSERVER.CONFIGURATION.UIEXTENSION.RESOURCES.DLL [Correcto]
MICROSOFT.SQLSERVER.CONFIGURATION.UTILITYEXTENSION.RESOURCES.DLL [Correcto]
MICROSOFT.SQLSERVER.CONFIGURATION.WIZARDFRAMEWORK.RESOURCES.DLL [Correcto]
MICROSOFT.SQLSERVER.CONFIGURATION.XTP.CONFIGEXTENSION.RESOURCES.DLL [Correcto]
MICROSOFT.SQLSERVER.CONNECTIONINFO.RESOURCES.DLL [Correcto]
MICROSOFT.SQLSERVER.DEPLOYMENT.RESOURCES.DLL [Correcto]
MICROSOFT.SQLSERVER.DISCOVERY.RESOURCES.DLL [Correcto]
MICROSOFT.SQLSERVER.DMF.COMMON.RESOURCES.DLL [Correcto]
MICROSOFT.SQLSERVER.DMF.RESOURCES.DLL [Correcto]
MICROSOFT.SQLSERVER.MANAGEMENT.CONTROLS.RESOURCES.DLL [Correcto]
MICROSOFT.SQLSERVER.MANAGEMENT.SDK.SFC.RESOURCES.DLL [Correcto]
MICROSOFT.SQLSERVER.SETUP.CHAINER.WORKFLOW.RESOURCES.DLL [Correcto]
MICROSOFT.SQLSERVER.SMO.RESOURCES.DLL [Correcto]
MICROSOFT.SQLSERVER.SQLENUM.RESOURCES.DLL [Correcto]

 Descomprimiendo archivos en C:\Program Files\Microsoft SQL Server\150\Setup Bootstrap\Update Cache\KB5084817\GDR\x64\ko\

LANDINGPAGE.RESOURCES.DLL [Correcto]
MICROSOFT.NETENTERPRISESERVERS.EXCEPTIONMESSAGEBOX.RESOURCES.DLL [Correcto]
MICROSOFT.SQL.CHAINER.PACKAGE.RESOURCES.DLL [Correcto]
MICROSOFT.SQL.CHAINER.PRODUCT.RESOURCES.DLL [Correcto]
MICROSOFT.SQLSERVER.CHAINER.EXTENSIONCOMMON.RESOURCES.DLL [Correcto]
MICROSOFT.SQLSERVER.CHAINER.INFRASTRUCTURE.RESOURCES.DLL [Correcto]
MICROSOFT.SQLSERVER.CHAINER.SETUP.RESOURCES.DLL [Correcto]
MICROSOFT.SQLSERVER.CONFIGURATION.AGENTEXTENSION.RESOURCES.DLL [Correcto]
MICROSOFT.SQLSERVER.CONFIGURATION.ASEXTENSION.RESOURCES.DLL [Correcto]
MICROSOFT.SQLSERVER.CONFIGURATION.BOOTSTRAPEXTENSION.RESOURCES.DLL [Correcto]
MICROSOFT.SQLSERVER.CONFIGURATION.CLUSTER.RESOURCES.DLL [Correcto]
MICROSOFT.SQLSERVER.CONFIGURATION.CONFIGEXTENSION.RESOURCES.DLL [Correcto]
MICROSOFT.SQLSERVER.CONFIGURATION.DISTRIBUTEDREPLAYEXTENSION.RESOURCES.DLL [Correcto]
MICROSOFT.SQLSERVER.CONFIGURATION.EXTENSIBILITY_CONFIGEXTENSION.RESOURCES.DLL [Correcto]
MICROSOFT.SQLSERVER.CONFIGURATION.FULLTEXT_CONFIGEXTENSION.RESOURCES.DLL [Correcto]
MICROSOFT.SQLSERVER.CONFIGURATION.IMPY_CONFIGEXTENSION.RESOURCES.DLL [Correcto]
MICROSOFT.SQLSERVER.CONFIGURATION.IMR_CONFIGEXTENSION.RESOURCES.DLL [Correcto]
MICROSOFT.SQLSERVER.CONFIGURATION.INSTALLWIZARD.RESOURCES.DLL [Correcto]
MICROSOFT.SQLSERVER.CONFIGURATION.INSTALLWIZARDFRAMEWORK.RESOURCES.DLL [Correcto]
MICROSOFT.SQLSERVER.CONFIGURATION.ISMASTEREXTENSION.RESOURCES.DLL [Correcto]
MICROSOFT.SQLSERVER.CONFIGURATION.ISWORKEREXTENSION.RESOURCES.DLL [Correcto]
MICROSOFT.SQLSERVER.CONFIGURATION.MANAGEMENTTOOLSEXTENSION.RESOURCES.DLL [Correcto]
MICROSOFT.SQLSERVER.CONFIGURATION.MSIEXTENSION.RESOURCES.DLL [Correcto]
MICROSOFT.SQLSERVER.CONFIGURATION.POLYBASECONFIGEXTENSION.RESOURCES.DLL [Correcto]
MICROSOFT.SQLSERVER.CONFIGURATION.POLYBASEJAVACONFIGEXTENSION.RESOURCES.DLL [Correcto]
MICROSOFT.SQLSERVER.CONFIGURATION.POWERSHELLEXTENSION.RESOURCES.DLL [Correcto]
MICROSOFT.SQLSERVER.CONFIGURATION.REPL_CONFIGEXTENSION.RESOURCES.DLL [Correcto]
MICROSOFT.SQLSERVER.CONFIGURATION.RESOURCES.DLL [Correcto]
MICROSOFT.SQLSERVER.CONFIGURATION.RSEXTENSION.RESOURCES.DLL [Correcto]
MICROSOFT.SQLSERVER.CONFIGURATION.RULESENGINEEXTENSION.RESOURCES.DLL [Correcto]
MICROSOFT.SQLSERVER.CONFIGURATION.SAA_CONFIGEXTENSION.RESOURCES.DLL [Correcto]
MICROSOFT.SQLSERVER.CONFIGURATION.SCO.RESOURCES.DLL [Correcto]
MICROSOFT.SQLSERVER.CONFIGURATION.SCOEXTENSION.RESOURCES.DLL [Correcto]
MICROSOFT.SQLSERVER.CONFIGURATION.SETUPEXTENSION.RESOURCES.DLL [Correcto]
MICROSOFT.SQLSERVER.CONFIGURATION.SLPEXTENSION.RESOURCES.DLL [Correcto]
MICROSOFT.SQLSERVER.CONFIGURATION.SMARTSETUPEXTENSION.RESOURCES.DLL [Correcto]
MICROSOFT.SQLSERVER.CONFIGURATION.SMPY_CONFIGEXTENSION.RESOURCES.DLL [Correcto]
MICROSOFT.SQLSERVER.CONFIGURATION.SMR_CONFIGEXTENSION.RESOURCES.DLL [Correcto]
MICROSOFT.SQLSERVER.CONFIGURATION.SNISERVERCONFIGEXT.RESOURCES.DLL [Correcto]
MICROSOFT.SQLSERVER.CONFIGURATION.SQLBROWSEREXTENSION.RESOURCES.DLL [Correcto]
MICROSOFT.SQLSERVER.CONFIGURATION.SQLCONFIGBASE.RESOURCES.DLL [Correcto]
MICROSOFT.SQLSERVER.CONFIGURATION.SQLSERVER_CONFIGEXTENSION.RESOURCES.DLL [Correcto]
MICROSOFT.SQLSERVER.CONFIGURATION.SSISEXTENSION.RESOURCES.DLL [Correcto]
MICROSOFT.SQLSERVER.CONFIGURATION.UIEXTENSION.RESOURCES.DLL [Correcto]
MICROSOFT.SQLSERVER.CONFIGURATION.UTILITYEXTENSION.RESOURCES.DLL [Correcto]
MICROSOFT.SQLSERVER.CONFIGURATION.WIZARDFRAMEWORK.RESOURCES.DLL [Correcto]
MICROSOFT.SQLSERVER.CONFIGURATION.XTP.CONFIGEXTENSION.RESOURCES.DLL [Correcto]
MICROSOFT.SQLSERVER.CONNECTIONINFO.RESOURCES.DLL [Correcto]
MICROSOFT.SQLSERVER.DEPLOYMENT.RESOURCES.DLL [Correcto]
MICROSOFT.SQLSERVER.DISCOVERY.RESOURCES.DLL [Correcto]
MICROSOFT.SQLSERVER.DMF.COMMON.RESOURCES.DLL [Correcto]
MICROSOFT.SQLSERVER.DMF.RESOURCES.DLL [Correcto]
MICROSOFT.SQLSERVER.MANAGEMENT.CONTROLS.RESOURCES.DLL [Correcto]
MICROSOFT.SQLSERVER.MANAGEMENT.SDK.SFC.RESOURCES.DLL [Correcto]
MICROSOFT.SQLSERVER.SETUP.CHAINER.WORKFLOW.RESOURCES.DLL [Correcto]
MICROSOFT.SQLSERVER.SMO.RESOURCES.DLL [Correcto]
MICROSOFT.SQLSERVER.SQLENUM.RESOURCES.DLL [Correcto]

 Descomprimiendo archivos en C:\Program Files\Microsoft SQL Server\150\Setup Bootstrap\Update Cache\KB5084817\GDR\x64\pt\

LANDINGPAGE.RESOURCES.DLL [Correcto]
MICROSOFT.NETENTERPRISESERVERS.EXCEPTIONMESSAGEBOX.RESOURCES.DLL [Correcto]
MICROSOFT.SQL.CHAINER.PACKAGE.RESOURCES.DLL [Correcto]
MICROSOFT.SQL.CHAINER.PRODUCT.RESOURCES.DLL [Correcto]
MICROSOFT.SQLSERVER.CHAINER.EXTENSIONCOMMON.RESOURCES.DLL [Correcto]
MICROSOFT.SQLSERVER.CHAINER.INFRASTRUCTURE.RESOURCES.DLL [Correcto]
MICROSOFT.SQLSERVER.CHAINER.SETUP.RESOURCES.DLL [Correcto]
MICROSOFT.SQLSERVER.CONFIGURATION.AGENTEXTENSION.RESOURCES.DLL [Correcto]
MICROSOFT.SQLSERVER.CONFIGURATION.ASEXTENSION.RESOURCES.DLL [Correcto]
MICROSOFT.SQLSERVER.CONFIGURATION.BOOTSTRAPEXTENSION.RESOURCES.DLL [Correcto]
MICROSOFT.SQLSERVER.CONFIGURATION.CLUSTER.RESOURCES.DLL [Correcto]
MICROSOFT.SQLSERVER.CONFIGURATION.CONFIGEXTENSION.RESOURCES.DLL [Correcto]
MICROSOFT.SQLSERVER.CONFIGURATION.DISTRIBUTEDREPLAYEXTENSION.RESOURCES.DLL [Correcto]
MICROSOFT.SQLSERVER.CONFIGURATION.EXTENSIBILITY_CONFIGEXTENSION.RESOURCES.DLL [Correcto]
MICROSOFT.SQLSERVER.CONFIGURATION.FULLTEXT_CONFIGEXTENSION.RESOURCES.DLL [Correcto]
MICROSOFT.SQLSERVER.CONFIGURATION.IMPY_CONFIGEXTENSION.RESOURCES.DLL [Correcto]
MICROSOFT.SQLSERVER.CONFIGURATION.IMR_CONFIGEXTENSION.RESOURCES.DLL [Correcto]
MICROSOFT.SQLSERVER.CONFIGURATION.INSTALLWIZARD.RESOURCES.DLL [Correcto]
MICROSOFT.SQLSERVER.CONFIGURATION.INSTALLWIZARDFRAMEWORK.RESOURCES.DLL [Correcto]
MICROSOFT.SQLSERVER.CONFIGURATION.ISMASTEREXTENSION.RESOURCES.DLL [Correcto]
MICROSOFT.SQLSERVER.CONFIGURATION.ISWORKEREXTENSION.RESOURCES.DLL [Correcto]
MICROSOFT.SQLSERVER.CONFIGURATION.MANAGEMENTTOOLSEXTENSION.RESOURCES.DLL [Correcto]
MICROSOFT.SQLSERVER.CONFIGURATION.MSIEXTENSION.RESOURCES.DLL [Correcto]
MICROSOFT.SQLSERVER.CONFIGURATION.POLYBASECONFIGEXTENSION.RESOURCES.DLL [Correcto]
MICROSOFT.SQLSERVER.CONFIGURATION.POLYBASEJAVACONFIGEXTENSION.RESOURCES.DLL [Correcto]
MICROSOFT.SQLSERVER.CONFIGURATION.POWERSHELLEXTENSION.RESOURCES.DLL [Correcto]
MICROSOFT.SQLSERVER.CONFIGURATION.REPL_CONFIGEXTENSION.RESOURCES.DLL [Correcto]
MICROSOFT.SQLSERVER.CONFIGURATION.RESOURCES.DLL [Correcto]
MICROSOFT.SQLSERVER.CONFIGURATION.RSEXTENSION.RESOURCES.DLL [Correcto]
MICROSOFT.SQLSERVER.CONFIGURATION.RULESENGINEEXTENSION.RESOURCES.DLL [Correcto]
MICROSOFT.SQLSERVER.CONFIGURATION.SAA_CONFIGEXTENSION.RESOURCES.DLL [Correcto]
MICROSOFT.SQLSERVER.CONFIGURATION.SCO.RESOURCES.DLL [Correcto]
MICROSOFT.SQLSERVER.CONFIGURATION.SCOEXTENSION.RESOURCES.DLL [Correcto]
MICROSOFT.SQLSERVER.CONFIGURATION.SETUPEXTENSION.RESOURCES.DLL [Correcto]
MICROSOFT.SQLSERVER.CONFIGURATION.SLPEXTENSION.RESOURCES.DLL [Correcto]
MICROSOFT.SQLSERVER.CONFIGURATION.SMARTSETUPEXTENSION.RESOURCES.DLL [Correcto]
MICROSOFT.SQLSERVER.CONFIGURATION.SMPY_CONFIGEXTENSION.RESOURCES.DLL [Correcto]
MICROSOFT.SQLSERVER.CONFIGURATION.SMR_CONFIGEXTENSION.RESOURCES.DLL [Correcto]
MICROSOFT.SQLSERVER.CONFIGURATION.SNISERVERCONFIGEXT.RESOURCES.DLL [Correcto]
MICROSOFT.SQLSERVER.CONFIGURATION.SQLBROWSEREXTENSION.RESOURCES.DLL [Correcto]
MICROSOFT.SQLSERVER.CONFIGURATION.SQLCONFIGBASE.RESOURCES.DLL [Correcto]
MICROSOFT.SQLSERVER.CONFIGURATION.SQLSERVER_CONFIGEXTENSION.RESOURCES.DLL [Correcto]
MICROSOFT.SQLSERVER.CONFIGURATION.SSISEXTENSION.RESOURCES.DLL [Correcto]
MICROSOFT.SQLSERVER.CONFIGURATION.UIEXTENSION.RESOURCES.DLL [Correcto]
MICROSOFT.SQLSERVER.CONFIGURATION.UTILITYEXTENSION.RESOURCES.DLL [Correcto]
MICROSOFT.SQLSERVER.CONFIGURATION.WIZARDFRAMEWORK.RESOURCES.DLL [Correcto]
MICROSOFT.SQLSERVER.CONFIGURATION.XTP.CONFIGEXTENSION.RESOURCES.DLL [Correcto]
MICROSOFT.SQLSERVER.CONNECTIONINFO.RESOURCES.DLL [Correcto]
MICROSOFT.SQLSERVER.DEPLOYMENT.RESOURCES.DLL [Correcto]
MICROSOFT.SQLSERVER.DISCOVERY.RESOURCES.DLL [Correcto]
MICROSOFT.SQLSERVER.DMF.COMMON.RESOURCES.DLL [Correcto]
MICROSOFT.SQLSERVER.DMF.RESOURCES.DLL [Correcto]
MICROSOFT.SQLSERVER.MANAGEMENT.CONTROLS.RESOURCES.DLL [Correcto]
MICROSOFT.SQLSERVER.MANAGEMENT.SDK.SFC.RESOURCES.DLL [Correcto]
MICROSOFT.SQLSERVER.SETUP.CHAINER.WORKFLOW.RESOURCES.DLL [Correcto]
MICROSOFT.SQLSERVER.SMO.RESOURCES.DLL [Correcto]
MICROSOFT.SQLSERVER.SQLENUM.RESOURCES.DLL [Correcto]

 Descomprimiendo archivos en C:\Program Files\Microsoft SQL Server\150\Setup Bootstrap\Update Cache\KB5084817\GDR\x64\ru\

LANDINGPAGE.RESOURCES.DLL [Correcto]
MICROSOFT.NETENTERPRISESERVERS.EXCEPTIONMESSAGEBOX.RESOURCES.DLL [Correcto]
MICROSOFT.SQL.CHAINER.PACKAGE.RESOURCES.DLL [Correcto]
MICROSOFT.SQL.CHAINER.PRODUCT.RESOURCES.DLL [Correcto]
MICROSOFT.SQLSERVER.CHAINER.EXTENSIONCOMMON.RESOURCES.DLL [Correcto]
MICROSOFT.SQLSERVER.CHAINER.INFRASTRUCTURE.RESOURCES.DLL [Correcto]
MICROSOFT.SQLSERVER.CHAINER.SETUP.RESOURCES.DLL [Correcto]
MICROSOFT.SQLSERVER.CONFIGURATION.AGENTEXTENSION.RESOURCES.DLL [Correcto]
MICROSOFT.SQLSERVER.CONFIGURATION.ASEXTENSION.RESOURCES.DLL [Correcto]
MICROSOFT.SQLSERVER.CONFIGURATION.BOOTSTRAPEXTENSION.RESOURCES.DLL [Correcto]
MICROSOFT.SQLSERVER.CONFIGURATION.CLUSTER.RESOURCES.DLL [Correcto]
MICROSOFT.SQLSERVER.CONFIGURATION.CONFIGEXTENSION.RESOURCES.DLL [Correcto]
MICROSOFT.SQLSERVER.CONFIGURATION.DISTRIBUTEDREPLAYEXTENSION.RESOURCES.DLL [Correcto]
MICROSOFT.SQLSERVER.CONFIGURATION.EXTENSIBILITY_CONFIGEXTENSION.RESOURCES.DLL [Correcto]
MICROSOFT.SQLSERVER.CONFIGURATION.FULLTEXT_CONFIGEXTENSION.RESOURCES.DLL [Correcto]
MICROSOFT.SQLSERVER.CONFIGURATION.IMPY_CONFIGEXTENSION.RESOURCES.DLL [Correcto]
MICROSOFT.SQLSERVER.CONFIGURATION.IMR_CONFIGEXTENSION.RESOURCES.DLL [Correcto]
MICROSOFT.SQLSERVER.CONFIGURATION.INSTALLWIZARD.RESOURCES.DLL [Correcto]
MICROSOFT.SQLSERVER.CONFIGURATION.INSTALLWIZARDFRAMEWORK.RESOURCES.DLL [Correcto]
MICROSOFT.SQLSERVER.CONFIGURATION.ISMASTEREXTENSION.RESOURCES.DLL [Correcto]
MICROSOFT.SQLSERVER.CONFIGURATION.ISWORKEREXTENSION.RESOURCES.DLL [Correcto]
MICROSOFT.SQLSERVER.CONFIGURATION.MANAGEMENTTOOLSEXTENSION.RESOURCES.DLL [Correcto]
MICROSOFT.SQLSERVER.CONFIGURATION.MSIEXTENSION.RESOURCES.DLL [Correcto]
MICROSOFT.SQLSERVER.CONFIGURATION.POLYBASECONFIGEXTENSION.RESOURCES.DLL [Correcto]
MICROSOFT.SQLSERVER.CONFIGURATION.POLYBASEJAVACONFIGEXTENSION.RESOURCES.DLL [Correcto]
MICROSOFT.SQLSERVER.CONFIGURATION.POWERSHELLEXTENSION.RESOURCES.DLL [Correcto]
MICROSOFT.SQLSERVER.CONFIGURATION.REPL_CONFIGEXTENSION.RESOURCES.DLL [Correcto]
MICROSOFT.SQLSERVER.CONFIGURATION.RESOURCES.DLL [Correcto]
MICROSOFT.SQLSERVER.CONFIGURATION.RSEXTENSION.RESOURCES.DLL [Correcto]
MICROSOFT.SQLSERVER.CONFIGURATION.RULESENGINEEXTENSION.RESOURCES.DLL [Correcto]
MICROSOFT.SQLSERVER.CONFIGURATION.SAA_CONFIGEXTENSION.RESOURCES.DLL [Correcto]
MICROSOFT.SQLSERVER.CONFIGURATION.SCO.RESOURCES.DLL [Correcto]
MICROSOFT.SQLSERVER.CONFIGURATION.SCOEXTENSION.RESOURCES.DLL [Correcto]
MICROSOFT.SQLSERVER.CONFIGURATION.SETUPEXTENSION.RESOURCES.DLL [Correcto]
MICROSOFT.SQLSERVER.CONFIGURATION.SLPEXTENSION.RESOURCES.DLL [Correcto]
MICROSOFT.SQLSERVER.CONFIGURATION.SMARTSETUPEXTENSION.RESOURCES.DLL [Correcto]
MICROSOFT.SQLSERVER.CONFIGURATION.SMPY_CONFIGEXTENSION.RESOURCES.DLL [Correcto]
MICROSOFT.SQLSERVER.CONFIGURATION.SMR_CONFIGEXTENSION.RESOURCES.DLL [Correcto]
MICROSOFT.SQLSERVER.CONFIGURATION.SNISERVERCONFIGEXT.RESOURCES.DLL [Correcto]
MICROSOFT.SQLSERVER.CONFIGURATION.SQLBROWSEREXTENSION.RESOURCES.DLL [Correcto]
MICROSOFT.SQLSERVER.CONFIGURATION.SQLCONFIGBASE.RESOURCES.DLL [Correcto]
MICROSOFT.SQLSERVER.CONFIGURATION.SQLSERVER_CONFIGEXTENSION.RESOURCES.DLL [Correcto]
MICROSOFT.SQLSERVER.CONFIGURATION.SSISEXTENSION.RESOURCES.DLL [Correcto]
MICROSOFT.SQLSERVER.CONFIGURATION.UIEXTENSION.RESOURCES.DLL [Correcto]
MICROSOFT.SQLSERVER.CONFIGURATION.UTILITYEXTENSION.RESOURCES.DLL [Correcto]
MICROSOFT.SQLSERVER.CONFIGURATION.WIZARDFRAMEWORK.RESOURCES.DLL [Correcto]
MICROSOFT.SQLSERVER.CONFIGURATION.XTP.CONFIGEXTENSION.RESOURCES.DLL [Correcto]
MICROSOFT.SQLSERVER.CONNECTIONINFO.RESOURCES.DLL [Correcto]
MICROSOFT.SQLSERVER.DEPLOYMENT.RESOURCES.DLL [Correcto]
MICROSOFT.SQLSERVER.DISCOVERY.RESOURCES.DLL [Correcto]
MICROSOFT.SQLSERVER.DMF.COMMON.RESOURCES.DLL [Correcto]
MICROSOFT.SQLSERVER.DMF.RESOURCES.DLL [Correcto]
MICROSOFT.SQLSERVER.MANAGEMENT.CONTROLS.RESOURCES.DLL [Correcto]
MICROSOFT.SQLSERVER.MANAGEMENT.SDK.SFC.RESOURCES.DLL [Correcto]
MICROSOFT.SQLSERVER.SETUP.CHAINER.WORKFLOW.RESOURCES.DLL [Correcto]
MICROSOFT.SQLSERVER.SMO.RESOURCES.DLL [Correcto]
MICROSOFT.SQLSERVER.SQLENUM.RESOURCES.DLL [Correcto]

 Descomprimiendo archivos en C:\Program Files\Microsoft SQL Server\150\Setup Bootstrap\Update Cache\KB5084817\GDR\x64\Setup\

SQL_AS.MSP [Correcto]
SQL_COMMON_CORE.MSP [Correcto]
SQL_DQ.MSP [Correcto]
SQL_DQ_COMMON.MSP [Correcto]
SQL_DREPLAY_CLIENT.MSP [Correcto]
SQL_DREPLAY_CONTROLLER.MSP [Correcto]
SQL_ENGINE_CORE_INST.MSP [Correcto]
SQL_ENGINE_CORE_SHARED.MSP [Correcto]
SQL_EXTENSIBILITY.MSP [Correcto]
SQL_INST_MPY.MSP [Correcto]
SQL_INST_MR.MSP [Correcto]
SQL_IS.MSP [Correcto]
SQL_IS_MASTER.MSP [Correcto]
SQL_IS_WORKER.MSP [Correcto]
SQL_POLYBASE_CORE_INST.MSP [Correcto]
SQL_POLYBASE_JAVA_INST.MSP [Correcto]
SQL_SHARED_MPY.MSP [Correcto]
SQL_SHARED_MR.MSP [Correcto]
SQL_TOOLS_EXTENSIONS.MSP [Correcto]
SQL_XEVENT.MSP [Correcto]

 Descomprimiendo archivos en C:\Program Files\Microsoft SQL Server\150\Setup Bootstrap\Update Cache\KB5084817\GDR\x64\zh-chs\

MICROSOFT.SQLSERVER.MANAGEMENT.CONTROLS.RESOURCES.DLL [Correcto]

 Descomprimiendo archivos en C:\Program Files\Microsoft SQL Server\150\Setup Bootstrap\Update Cache\KB5084817\GDR\x64\zh-cht\

MICROSOFT.SQLSERVER.MANAGEMENT.CONTROLS.RESOURCES.DLL [Correcto]

 Descomprimiendo archivos en C:\Program Files\Microsoft SQL Server\150\Setup Bootstrap\Update Cache\KB5084817\GDR\x64\zh-Hans\

LANDINGPAGE.RESOURCES.DLL [Correcto]
MICROSOFT.NETENTERPRISESERVERS.EXCEPTIONMESSAGEBOX.RESOURCES.DLL [Correcto]
MICROSOFT.SQL.CHAINER.PACKAGE.RESOURCES.DLL [Correcto]
MICROSOFT.SQL.CHAINER.PRODUCT.RESOURCES.DLL [Correcto]
MICROSOFT.SQLSERVER.CHAINER.EXTENSIONCOMMON.RESOURCES.DLL [Correcto]
MICROSOFT.SQLSERVER.CHAINER.INFRASTRUCTURE.RESOURCES.DLL [Correcto]
MICROSOFT.SQLSERVER.CHAINER.SETUP.RESOURCES.DLL [Correcto]
MICROSOFT.SQLSERVER.CONFIGURATION.AGENTEXTENSION.RESOURCES.DLL [Correcto]
MICROSOFT.SQLSERVER.CONFIGURATION.ASEXTENSION.RESOURCES.DLL [Correcto]
MICROSOFT.SQLSERVER.CONFIGURATION.BOOTSTRAPEXTENSION.RESOURCES.DLL [Correcto]
MICROSOFT.SQLSERVER.CONFIGURATION.CLUSTER.RESOURCES.DLL [Correcto]
MICROSOFT.SQLSERVER.CONFIGURATION.CONFIGEXTENSION.RESOURCES.DLL [Correcto]
MICROSOFT.SQLSERVER.CONFIGURATION.DISTRIBUTEDREPLAYEXTENSION.RESOURCES.DLL [Correcto]
MICROSOFT.SQLSERVER.CONFIGURATION.EXTENSIBILITY_CONFIGEXTENSION.RESOURCES.DLL [Correcto]
MICROSOFT.SQLSERVER.CONFIGURATION.FULLTEXT_CONFIGEXTENSION.RESOURCES.DLL [Correcto]
MICROSOFT.SQLSERVER.CONFIGURATION.IMPY_CONFIGEXTENSION.RESOURCES.DLL [Correcto]
MICROSOFT.SQLSERVER.CONFIGURATION.IMR_CONFIGEXTENSION.RESOURCES.DLL [Correcto]
MICROSOFT.SQLSERVER.CONFIGURATION.INSTALLWIZARD.RESOURCES.DLL [Correcto]
MICROSOFT.SQLSERVER.CONFIGURATION.INSTALLWIZARDFRAMEWORK.RESOURCES.DLL [Correcto]
MICROSOFT.SQLSERVER.CONFIGURATION.ISMASTEREXTENSION.RESOURCES.DLL [Correcto]
MICROSOFT.SQLSERVER.CONFIGURATION.ISWORKEREXTENSION.RESOURCES.DLL [Correcto]
MICROSOFT.SQLSERVER.CONFIGURATION.MANAGEMENTTOOLSEXTENSION.RESOURCES.DLL [Correcto]
MICROSOFT.SQLSERVER.CONFIGURATION.MSIEXTENSION.RESOURCES.DLL [Correcto]
MICROSOFT.SQLSERVER.CONFIGURATION.POLYBASECONFIGEXTENSION.RESOURCES.DLL [Correcto]
MICROSOFT.SQLSERVER.CONFIGURATION.POLYBASEJAVACONFIGEXTENSION.RESOURCES.DLL [Correcto]
MICROSOFT.SQLSERVER.CONFIGURATION.POWERSHELLEXTENSION.RESOURCES.DLL [Correcto]
MICROSOFT.SQLSERVER.CONFIGURATION.REPL_CONFIGEXTENSION.RESOURCES.DLL [Correcto]
MICROSOFT.SQLSERVER.CONFIGURATION.RESOURCES.DLL [Correcto]
MICROSOFT.SQLSERVER.CONFIGURATION.RSEXTENSION.RESOURCES.DLL [Correcto]
MICROSOFT.SQLSERVER.CONFIGURATION.RULESENGINEEXTENSION.RESOURCES.DLL [Correcto]
MICROSOFT.SQLSERVER.CONFIGURATION.SAA_CONFIGEXTENSION.RESOURCES.DLL [Correcto]
MICROSOFT.SQLSERVER.CONFIGURATION.SCO.RESOURCES.DLL [Correcto]
MICROSOFT.SQLSERVER.CONFIGURATION.SCOEXTENSION.RESOURCES.DLL [Correcto]
MICROSOFT.SQLSERVER.CONFIGURATION.SETUPEXTENSION.RESOURCES.DLL [Correcto]
MICROSOFT.SQLSERVER.CONFIGURATION.SLPEXTENSION.RESOURCES.DLL [Correcto]
MICROSOFT.SQLSERVER.CONFIGURATION.SMARTSETUPEXTENSION.RESOURCES.DLL [Correcto]
MICROSOFT.SQLSERVER.CONFIGURATION.SMPY_CONFIGEXTENSION.RESOURCES.DLL [Correcto]
MICROSOFT.SQLSERVER.CONFIGURATION.SMR_CONFIGEXTENSION.RESOURCES.DLL [Correcto]
MICROSOFT.SQLSERVER.CONFIGURATION.SNISERVERCONFIGEXT.RESOURCES.DLL [Correcto]
MICROSOFT.SQLSERVER.CONFIGURATION.SQLBROWSEREXTENSION.RESOURCES.DLL [Correcto]
MICROSOFT.SQLSERVER.CONFIGURATION.SQLCONFIGBASE.RESOURCES.DLL [Correcto]
MICROSOFT.SQLSERVER.CONFIGURATION.SQLSERVER_CONFIGEXTENSION.RESOURCES.DLL [Correcto]
MICROSOFT.SQLSERVER.CONFIGURATION.SSISEXTENSION.RESOURCES.DLL [Correcto]
MICROSOFT.SQLSERVER.CONFIGURATION.UIEXTENSION.RESOURCES.DLL [Correcto]
MICROSOFT.SQLSERVER.CONFIGURATION.UTILITYEXTENSION.RESOURCES.DLL [Correcto]
MICROSOFT.SQLSERVER.CONFIGURATION.WIZARDFRAMEWORK.RESOURCES.DLL [Correcto]
MICROSOFT.SQLSERVER.CONFIGURATION.XTP.CONFIGEXTENSION.RESOURCES.DLL [Correcto]
MICROSOFT.SQLSERVER.CONNECTIONINFO.RESOURCES.DLL [Correcto]
MICROSOFT.SQLSERVER.DEPLOYMENT.RESOURCES.DLL [Correcto]
MICROSOFT.SQLSERVER.DISCOVERY.RESOURCES.DLL [Correcto]
MICROSOFT.SQLSERVER.DMF.COMMON.RESOURCES.DLL [Correcto]
MICROSOFT.SQLSERVER.DMF.RESOURCES.DLL [Correcto]
MICROSOFT.SQLSERVER.MANAGEMENT.SDK.SFC.RESOURCES.DLL [Correcto]
MICROSOFT.SQLSERVER.SETUP.CHAINER.WORKFLOW.RESOURCES.DLL [Correcto]
MICROSOFT.SQLSERVER.SMO.RESOURCES.DLL [Correcto]
MICROSOFT.SQLSERVER.SQLENUM.RESOURCES.DLL [Correcto]

 Descomprimiendo archivos en C:\Program Files\Microsoft SQL Server\150\Setup Bootstrap\Update Cache\KB5084817\GDR\x64\zh-Hant\

LANDINGPAGE.RESOURCES.DLL [Correcto]
MICROSOFT.NETENTERPRISESERVERS.EXCEPTIONMESSAGEBOX.RESOURCES.DLL [Correcto]
MICROSOFT.SQL.CHAINER.PACKAGE.RESOURCES.DLL [Correcto]
MICROSOFT.SQL.CHAINER.PRODUCT.RESOURCES.DLL [Correcto]
MICROSOFT.SQLSERVER.CHAINER.EXTENSIONCOMMON.RESOURCES.DLL [Correcto]
MICROSOFT.SQLSERVER.CHAINER.INFRASTRUCTURE.RESOURCES.DLL [Correcto]
MICROSOFT.SQLSERVER.CHAINER.SETUP.RESOURCES.DLL [Correcto]
MICROSOFT.SQLSERVER.CONFIGURATION.AGENTEXTENSION.RESOURCES.DLL [Correcto]
MICROSOFT.SQLSERVER.CONFIGURATION.ASEXTENSION.RESOURCES.DLL [Correcto]
MICROSOFT.SQLSERVER.CONFIGURATION.BOOTSTRAPEXTENSION.RESOURCES.DLL [Correcto]
MICROSOFT.SQLSERVER.CONFIGURATION.CLUSTER.RESOURCES.DLL [Correcto]
MICROSOFT.SQLSERVER.CONFIGURATION.CONFIGEXTENSION.RESOURCES.DLL [Correcto]
MICROSOFT.SQLSERVER.CONFIGURATION.DISTRIBUTEDREPLAYEXTENSION.RESOURCES.DLL [Correcto]
MICROSOFT.SQLSERVER.CONFIGURATION.EXTENSIBILITY_CONFIGEXTENSION.RESOURCES.DLL [Correcto]
MICROSOFT.SQLSERVER.CONFIGURATION.FULLTEXT_CONFIGEXTENSION.RESOURCES.DLL [Correcto]
MICROSOFT.SQLSERVER.CONFIGURATION.IMPY_CONFIGEXTENSION.RESOURCES.DLL [Correcto]
MICROSOFT.SQLSERVER.CONFIGURATION.IMR_CONFIGEXTENSION.RESOURCES.DLL [Correcto]
MICROSOFT.SQLSERVER.CONFIGURATION.INSTALLWIZARD.RESOURCES.DLL [Correcto]
MICROSOFT.SQLSERVER.CONFIGURATION.INSTALLWIZARDFRAMEWORK.RESOURCES.DLL [Correcto]
MICROSOFT.SQLSERVER.CONFIGURATION.ISMASTEREXTENSION.RESOURCES.DLL [Correcto]
MICROSOFT.SQLSERVER.CONFIGURATION.ISWORKEREXTENSION.RESOURCES.DLL [Correcto]
MICROSOFT.SQLSERVER.CONFIGURATION.MANAGEMENTTOOLSEXTENSION.RESOURCES.DLL [Correcto]
MICROSOFT.SQLSERVER.CONFIGURATION.MSIEXTENSION.RESOURCES.DLL [Correcto]
MICROSOFT.SQLSERVER.CONFIGURATION.POLYBASECONFIGEXTENSION.RESOURCES.DLL [Correcto]
MICROSOFT.SQLSERVER.CONFIGURATION.POLYBASEJAVACONFIGEXTENSION.RESOURCES.DLL [Correcto]
MICROSOFT.SQLSERVER.CONFIGURATION.POWERSHELLEXTENSION.RESOURCES.DLL [Correcto]
MICROSOFT.SQLSERVER.CONFIGURATION.REPL_CONFIGEXTENSION.RESOURCES.DLL [Correcto]
MICROSOFT.SQLSERVER.CONFIGURATION.RESOURCES.DLL [Correcto]
MICROSOFT.SQLSERVER.CONFIGURATION.RSEXTENSION.RESOURCES.DLL [Correcto]
MICROSOFT.SQLSERVER.CONFIGURATION.RULESENGINEEXTENSION.RESOURCES.DLL [Correcto]
MICROSOFT.SQLSERVER.CONFIGURATION.SAA_CONFIGEXTENSION.RESOURCES.DLL [Correcto]
MICROSOFT.SQLSERVER.CONFIGURATION.SCO.RESOURCES.DLL [Correcto]
MICROSOFT.SQLSERVER.CONFIGURATION.SCOEXTENSION.RESOURCES.DLL [Correcto]
MICROSOFT.SQLSERVER.CONFIGURATION.SETUPEXTENSION.RESOURCES.DLL [Correcto]
MICROSOFT.SQLSERVER.CONFIGURATION.SLPEXTENSION.RESOURCES.DLL [Correcto]
MICROSOFT.SQLSERVER.CONFIGURATION.SMARTSETUPEXTENSION.RESOURCES.DLL [Correcto]
MICROSOFT.SQLSERVER.CONFIGURATION.SMPY_CONFIGEXTENSION.RESOURCES.DLL [Correcto]
MICROSOFT.SQLSERVER.CONFIGURATION.SMR_CONFIGEXTENSION.RESOURCES.DLL [Correcto]
MICROSOFT.SQLSERVER.CONFIGURATION.SNISERVERCONFIGEXT.RESOURCES.DLL [Correcto]
MICROSOFT.SQLSERVER.CONFIGURATION.SQLBROWSEREXTENSION.RESOURCES.DLL [Correcto]
MICROSOFT.SQLSERVER.CONFIGURATION.SQLCONFIGBASE.RESOURCES.DLL [Correcto]
MICROSOFT.SQLSERVER.CONFIGURATION.SQLSERVER_CONFIGEXTENSION.RESOURCES.DLL [Correcto]
MICROSOFT.SQLSERVER.CONFIGURATION.SSISEXTENSION.RESOURCES.DLL [Correcto]
MICROSOFT.SQLSERVER.CONFIGURATION.UIEXTENSION.RESOURCES.DLL [Correcto]
MICROSOFT.SQLSERVER.CONFIGURATION.UTILITYEXTENSION.RESOURCES.DLL [Correcto]
MICROSOFT.SQLSERVER.CONFIGURATION.WIZARDFRAMEWORK.RESOURCES.DLL [Correcto]
MICROSOFT.SQLSERVER.CONFIGURATION.XTP.CONFIGEXTENSION.RESOURCES.DLL [Correcto]
MICROSOFT.SQLSERVER.CONNECTIONINFO.RESOURCES.DLL [Correcto]
MICROSOFT.SQLSERVER.DEPLOYMENT.RESOURCES.DLL [Correcto]
MICROSOFT.SQLSERVER.DISCOVERY.RESOURCES.DLL [Correcto]
MICROSOFT.SQLSERVER.DMF.COMMON.RESOURCES.DLL [Correcto]
MICROSOFT.SQLSERVER.DMF.RESOURCES.DLL [Correcto]
MICROSOFT.SQLSERVER.MANAGEMENT.SDK.SFC.RESOURCES.DLL [Correcto]
MICROSOFT.SQLSERVER.SETUP.CHAINER.WORKFLOW.RESOURCES.DLL [Correcto]
MICROSOFT.SQLSERVER.SMO.RESOURCES.DLL [Correcto]
MICROSOFT.SQLSERVER.SQLENUM.RESOURCES.DLL [Correcto]

 Descomprimiendo archivos en C:\Program Files\Microsoft SQL Server\150\Setup Bootstrap\Update Cache\KB5090408\

GDR [Correcto]

 Descomprimiendo archivos en C:\Program Files\Microsoft SQL Server\150\Setup Bootstrap\Update Cache\KB5090408\GDR\

1028_CHT_LP [Correcto]
1031_DEU_LP [Correcto]
1033_ENU_LP [Correcto]
1036_FRA_LP [Correcto]
1040_ITA_LP [Correcto]
1041_JPN_LP [Correcto]
1042_KOR_LP [Correcto]
1046_PTB_LP [Correcto]
1049_RUS_LP [Correcto]
2052_CHS_LP [Correcto]
3082_ESN_LP [Correcto]
MEDIAINFO.XML [Correcto]
PackageId.dat [Correcto]
resources [Correcto]
SETUP.EXE [Correcto]
SETUP.EXE.CONFIG [Correcto]
SQLSETUPBOOTSTRAPPER.DLL [Correcto]
x64 [Correcto]

 Descomprimiendo archivos en C:\Program Files\Microsoft SQL Server\150\Setup Bootstrap\Update Cache\KB5090408\GDR\1028_CHT_LP\

x64 [Correcto]

 Descomprimiendo archivos en C:\Program Files\Microsoft SQL Server\150\Setup Bootstrap\Update Cache\KB5090408\GDR\1028_CHT_LP\x64\

1028 [Correcto]

 Descomprimiendo archivos en C:\Program Files\Microsoft SQL Server\150\Setup Bootstrap\Update Cache\KB5090408\GDR\1028_CHT_LP\x64\1028\

PYTHONLICENSE.RTF [Correcto]
README.HTM [Correcto]
ROPENLICENSE.RTF [Correcto]
UPDATE_LICENSE.RTF [Correcto]

 Descomprimiendo archivos en C:\Program Files\Microsoft SQL Server\150\Setup Bootstrap\Update Cache\KB5090408\GDR\1031_DEU_LP\

x64 [Correcto]

 Descomprimiendo archivos en C:\Program Files\Microsoft SQL Server\150\Setup Bootstrap\Update Cache\KB5090408\GDR\1031_DEU_LP\x64\

1031 [Correcto]

 Descomprimiendo archivos en C:\Program Files\Microsoft SQL Server\150\Setup Bootstrap\Update Cache\KB5090408\GDR\1031_DEU_LP\x64\1031\

PYTHONLICENSE.RTF [Correcto]
README.HTM [Correcto]
ROPENLICENSE.RTF [Correcto]
UPDATE_LICENSE.RTF [Correcto]

 Descomprimiendo archivos en C:\Program Files\Microsoft SQL Server\150\Setup Bootstrap\Update Cache\KB5090408\GDR\1033_ENU_LP\

MEDIAINFO.XML [Correcto]
x64 [Correcto]

 Descomprimiendo archivos en C:\Program Files\Microsoft SQL Server\150\Setup Bootstrap\Update Cache\KB5090408\GDR\1033_ENU_LP\x64\

1033 [Correcto]
Setup [Correcto]

 Descomprimiendo archivos en C:\Program Files\Microsoft SQL Server\150\Setup Bootstrap\Update Cache\KB5090408\GDR\1033_ENU_LP\x64\1033\

PYTHONLICENSE.RTF [Correcto]
README.HTM [Correcto]
ROPENLICENSE.RTF [Correcto]
UPDATE_LICENSE.RTF [Correcto]

 Descomprimiendo archivos en C:\Program Files\Microsoft SQL Server\150\Setup Bootstrap\Update Cache\KB5090408\GDR\1033_ENU_LP\x64\Setup\

SQLBROWSER.MSP [Correcto]
x64 [Correcto]

 Descomprimiendo archivos en C:\Program Files\Microsoft SQL Server\150\Setup Bootstrap\Update Cache\KB5090408\GDR\1033_ENU_LP\x64\Setup\x64\

MSODBCSQL.MSI [Correcto]
MSOLEDBSQL.MSI [Correcto]
SQLNCLI.MSI [Correcto]
SQLWRITER.MSP [Correcto]

 Descomprimiendo archivos en C:\Program Files\Microsoft SQL Server\150\Setup Bootstrap\Update Cache\KB5090408\GDR\1036_FRA_LP\

x64 [Correcto]

 Descomprimiendo archivos en C:\Program Files\Microsoft SQL Server\150\Setup Bootstrap\Update Cache\KB5090408\GDR\1036_FRA_LP\x64\

1036 [Correcto]

 Descomprimiendo archivos en C:\Program Files\Microsoft SQL Server\150\Setup Bootstrap\Update Cache\KB5090408\GDR\1036_FRA_LP\x64\1036\

PYTHONLICENSE.RTF [Correcto]
README.HTM [Correcto]
ROPENLICENSE.RTF [Correcto]
UPDATE_LICENSE.RTF [Correcto]

 Descomprimiendo archivos en C:\Program Files\Microsoft SQL Server\150\Setup Bootstrap\Update Cache\KB5090408\GDR\1040_ITA_LP\

x64 [Correcto]

 Descomprimiendo archivos en C:\Program Files\Microsoft SQL Server\150\Setup Bootstrap\Update Cache\KB5090408\GDR\1040_ITA_LP\x64\

1040 [Correcto]

 Descomprimiendo archivos en C:\Program Files\Microsoft SQL Server\150\Setup Bootstrap\Update Cache\KB5090408\GDR\1040_ITA_LP\x64\1040\

PYTHONLICENSE.RTF [Correcto]
README.HTM [Correcto]
ROPENLICENSE.RTF [Correcto]
UPDATE_LICENSE.RTF [Correcto]

 Descomprimiendo archivos en C:\Program Files\Microsoft SQL Server\150\Setup Bootstrap\Update Cache\KB5090408\GDR\1041_JPN_LP\

x64 [Correcto]

 Descomprimiendo archivos en C:\Program Files\Microsoft SQL Server\150\Setup Bootstrap\Update Cache\KB5090408\GDR\1041_JPN_LP\x64\

1041 [Correcto]

 Descomprimiendo archivos en C:\Program Files\Microsoft SQL Server\150\Setup Bootstrap\Update Cache\KB5090408\GDR\1041_JPN_LP\x64\1041\

PYTHONLICENSE.RTF [Correcto]
README.HTM [Correcto]
ROPENLICENSE.RTF [Correcto]
UPDATE_LICENSE.RTF [Correcto]

 Descomprimiendo archivos en C:\Program Files\Microsoft SQL Server\150\Setup Bootstrap\Update Cache\KB5090408\GDR\1042_KOR_LP\

x64 [Correcto]

 Descomprimiendo archivos en C:\Program Files\Microsoft SQL Server\150\Setup Bootstrap\Update Cache\KB5090408\GDR\1042_KOR_LP\x64\

1042 [Correcto]

 Descomprimiendo archivos en C:\Program Files\Microsoft SQL Server\150\Setup Bootstrap\Update Cache\KB5090408\GDR\1042_KOR_LP\x64\1042\

PYTHONLICENSE.RTF [Correcto]
README.HTM [Correcto]
ROPENLICENSE.RTF [Correcto]
UPDATE_LICENSE.RTF [Correcto]

 Descomprimiendo archivos en C:\Program Files\Microsoft SQL Server\150\Setup Bootstrap\Update Cache\KB5090408\GDR\1046_PTB_LP\

x64 [Correcto]

 Descomprimiendo archivos en C:\Program Files\Microsoft SQL Server\150\Setup Bootstrap\Update Cache\KB5090408\GDR\1046_PTB_LP\x64\

1046 [Correcto]

 Descomprimiendo archivos en C:\Program Files\Microsoft SQL Server\150\Setup Bootstrap\Update Cache\KB5090408\GDR\1046_PTB_LP\x64\1046\

PYTHONLICENSE.RTF [Correcto]
README.HTM [Correcto]
ROPENLICENSE.RTF [Correcto]
UPDATE_LICENSE.RTF [Correcto]

 Descomprimiendo archivos en C:\Program Files\Microsoft SQL Server\150\Setup Bootstrap\Update Cache\KB5090408\GDR\1049_RUS_LP\

x64 [Correcto]

 Descomprimiendo archivos en C:\Program Files\Microsoft SQL Server\150\Setup Bootstrap\Update Cache\KB5090408\GDR\1049_RUS_LP\x64\

1049 [Correcto]

 Descomprimiendo archivos en C:\Program Files\Microsoft SQL Server\150\Setup Bootstrap\Update Cache\KB5090408\GDR\1049_RUS_LP\x64\1049\

PYTHONLICENSE.RTF [Correcto]
README.HTM [Correcto]
ROPENLICENSE.RTF [Correcto]
UPDATE_LICENSE.RTF [Correcto]

 Descomprimiendo archivos en C:\Program Files\Microsoft SQL Server\150\Setup Bootstrap\Update Cache\KB5090408\GDR\2052_CHS_LP\

x64 [Correcto]

 Descomprimiendo archivos en C:\Program Files\Microsoft SQL Server\150\Setup Bootstrap\Update Cache\KB5090408\GDR\2052_CHS_LP\x64\

2052 [Correcto]

 Descomprimiendo archivos en C:\Program Files\Microsoft SQL Server\150\Setup Bootstrap\Update Cache\KB5090408\GDR\2052_CHS_LP\x64\2052\

PYTHONLICENSE.RTF [Correcto]
README.HTM [Correcto]
ROPENLICENSE.RTF [Correcto]
UPDATE_LICENSE.RTF [Correcto]

 Descomprimiendo archivos en C:\Program Files\Microsoft SQL Server\150\Setup Bootstrap\Update Cache\KB5090408\GDR\3082_ESN_LP\

x64 [Correcto]

 Descomprimiendo archivos en C:\Program Files\Microsoft SQL Server\150\Setup Bootstrap\Update Cache\KB5090408\GDR\3082_ESN_LP\x64\

3082 [Correcto]

 Descomprimiendo archivos en C:\Program Files\Microsoft SQL Server\150\Setup Bootstrap\Update Cache\KB5090408\GDR\3082_ESN_LP\x64\3082\

PYTHONLICENSE.RTF [Correcto]
README.HTM [Correcto]
ROPENLICENSE.RTF [Correcto]
UPDATE_LICENSE.RTF [Correcto]

 Descomprimiendo archivos en C:\Program Files\Microsoft SQL Server\150\Setup Bootstrap\Update Cache\KB5090408\GDR\resources\

1033 [Correcto]

 Descomprimiendo archivos en C:\Program Files\Microsoft SQL Server\150\Setup Bootstrap\Update Cache\KB5090408\GDR\resources\1033\

SETUP.RLL [Correcto]

 Descomprimiendo archivos en C:\Program Files\Microsoft SQL Server\150\Setup Bootstrap\Update Cache\KB5090408\GDR\x64\

ADDNODE.XML [Correcto]
COMPLETECLUSTERWIZARD.XML [Correcto]
COMPLETEIMAGEWIZARD.XML [Correcto]
COMPONENTUPDATE.XML [Correcto]
CONFIGURATION.UICFG [Correcto]
de [Correcto]
EDITIONUPGRADEWIZARD.XML [Correcto]
es [Correcto]
FIXSQLREGISTRYKEY_X64.EXE [Correcto]
FIXSQLREGISTRYKEY_X64.EXE.CONFIG [Correcto]
FIXSQLREGISTRYKEY_X86.EXE [Correcto]
FIXSQLREGISTRYKEY_X86.EXE.CONFIG [Correcto]
fr [Correcto]
INSTALLCLUSTERWIZARD.XML [Correcto]
INSTALLWIZARD.XML [Correcto]
INSTAPI150.DLL [Correcto]
it [Correcto]
ja [Correcto]
ko [Correcto]
LANDINGPAGE.EXE [Correcto]
LANDINGPAGE.EXE.CONFIG [Correcto]
MICROSOFT.ANALYSISSERVICES.ADOMDCLIENT.DLL [Correcto]
MICROSOFT.ANALYSISSERVICES.CORE.DLL [Correcto]
MICROSOFT.ANALYSISSERVICES.DLL [Correcto]
MICROSOFT.ANALYSISSERVICES.SPCLIENT.INTERFACES.DLL [Correcto]
MICROSOFT.ANALYSISSERVICES.TABULAR.DLL [Correcto]
MICROSOFT.ANALYSISSERVICES.TABULAR.JSON.DLL [Correcto]
MICROSOFT.DIAGNOSTICS.TRACING.EVENTSOURCE.DLL [Correcto]
MICROSOFT.NETENTERPRISESERVERS.EXCEPTIONMESSAGEBOX.DLL [Correcto]
MICROSOFT.SQL.CHAINER.PACKAGE.DLL [Correcto]
MICROSOFT.SQL.CHAINER.PACKAGE.XMLSERIALIZERS.DLL [Correcto]
MICROSOFT.SQL.CHAINER.PACKAGEDATA.DLL [Correcto]
MICROSOFT.SQL.CHAINER.PRODUCT.DLL [Correcto]
MICROSOFT.SQL.CHAINER.PRODUCT.XMLSERIALIZERS.DLL [Correcto]
MICROSOFT.SQLSERVER.CHAINER.EXTENSIONCOMMON.DLL [Correcto]
MICROSOFT.SQLSERVER.CHAINER.EXTENSIONCOMMON.XMLSERIALIZERS.DLL [Correcto]
MICROSOFT.SQLSERVER.CHAINER.INFRASTRUCTURE.DLL [Correcto]
MICROSOFT.SQLSERVER.CHAINER.INFRASTRUCTURE.XMLSERIALIZERS.DLL [Correcto]
MICROSOFT.SQLSERVER.CHAINER.WORKFLOWDATA.DLL [Correcto]
MICROSOFT.SQLSERVER.CHAINER.WORKFLOWDATA.XMLSERIALIZERS.DLL [Correcto]
MICROSOFT.SQLSERVER.CONFIGURATION.AGENTEXTENSION.DLL [Correcto]
MICROSOFT.SQLSERVER.CONFIGURATION.ASEXTENSION.DLL [Correcto]
MICROSOFT.SQLSERVER.CONFIGURATION.ASTELEMETRYEXTENSION.DLL [Correcto]
MICROSOFT.SQLSERVER.CONFIGURATION.BOOTSTRAPEXTENSION.DLL [Correcto]
MICROSOFT.SQLSERVER.CONFIGURATION.BOOTSTRAPEXTENSION.XMLSERIALIZERS.DLL [Correcto]
MICROSOFT.SQLSERVER.CONFIGURATION.CLUSTER.DLL [Correcto]
MICROSOFT.SQLSERVER.CONFIGURATION.CLUSTER.XMLSERIALIZERS.DLL [Correcto]
MICROSOFT.SQLSERVER.CONFIGURATION.CONFIGEXTENSION.DLL [Correcto]
MICROSOFT.SQLSERVER.CONFIGURATION.CONFIGEXTENSION.XMLSERIALIZERS.DLL [Correcto]
MICROSOFT.SQLSERVER.CONFIGURATION.DISTRIBUTEDREPLAYEXTENSION.DLL [Correcto]
MICROSOFT.SQLSERVER.CONFIGURATION.DLL [Correcto]
MICROSOFT.SQLSERVER.CONFIGURATION.EXTENSIBILITY_CONFIGEXTENSION.DLL [Correcto]
MICROSOFT.SQLSERVER.CONFIGURATION.FULLTEXT_CONFIGEXTENSION.DLL [Correcto]
MICROSOFT.SQLSERVER.CONFIGURATION.IMPY_CONFIGEXTENSION.DLL [Correcto]
MICROSOFT.SQLSERVER.CONFIGURATION.IMR_CONFIGEXTENSION.DLL [Correcto]
MICROSOFT.SQLSERVER.CONFIGURATION.INSTALLWIZARD.DLL [Correcto]
MICROSOFT.SQLSERVER.CONFIGURATION.INSTALLWIZARDFRAMEWORK.DLL [Correcto]
MICROSOFT.SQLSERVER.CONFIGURATION.INSTALLWIZARDFRAMEWORK.XMLSERIALIZERS.DLL [Correcto]
MICROSOFT.SQLSERVER.CONFIGURATION.ISMASTEREXTENSION.DLL [Correcto]
MICROSOFT.SQLSERVER.CONFIGURATION.ISTELEMETRYCONFIGEXTENSION.DLL [Correcto]
MICROSOFT.SQLSERVER.CONFIGURATION.ISWORKEREXTENSION.DLL [Correcto]
MICROSOFT.SQLSERVER.CONFIGURATION.MANAGEMENTTOOLSEXTENSION.DLL [Correcto]
MICROSOFT.SQLSERVER.CONFIGURATION.MSIEXTENSION.DLL [Correcto]
MICROSOFT.SQLSERVER.CONFIGURATION.MSIEXTENSION.XMLSERIALIZERS.DLL [Correcto]
MICROSOFT.SQLSERVER.CONFIGURATION.POLYBASECONFIGEXTENSION.DLL [Correcto]
MICROSOFT.SQLSERVER.CONFIGURATION.POLYBASEJAVACONFIGEXTENSION.DLL [Correcto]
MICROSOFT.SQLSERVER.CONFIGURATION.POWERSHELLEXTENSION.DLL [Correcto]
MICROSOFT.SQLSERVER.CONFIGURATION.REPL_CONFIGEXTENSION.DLL [Correcto]
MICROSOFT.SQLSERVER.CONFIGURATION.RSEXTENSION.DLL [Correcto]
MICROSOFT.SQLSERVER.CONFIGURATION.RULESENGINEEXTENSION.DLL [Correcto]
MICROSOFT.SQLSERVER.CONFIGURATION.RULESENGINEEXTENSION.XMLSERIALIZERS.DLL [Correcto]
MICROSOFT.SQLSERVER.CONFIGURATION.SAA_CONFIGEXTENSION.DLL [Correcto]
MICROSOFT.SQLSERVER.CONFIGURATION.SCO.DLL [Correcto]
MICROSOFT.SQLSERVER.CONFIGURATION.SCO.XMLSERIALIZERS.DLL [Correcto]
MICROSOFT.SQLSERVER.CONFIGURATION.SCOEXTENSION.DLL [Correcto]
MICROSOFT.SQLSERVER.CONFIGURATION.SETUPEXTENSION.DLL [Correcto]
MICROSOFT.SQLSERVER.CONFIGURATION.SETUPEXTENSION.XMLSERIALIZERS.DLL [Correcto]
MICROSOFT.SQLSERVER.CONFIGURATION.SLPEXTENSION.DLL [Correcto]
MICROSOFT.SQLSERVER.CONFIGURATION.SMARTSETUPEXTENSION.DLL [Correcto]
MICROSOFT.SQLSERVER.CONFIGURATION.SMARTSETUPEXTENSION.XMLSERIALIZERS.DLL [Correcto]
MICROSOFT.SQLSERVER.CONFIGURATION.SMPY_CONFIGEXTENSION.DLL [Correcto]
MICROSOFT.SQLSERVER.CONFIGURATION.SMR_CONFIGEXTENSION.DLL [Correcto]
MICROSOFT.SQLSERVER.CONFIGURATION.SNISERVERCONFIGEXT.DLL [Correcto]
MICROSOFT.SQLSERVER.CONFIGURATION.SQLBROWSEREXTENSION.DLL [Correcto]
MICROSOFT.SQLSERVER.CONFIGURATION.SQLCONFIGBASE.DLL [Correcto]
MICROSOFT.SQLSERVER.CONFIGURATION.SQLCONFIGBASE.XMLSERIALIZERS.DLL [Correcto]
MICROSOFT.SQLSERVER.CONFIGURATION.SQLSERVER_CONFIGEXTENSION.DLL [Correcto]
MICROSOFT.SQLSERVER.CONFIGURATION.SSISEXTENSION.DLL [Correcto]
MICROSOFT.SQLSERVER.CONFIGURATION.TELEMETRYCONFIGEXTENSION.DLL [Correcto]
MICROSOFT.SQLSERVER.CONFIGURATION.TELEMETRYCONFIGEXTENSION.RESOURCES.DLL [Correcto]
MICROSOFT.SQLSERVER.CONFIGURATION.UIEXTENSION.DLL [Correcto]
MICROSOFT.SQLSERVER.CONFIGURATION.UIEXTENSION.XMLSERIALIZERS.DLL [Correcto]
MICROSOFT.SQLSERVER.CONFIGURATION.UTILITYEXTENSION.DLL [Correcto]
MICROSOFT.SQLSERVER.CONFIGURATION.WIZARDFRAMEWORK.DLL [Correcto]
MICROSOFT.SQLSERVER.CONFIGURATION.WIZARDFRAMEWORK.XMLSERIALIZERS.DLL [Correcto]
MICROSOFT.SQLSERVER.CONFIGURATION.WMIINTEROP.DLL [Correcto]
MICROSOFT.SQLSERVER.CONFIGURATION.XMLSERIALIZERS.DLL [Correcto]
MICROSOFT.SQLSERVER.CONFIGURATION.XTP.CONFIGEXTENSION.DLL [Correcto]
MICROSOFT.SQLSERVER.CONNECTIONINFO.DLL [Correcto]
MICROSOFT.SQLSERVER.CUSTOMCONTROLS.DLL [Correcto]
MICROSOFT.SQLSERVER.DATAWAREHOUSE.WORKLOADDEPLOYMENT.DLL [Correcto]
MICROSOFT.SQLSERVER.DEPLOYMENT.DLL [Correcto]
MICROSOFT.SQLSERVER.DEPLOYMENT.XMLSERIALIZERS.DLL [Correcto]
MICROSOFT.SQLSERVER.DIAGNOSTICS.STRACE.DLL [Correcto]
MICROSOFT.SQLSERVER.DISCOVERY.DLL [Correcto]
MICROSOFT.SQLSERVER.DISCOVERY.XMLSERIALIZERS.DLL [Correcto]
MICROSOFT.SQLSERVER.DMF.COMMON.DLL [Correcto]
MICROSOFT.SQLSERVER.DMF.DLL [Correcto]
MICROSOFT.SQLSERVER.INSTAPI.DLL [Correcto]
MICROSOFT.SQLSERVER.INTEROP.FIREWALLAPI.DLL [Correcto]
MICROSOFT.SQLSERVER.INTEROP.TASKSCHD.DLL [Correcto]
MICROSOFT.SQLSERVER.INTEROP.WUAPILIB.DLL [Correcto]
MICROSOFT.SQLSERVER.MANAGEMENT.CONTROLS.DLL [Correcto]
MICROSOFT.SQLSERVER.MANAGEMENT.SDK.SFC.DLL [Correcto]
MICROSOFT.SQLSERVER.SETUP.CHAINER.WORKFLOW.DLL [Correcto]
MICROSOFT.SQLSERVER.SETUP.CHAINER.WORKFLOW.XMLSERIALIZERS.DLL [Correcto]
MICROSOFT.SQLSERVER.SMO.DLL [Correcto]
MICROSOFT.SQLSERVER.SQLCLRPROVIDER.DLL [Correcto]
MICROSOFT.SQLSERVER.SQLENUM.DLL [Correcto]
MICROSOFT.SQLSERVER.SSTRING.DLL [Correcto]
MICROSOFT.SQLSERVER.USAGETRACKING.DLL [Correcto]
MSVCP140.DLL [Correcto]
MSVCP140_1.DLL [Correcto]
NEWTONSOFT.JSON.DLL [Correcto]
PACKAGE.XSD [Correcto]
PATCHWIZARD.XML [Correcto]
PIDGENX.DLL [Correcto]
PIDPRIVATECONFIGOBJECTMAPS.XML [Correcto]
PREPARECLUSTERWIZARD.XML [Correcto]
PREPAREIMAGEWIZARD.XML [Correcto]
pt [Correcto]
REMOVENODE.XML [Correcto]
REMOVEPATCHWIZARD.XML [Correcto]
REPAIRWIZARD.XML [Correcto]
RSETUP.EXE [Correcto]
ru [Correcto]
RUNRULESUI.XML [Correcto]
SCENARIOENGINE.EXE [Correcto]
SCENARIOENGINE.EXE.CONFIG [Correcto]
Setup [Correcto]
SHELLOBJECTS.DLL [Correcto]
SQLBOOT.DLL [Correcto]
SQLCAB.DLL [Correcto]
SQLCONF.DLL [Correcto]
SQLMU.DLL [Correcto]
SQLPROCESSSUB.DLL [Correcto]
SQLSCCN.DLL [Correcto]
UNINSTALLWIZARD.XML [Correcto]
UPGRADEWIZARD.XML [Correcto]
VCCORLIB140.DLL [Correcto]
VCRUNTIME140.DLL [Correcto]
zh-chs [Correcto]
zh-cht [Correcto]
zh-Hans [Correcto]
zh-Hant [Correcto]

 Descomprimiendo archivos en C:\Program Files\Microsoft SQL Server\150\Setup Bootstrap\Update Cache\KB5090408\GDR\x64\de\

LANDINGPAGE.RESOURCES.DLL [Correcto]
MICROSOFT.NETENTERPRISESERVERS.EXCEPTIONMESSAGEBOX.RESOURCES.DLL [Correcto]
MICROSOFT.SQL.CHAINER.PACKAGE.RESOURCES.DLL [Correcto]
MICROSOFT.SQL.CHAINER.PRODUCT.RESOURCES.DLL [Correcto]
MICROSOFT.SQLSERVER.CHAINER.EXTENSIONCOMMON.RESOURCES.DLL [Correcto]
MICROSOFT.SQLSERVER.CHAINER.INFRASTRUCTURE.RESOURCES.DLL [Correcto]
MICROSOFT.SQLSERVER.CHAINER.SETUP.RESOURCES.DLL [Correcto]
MICROSOFT.SQLSERVER.CONFIGURATION.AGENTEXTENSION.RESOURCES.DLL [Correcto]
MICROSOFT.SQLSERVER.CONFIGURATION.ASEXTENSION.RESOURCES.DLL [Correcto]
MICROSOFT.SQLSERVER.CONFIGURATION.BOOTSTRAPEXTENSION.RESOURCES.DLL [Correcto]
MICROSOFT.SQLSERVER.CONFIGURATION.CLUSTER.RESOURCES.DLL [Correcto]
MICROSOFT.SQLSERVER.CONFIGURATION.CONFIGEXTENSION.RESOURCES.DLL [Correcto]
MICROSOFT.SQLSERVER.CONFIGURATION.DISTRIBUTEDREPLAYEXTENSION.RESOURCES.DLL [Correcto]
MICROSOFT.SQLSERVER.CONFIGURATION.EXTENSIBILITY_CONFIGEXTENSION.RESOURCES.DLL [Correcto]
MICROSOFT.SQLSERVER.CONFIGURATION.FULLTEXT_CONFIGEXTENSION.RESOURCES.DLL [Correcto]
MICROSOFT.SQLSERVER.CONFIGURATION.IMPY_CONFIGEXTENSION.RESOURCES.DLL [Correcto]
MICROSOFT.SQLSERVER.CONFIGURATION.IMR_CONFIGEXTENSION.RESOURCES.DLL [Correcto]
MICROSOFT.SQLSERVER.CONFIGURATION.INSTALLWIZARD.RESOURCES.DLL [Correcto]
MICROSOFT.SQLSERVER.CONFIGURATION.INSTALLWIZARDFRAMEWORK.RESOURCES.DLL [Correcto]
MICROSOFT.SQLSERVER.CONFIGURATION.ISMASTEREXTENSION.RESOURCES.DLL [Correcto]
MICROSOFT.SQLSERVER.CONFIGURATION.ISWORKEREXTENSION.RESOURCES.DLL [Correcto]
MICROSOFT.SQLSERVER.CONFIGURATION.MANAGEMENTTOOLSEXTENSION.RESOURCES.DLL [Correcto]
MICROSOFT.SQLSERVER.CONFIGURATION.MSIEXTENSION.RESOURCES.DLL [Correcto]
MICROSOFT.SQLSERVER.CONFIGURATION.POLYBASECONFIGEXTENSION.RESOURCES.DLL [Correcto]
MICROSOFT.SQLSERVER.CONFIGURATION.POLYBASEJAVACONFIGEXTENSION.RESOURCES.DLL [Correcto]
MICROSOFT.SQLSERVER.CONFIGURATION.POWERSHELLEXTENSION.RESOURCES.DLL [Correcto]
MICROSOFT.SQLSERVER.CONFIGURATION.REPL_CONFIGEXTENSION.RESOURCES.DLL [Correcto]
MICROSOFT.SQLSERVER.CONFIGURATION.RESOURCES.DLL [Correcto]
MICROSOFT.SQLSERVER.CONFIGURATION.RSEXTENSION.RESOURCES.DLL [Correcto]
MICROSOFT.SQLSERVER.CONFIGURATION.RULESENGINEEXTENSION.RESOURCES.DLL [Correcto]
MICROSOFT.SQLSERVER.CONFIGURATION.SAA_CONFIGEXTENSION.RESOURCES.DLL [Correcto]
MICROSOFT.SQLSERVER.CONFIGURATION.SCO.RESOURCES.DLL [Correcto]
MICROSOFT.SQLSERVER.CONFIGURATION.SCOEXTENSION.RESOURCES.DLL [Correcto]
MICROSOFT.SQLSERVER.CONFIGURATION.SETUPEXTENSION.RESOURCES.DLL [Correcto]
MICROSOFT.SQLSERVER.CONFIGURATION.SLPEXTENSION.RESOURCES.DLL [Correcto]
MICROSOFT.SQLSERVER.CONFIGURATION.SMARTSETUPEXTENSION.RESOURCES.DLL [Correcto]
MICROSOFT.SQLSERVER.CONFIGURATION.SMPY_CONFIGEXTENSION.RESOURCES.DLL [Correcto]
MICROSOFT.SQLSERVER.CONFIGURATION.SMR_CONFIGEXTENSION.RESOURCES.DLL [Correcto]
MICROSOFT.SQLSERVER.CONFIGURATION.SNISERVERCONFIGEXT.RESOURCES.DLL [Correcto]
MICROSOFT.SQLSERVER.CONFIGURATION.SQLBROWSEREXTENSION.RESOURCES.DLL [Correcto]
MICROSOFT.SQLSERVER.CONFIGURATION.SQLCONFIGBASE.RESOURCES.DLL [Correcto]
MICROSOFT.SQLSERVER.CONFIGURATION.SQLSERVER_CONFIGEXTENSION.RESOURCES.DLL [Correcto]
MICROSOFT.SQLSERVER.CONFIGURATION.SSISEXTENSION.RESOURCES.DLL [Correcto]
MICROSOFT.SQLSERVER.CONFIGURATION.UIEXTENSION.RESOURCES.DLL [Correcto]
MICROSOFT.SQLSERVER.CONFIGURATION.UTILITYEXTENSION.RESOURCES.DLL [Correcto]
MICROSOFT.SQLSERVER.CONFIGURATION.WIZARDFRAMEWORK.RESOURCES.DLL [Correcto]
MICROSOFT.SQLSERVER.CONFIGURATION.XTP.CONFIGEXTENSION.RESOURCES.DLL [Correcto]
MICROSOFT.SQLSERVER.CONNECTIONINFO.RESOURCES.DLL [Correcto]
MICROSOFT.SQLSERVER.DEPLOYMENT.RESOURCES.DLL [Correcto]
MICROSOFT.SQLSERVER.DISCOVERY.RESOURCES.DLL [Correcto]
MICROSOFT.SQLSERVER.DMF.COMMON.RESOURCES.DLL [Correcto]
MICROSOFT.SQLSERVER.DMF.RESOURCES.DLL [Correcto]
MICROSOFT.SQLSERVER.MANAGEMENT.CONTROLS.RESOURCES.DLL [Correcto]
MICROSOFT.SQLSERVER.MANAGEMENT.SDK.SFC.RESOURCES.DLL [Correcto]
MICROSOFT.SQLSERVER.SETUP.CHAINER.WORKFLOW.RESOURCES.DLL [Correcto]
MICROSOFT.SQLSERVER.SMO.RESOURCES.DLL [Correcto]
MICROSOFT.SQLSERVER.SQLENUM.RESOURCES.DLL [Correcto]

 Descomprimiendo archivos en C:\Program Files\Microsoft SQL Server\150\Setup Bootstrap\Update Cache\KB5090408\GDR\x64\es\

LANDINGPAGE.RESOURCES.DLL [Correcto]
MICROSOFT.NETENTERPRISESERVERS.EXCEPTIONMESSAGEBOX.RESOURCES.DLL [Correcto]
MICROSOFT.SQL.CHAINER.PACKAGE.RESOURCES.DLL [Correcto]
MICROSOFT.SQL.CHAINER.PRODUCT.RESOURCES.DLL [Correcto]
MICROSOFT.SQLSERVER.CHAINER.EXTENSIONCOMMON.RESOURCES.DLL [Correcto]
MICROSOFT.SQLSERVER.CHAINER.INFRASTRUCTURE.RESOURCES.DLL [Correcto]
MICROSOFT.SQLSERVER.CHAINER.SETUP.RESOURCES.DLL [Correcto]
MICROSOFT.SQLSERVER.CONFIGURATION.AGENTEXTENSION.RESOURCES.DLL [Correcto]
MICROSOFT.SQLSERVER.CONFIGURATION.ASEXTENSION.RESOURCES.DLL [Correcto]
MICROSOFT.SQLSERVER.CONFIGURATION.BOOTSTRAPEXTENSION.RESOURCES.DLL [Correcto]
MICROSOFT.SQLSERVER.CONFIGURATION.CLUSTER.RESOURCES.DLL [Correcto]
MICROSOFT.SQLSERVER.CONFIGURATION.CONFIGEXTENSION.RESOURCES.DLL [Correcto]
MICROSOFT.SQLSERVER.CONFIGURATION.DISTRIBUTEDREPLAYEXTENSION.RESOURCES.DLL [Correcto]
MICROSOFT.SQLSERVER.CONFIGURATION.EXTENSIBILITY_CONFIGEXTENSION.RESOURCES.DLL [Correcto]
MICROSOFT.SQLSERVER.CONFIGURATION.FULLTEXT_CONFIGEXTENSION.RESOURCES.DLL [Correcto]
MICROSOFT.SQLSERVER.CONFIGURATION.IMPY_CONFIGEXTENSION.RESOURCES.DLL [Correcto]
MICROSOFT.SQLSERVER.CONFIGURATION.IMR_CONFIGEXTENSION.RESOURCES.DLL [Correcto]
MICROSOFT.SQLSERVER.CONFIGURATION.INSTALLWIZARD.RESOURCES.DLL [Correcto]
MICROSOFT.SQLSERVER.CONFIGURATION.INSTALLWIZARDFRAMEWORK.RESOURCES.DLL [Correcto]
MICROSOFT.SQLSERVER.CONFIGURATION.ISMASTEREXTENSION.RESOURCES.DLL [Correcto]
MICROSOFT.SQLSERVER.CONFIGURATION.ISWORKEREXTENSION.RESOURCES.DLL [Correcto]
MICROSOFT.SQLSERVER.CONFIGURATION.MANAGEMENTTOOLSEXTENSION.RESOURCES.DLL [Correcto]
MICROSOFT.SQLSERVER.CONFIGURATION.MSIEXTENSION.RESOURCES.DLL [Correcto]
MICROSOFT.SQLSERVER.CONFIGURATION.POLYBASECONFIGEXTENSION.RESOURCES.DLL [Correcto]
MICROSOFT.SQLSERVER.CONFIGURATION.POLYBASEJAVACONFIGEXTENSION.RESOURCES.DLL [Correcto]
MICROSOFT.SQLSERVER.CONFIGURATION.POWERSHELLEXTENSION.RESOURCES.DLL [Correcto]
MICROSOFT.SQLSERVER.CONFIGURATION.REPL_CONFIGEXTENSION.RESOURCES.DLL [Correcto]
MICROSOFT.SQLSERVER.CONFIGURATION.RESOURCES.DLL [Correcto]
MICROSOFT.SQLSERVER.CONFIGURATION.RSEXTENSION.RESOURCES.DLL [Correcto]
MICROSOFT.SQLSERVER.CONFIGURATION.RULESENGINEEXTENSION.RESOURCES.DLL [Correcto]
MICROSOFT.SQLSERVER.CONFIGURATION.SAA_CONFIGEXTENSION.RESOURCES.DLL [Correcto]
MICROSOFT.SQLSERVER.CONFIGURATION.SCO.RESOURCES.DLL [Correcto]
MICROSOFT.SQLSERVER.CONFIGURATION.SCOEXTENSION.RESOURCES.DLL [Correcto]
MICROSOFT.SQLSERVER.CONFIGURATION.SETUPEXTENSION.RESOURCES.DLL [Correcto]
MICROSOFT.SQLSERVER.CONFIGURATION.SLPEXTENSION.RESOURCES.DLL [Correcto]
MICROSOFT.SQLSERVER.CONFIGURATION.SMARTSETUPEXTENSION.RESOURCES.DLL [Correcto]
MICROSOFT.SQLSERVER.CONFIGURATION.SMPY_CONFIGEXTENSION.RESOURCES.DLL [Correcto]
MICROSOFT.SQLSERVER.CONFIGURATION.SMR_CONFIGEXTENSION.RESOURCES.DLL [Correcto]
MICROSOFT.SQLSERVER.CONFIGURATION.SNISERVERCONFIGEXT.RESOURCES.DLL [Correcto]
MICROSOFT.SQLSERVER.CONFIGURATION.SQLBROWSEREXTENSION.RESOURCES.DLL [Correcto]
MICROSOFT.SQLSERVER.CONFIGURATION.SQLCONFIGBASE.RESOURCES.DLL [Correcto]
MICROSOFT.SQLSERVER.CONFIGURATION.SQLSERVER_CONFIGEXTENSION.RESOURCES.DLL [Correcto]
MICROSOFT.SQLSERVER.CONFIGURATION.SSISEXTENSION.RESOURCES.DLL [Correcto]
MICROSOFT.SQLSERVER.CONFIGURATION.UIEXTENSION.RESOURCES.DLL [Correcto]
MICROSOFT.SQLSERVER.CONFIGURATION.UTILITYEXTENSION.RESOURCES.DLL [Correcto]
MICROSOFT.SQLSERVER.CONFIGURATION.WIZARDFRAMEWORK.RESOURCES.DLL [Correcto]
MICROSOFT.SQLSERVER.CONFIGURATION.XTP.CONFIGEXTENSION.RESOURCES.DLL [Correcto]
MICROSOFT.SQLSERVER.CONNECTIONINFO.RESOURCES.DLL [Correcto]
MICROSOFT.SQLSERVER.DEPLOYMENT.RESOURCES.DLL [Correcto]
MICROSOFT.SQLSERVER.DISCOVERY.RESOURCES.DLL [Correcto]
MICROSOFT.SQLSERVER.DMF.COMMON.RESOURCES.DLL [Correcto]
MICROSOFT.SQLSERVER.DMF.RESOURCES.DLL [Correcto]
MICROSOFT.SQLSERVER.MANAGEMENT.CONTROLS.RESOURCES.DLL [Correcto]
MICROSOFT.SQLSERVER.MANAGEMENT.SDK.SFC.RESOURCES.DLL [Correcto]
MICROSOFT.SQLSERVER.SETUP.CHAINER.WORKFLOW.RESOURCES.DLL [Correcto]
MICROSOFT.SQLSERVER.SMO.RESOURCES.DLL [Correcto]
MICROSOFT.SQLSERVER.SQLENUM.RESOURCES.DLL [Correcto]

 Descomprimiendo archivos en C:\Program Files\Microsoft SQL Server\150\Setup Bootstrap\Update Cache\KB5090408\GDR\x64\fr\

LANDINGPAGE.RESOURCES.DLL [Correcto]
MICROSOFT.NETENTERPRISESERVERS.EXCEPTIONMESSAGEBOX.RESOURCES.DLL [Correcto]
MICROSOFT.SQL.CHAINER.PACKAGE.RESOURCES.DLL [Correcto]
MICROSOFT.SQL.CHAINER.PRODUCT.RESOURCES.DLL [Correcto]
MICROSOFT.SQLSERVER.CHAINER.EXTENSIONCOMMON.RESOURCES.DLL [Correcto]
MICROSOFT.SQLSERVER.CHAINER.INFRASTRUCTURE.RESOURCES.DLL [Correcto]
MICROSOFT.SQLSERVER.CHAINER.SETUP.RESOURCES.DLL [Correcto]
MICROSOFT.SQLSERVER.CONFIGURATION.AGENTEXTENSION.RESOURCES.DLL [Correcto]
MICROSOFT.SQLSERVER.CONFIGURATION.ASEXTENSION.RESOURCES.DLL [Correcto]
MICROSOFT.SQLSERVER.CONFIGURATION.BOOTSTRAPEXTENSION.RESOURCES.DLL [Correcto]
MICROSOFT.SQLSERVER.CONFIGURATION.CLUSTER.RESOURCES.DLL [Correcto]
MICROSOFT.SQLSERVER.CONFIGURATION.CONFIGEXTENSION.RESOURCES.DLL [Correcto]
MICROSOFT.SQLSERVER.CONFIGURATION.DISTRIBUTEDREPLAYEXTENSION.RESOURCES.DLL [Correcto]
MICROSOFT.SQLSERVER.CONFIGURATION.EXTENSIBILITY_CONFIGEXTENSION.RESOURCES.DLL [Correcto]
MICROSOFT.SQLSERVER.CONFIGURATION.FULLTEXT_CONFIGEXTENSION.RESOURCES.DLL [Correcto]
MICROSOFT.SQLSERVER.CONFIGURATION.IMPY_CONFIGEXTENSION.RESOURCES.DLL [Correcto]
MICROSOFT.SQLSERVER.CONFIGURATION.IMR_CONFIGEXTENSION.RESOURCES.DLL [Correcto]
MICROSOFT.SQLSERVER.CONFIGURATION.INSTALLWIZARD.RESOURCES.DLL [Correcto]
MICROSOFT.SQLSERVER.CONFIGURATION.INSTALLWIZARDFRAMEWORK.RESOURCES.DLL [Correcto]
MICROSOFT.SQLSERVER.CONFIGURATION.ISMASTEREXTENSION.RESOURCES.DLL [Correcto]
MICROSOFT.SQLSERVER.CONFIGURATION.ISWORKEREXTENSION.RESOURCES.DLL [Correcto]
MICROSOFT.SQLSERVER.CONFIGURATION.MANAGEMENTTOOLSEXTENSION.RESOURCES.DLL [Correcto]
MICROSOFT.SQLSERVER.CONFIGURATION.MSIEXTENSION.RESOURCES.DLL [Correcto]
MICROSOFT.SQLSERVER.CONFIGURATION.POLYBASECONFIGEXTENSION.RESOURCES.DLL [Correcto]
MICROSOFT.SQLSERVER.CONFIGURATION.POLYBASEJAVACONFIGEXTENSION.RESOURCES.DLL [Correcto]
MICROSOFT.SQLSERVER.CONFIGURATION.POWERSHELLEXTENSION.RESOURCES.DLL [Correcto]
MICROSOFT.SQLSERVER.CONFIGURATION.REPL_CONFIGEXTENSION.RESOURCES.DLL [Correcto]
MICROSOFT.SQLSERVER.CONFIGURATION.RESOURCES.DLL [Correcto]
MICROSOFT.SQLSERVER.CONFIGURATION.RSEXTENSION.RESOURCES.DLL [Correcto]
MICROSOFT.SQLSERVER.CONFIGURATION.RULESENGINEEXTENSION.RESOURCES.DLL [Correcto]
MICROSOFT.SQLSERVER.CONFIGURATION.SAA_CONFIGEXTENSION.RESOURCES.DLL [Correcto]
MICROSOFT.SQLSERVER.CONFIGURATION.SCO.RESOURCES.DLL [Correcto]
MICROSOFT.SQLSERVER.CONFIGURATION.SCOEXTENSION.RESOURCES.DLL [Correcto]
MICROSOFT.SQLSERVER.CONFIGURATION.SETUPEXTENSION.RESOURCES.DLL [Correcto]
MICROSOFT.SQLSERVER.CONFIGURATION.SLPEXTENSION.RESOURCES.DLL [Correcto]
MICROSOFT.SQLSERVER.CONFIGURATION.SMARTSETUPEXTENSION.RESOURCES.DLL [Correcto]
MICROSOFT.SQLSERVER.CONFIGURATION.SMPY_CONFIGEXTENSION.RESOURCES.DLL [Correcto]
MICROSOFT.SQLSERVER.CONFIGURATION.SMR_CONFIGEXTENSION.RESOURCES.DLL [Correcto]
MICROSOFT.SQLSERVER.CONFIGURATION.SNISERVERCONFIGEXT.RESOURCES.DLL [Correcto]
MICROSOFT.SQLSERVER.CONFIGURATION.SQLBROWSEREXTENSION.RESOURCES.DLL [Correcto]
MICROSOFT.SQLSERVER.CONFIGURATION.SQLCONFIGBASE.RESOURCES.DLL [Correcto]
MICROSOFT.SQLSERVER.CONFIGURATION.SQLSERVER_CONFIGEXTENSION.RESOURCES.DLL [Correcto]
MICROSOFT.SQLSERVER.CONFIGURATION.SSISEXTENSION.RESOURCES.DLL [Correcto]
MICROSOFT.SQLSERVER.CONFIGURATION.UIEXTENSION.RESOURCES.DLL [Correcto]
MICROSOFT.SQLSERVER.CONFIGURATION.UTILITYEXTENSION.RESOURCES.DLL [Correcto]
MICROSOFT.SQLSERVER.CONFIGURATION.WIZARDFRAMEWORK.RESOURCES.DLL [Correcto]
MICROSOFT.SQLSERVER.CONFIGURATION.XTP.CONFIGEXTENSION.RESOURCES.DLL [Correcto]
MICROSOFT.SQLSERVER.CONNECTIONINFO.RESOURCES.DLL [Correcto]
MICROSOFT.SQLSERVER.DEPLOYMENT.RESOURCES.DLL [Correcto]
MICROSOFT.SQLSERVER.DISCOVERY.RESOURCES.DLL [Correcto]
MICROSOFT.SQLSERVER.DMF.COMMON.RESOURCES.DLL [Correcto]
MICROSOFT.SQLSERVER.DMF.RESOURCES.DLL [Correcto]
MICROSOFT.SQLSERVER.MANAGEMENT.CONTROLS.RESOURCES.DLL [Correcto]
MICROSOFT.SQLSERVER.MANAGEMENT.SDK.SFC.RESOURCES.DLL [Correcto]
MICROSOFT.SQLSERVER.SETUP.CHAINER.WORKFLOW.RESOURCES.DLL [Correcto]
MICROSOFT.SQLSERVER.SMO.RESOURCES.DLL [Correcto]
MICROSOFT.SQLSERVER.SQLENUM.RESOURCES.DLL [Correcto]

 Descomprimiendo archivos en C:\Program Files\Microsoft SQL Server\150\Setup Bootstrap\Update Cache\KB5090408\GDR\x64\it\

LANDINGPAGE.RESOURCES.DLL [Correcto]
MICROSOFT.NETENTERPRISESERVERS.EXCEPTIONMESSAGEBOX.RESOURCES.DLL [Correcto]
MICROSOFT.SQL.CHAINER.PACKAGE.RESOURCES.DLL [Correcto]
MICROSOFT.SQL.CHAINER.PRODUCT.RESOURCES.DLL [Correcto]
MICROSOFT.SQLSERVER.CHAINER.EXTENSIONCOMMON.RESOURCES.DLL [Correcto]
MICROSOFT.SQLSERVER.CHAINER.INFRASTRUCTURE.RESOURCES.DLL [Correcto]
MICROSOFT.SQLSERVER.CHAINER.SETUP.RESOURCES.DLL [Correcto]
MICROSOFT.SQLSERVER.CONFIGURATION.AGENTEXTENSION.RESOURCES.DLL [Correcto]
MICROSOFT.SQLSERVER.CONFIGURATION.ASEXTENSION.RESOURCES.DLL [Correcto]
MICROSOFT.SQLSERVER.CONFIGURATION.BOOTSTRAPEXTENSION.RESOURCES.DLL [Correcto]
MICROSOFT.SQLSERVER.CONFIGURATION.CLUSTER.RESOURCES.DLL [Correcto]
MICROSOFT.SQLSERVER.CONFIGURATION.CONFIGEXTENSION.RESOURCES.DLL [Correcto]
MICROSOFT.SQLSERVER.CONFIGURATION.DISTRIBUTEDREPLAYEXTENSION.RESOURCES.DLL [Correcto]
MICROSOFT.SQLSERVER.CONFIGURATION.EXTENSIBILITY_CONFIGEXTENSION.RESOURCES.DLL [Correcto]
MICROSOFT.SQLSERVER.CONFIGURATION.FULLTEXT_CONFIGEXTENSION.RESOURCES.DLL [Correcto]
MICROSOFT.SQLSERVER.CONFIGURATION.IMPY_CONFIGEXTENSION.RESOURCES.DLL [Correcto]
MICROSOFT.SQLSERVER.CONFIGURATION.IMR_CONFIGEXTENSION.RESOURCES.DLL [Correcto]
MICROSOFT.SQLSERVER.CONFIGURATION.INSTALLWIZARD.RESOURCES.DLL [Correcto]
MICROSOFT.SQLSERVER.CONFIGURATION.INSTALLWIZARDFRAMEWORK.RESOURCES.DLL [Correcto]
MICROSOFT.SQLSERVER.CONFIGURATION.ISMASTEREXTENSION.RESOURCES.DLL [Correcto]
MICROSOFT.SQLSERVER.CONFIGURATION.ISWORKEREXTENSION.RESOURCES.DLL [Correcto]
MICROSOFT.SQLSERVER.CONFIGURATION.MANAGEMENTTOOLSEXTENSION.RESOURCES.DLL [Correcto]
MICROSOFT.SQLSERVER.CONFIGURATION.MSIEXTENSION.RESOURCES.DLL [Correcto]
MICROSOFT.SQLSERVER.CONFIGURATION.POLYBASECONFIGEXTENSION.RESOURCES.DLL [Correcto]
MICROSOFT.SQLSERVER.CONFIGURATION.POWERSHELLEXTENSION.RESOURCES.DLL [Correcto]
MICROSOFT.SQLSERVER.CONFIGURATION.REPL_CONFIGEXTENSION.RESOURCES.DLL [Correcto]
MICROSOFT.SQLSERVER.CONFIGURATION.RESOURCES.DLL [Correcto]
MICROSOFT.SQLSERVER.CONFIGURATION.RSEXTENSION.RESOURCES.DLL [Correcto]
MICROSOFT.SQLSERVER.CONFIGURATION.RULESENGINEEXTENSION.RESOURCES.DLL [Correcto]
MICROSOFT.SQLSERVER.CONFIGURATION.SAA_CONFIGEXTENSION.RESOURCES.DLL [Correcto]
MICROSOFT.SQLSERVER.CONFIGURATION.SCO.RESOURCES.DLL [Correcto]
MICROSOFT.SQLSERVER.CONFIGURATION.SCOEXTENSION.RESOURCES.DLL [Correcto]
MICROSOFT.SQLSERVER.CONFIGURATION.SETUPEXTENSION.RESOURCES.DLL [Correcto]
MICROSOFT.SQLSERVER.CONFIGURATION.SLPEXTENSION.RESOURCES.DLL [Correcto]
MICROSOFT.SQLSERVER.CONFIGURATION.SMARTSETUPEXTENSION.RESOURCES.DLL [Correcto]
MICROSOFT.SQLSERVER.CONFIGURATION.SMPY_CONFIGEXTENSION.RESOURCES.DLL [Correcto]
MICROSOFT.SQLSERVER.CONFIGURATION.SMR_CONFIGEXTENSION.RESOURCES.DLL [Correcto]
MICROSOFT.SQLSERVER.CONFIGURATION.SNISERVERCONFIGEXT.RESOURCES.DLL [Correcto]
MICROSOFT.SQLSERVER.CONFIGURATION.SQLBROWSEREXTENSION.RESOURCES.DLL [Correcto]
MICROSOFT.SQLSERVER.CONFIGURATION.SQLCONFIGBASE.RESOURCES.DLL [Correcto]
MICROSOFT.SQLSERVER.CONFIGURATION.SQLSERVER_CONFIGEXTENSION.RESOURCES.DLL [Correcto]
MICROSOFT.SQLSERVER.CONFIGURATION.SSISEXTENSION.RESOURCES.DLL [Correcto]
MICROSOFT.SQLSERVER.CONFIGURATION.UIEXTENSION.RESOURCES.DLL [Correcto]
MICROSOFT.SQLSERVER.CONFIGURATION.UTILITYEXTENSION.RESOURCES.DLL [Correcto]
MICROSOFT.SQLSERVER.CONFIGURATION.WIZARDFRAMEWORK.RESOURCES.DLL [Correcto]
MICROSOFT.SQLSERVER.CONFIGURATION.XTP.CONFIGEXTENSION.RESOURCES.DLL [Correcto]
MICROSOFT.SQLSERVER.CONNECTIONINFO.RESOURCES.DLL [Correcto]
MICROSOFT.SQLSERVER.DEPLOYMENT.RESOURCES.DLL [Correcto]
MICROSOFT.SQLSERVER.DISCOVERY.RESOURCES.DLL [Correcto]
MICROSOFT.SQLSERVER.DMF.COMMON.RESOURCES.DLL [Correcto]
MICROSOFT.SQLSERVER.DMF.RESOURCES.DLL [Correcto]
MICROSOFT.SQLSERVER.MANAGEMENT.CONTROLS.RESOURCES.DLL [Correcto]
MICROSOFT.SQLSERVER.MANAGEMENT.SDK.SFC.RESOURCES.DLL [Correcto]
MICROSOFT.SQLSERVER.SETUP.CHAINER.WORKFLOW.RESOURCES.DLL [Correcto]
MICROSOFT.SQLSERVER.SMO.RESOURCES.DLL [Correcto]
MICROSOFT.SQLSERVER.SQLENUM.RESOURCES.DLL [Correcto]

 Descomprimiendo archivos en C:\Program Files\Microsoft SQL Server\150\Setup Bootstrap\Update Cache\KB5090408\GDR\x64\ja\

LANDINGPAGE.RESOURCES.DLL [Correcto]
MICROSOFT.NETENTERPRISESERVERS.EXCEPTIONMESSAGEBOX.RESOURCES.DLL [Correcto]
MICROSOFT.SQL.CHAINER.PACKAGE.RESOURCES.DLL [Correcto]
MICROSOFT.SQL.CHAINER.PRODUCT.RESOURCES.DLL [Correcto]
MICROSOFT.SQLSERVER.CHAINER.EXTENSIONCOMMON.RESOURCES.DLL [Correcto]
MICROSOFT.SQLSERVER.CHAINER.INFRASTRUCTURE.RESOURCES.DLL [Correcto]
MICROSOFT.SQLSERVER.CHAINER.SETUP.RESOURCES.DLL [Correcto]
MICROSOFT.SQLSERVER.CONFIGURATION.AGENTEXTENSION.RESOURCES.DLL [Correcto]
MICROSOFT.SQLSERVER.CONFIGURATION.ASEXTENSION.RESOURCES.DLL [Correcto]
MICROSOFT.SQLSERVER.CONFIGURATION.BOOTSTRAPEXTENSION.RESOURCES.DLL [Correcto]
MICROSOFT.SQLSERVER.CONFIGURATION.CLUSTER.RESOURCES.DLL [Correcto]
MICROSOFT.SQLSERVER.CONFIGURATION.CONFIGEXTENSION.RESOURCES.DLL [Correcto]
MICROSOFT.SQLSERVER.CONFIGURATION.DISTRIBUTEDREPLAYEXTENSION.RESOURCES.DLL [Correcto]
MICROSOFT.SQLSERVER.CONFIGURATION.EXTENSIBILITY_CONFIGEXTENSION.RESOURCES.DLL [Correcto]
MICROSOFT.SQLSERVER.CONFIGURATION.FULLTEXT_CONFIGEXTENSION.RESOURCES.DLL [Correcto]
MICROSOFT.SQLSERVER.CONFIGURATION.IMPY_CONFIGEXTENSION.RESOURCES.DLL [Correcto]
MICROSOFT.SQLSERVER.CONFIGURATION.IMR_CONFIGEXTENSION.RESOURCES.DLL [Correcto]
MICROSOFT.SQLSERVER.CONFIGURATION.INSTALLWIZARD.RESOURCES.DLL [Correcto]
MICROSOFT.SQLSERVER.CONFIGURATION.INSTALLWIZARDFRAMEWORK.RESOURCES.DLL [Correcto]
MICROSOFT.SQLSERVER.CONFIGURATION.ISMASTEREXTENSION.RESOURCES.DLL [Correcto]
MICROSOFT.SQLSERVER.CONFIGURATION.ISWORKEREXTENSION.RESOURCES.DLL [Correcto]
MICROSOFT.SQLSERVER.CONFIGURATION.MANAGEMENTTOOLSEXTENSION.RESOURCES.DLL [Correcto]
MICROSOFT.SQLSERVER.CONFIGURATION.MSIEXTENSION.RESOURCES.DLL [Correcto]
MICROSOFT.SQLSERVER.CONFIGURATION.POLYBASECONFIGEXTENSION.RESOURCES.DLL [Correcto]
MICROSOFT.SQLSERVER.CONFIGURATION.POLYBASEJAVACONFIGEXTENSION.RESOURCES.DLL [Correcto]
MICROSOFT.SQLSERVER.CONFIGURATION.POWERSHELLEXTENSION.RESOURCES.DLL [Correcto]
MICROSOFT.SQLSERVER.CONFIGURATION.REPL_CONFIGEXTENSION.RESOURCES.DLL [Correcto]
MICROSOFT.SQLSERVER.CONFIGURATION.RESOURCES.DLL [Correcto]
MICROSOFT.SQLSERVER.CONFIGURATION.RSEXTENSION.RESOURCES.DLL [Correcto]
MICROSOFT.SQLSERVER.CONFIGURATION.RULESENGINEEXTENSION.RESOURCES.DLL [Correcto]
MICROSOFT.SQLSERVER.CONFIGURATION.SAA_CONFIGEXTENSION.RESOURCES.DLL [Correcto]
MICROSOFT.SQLSERVER.CONFIGURATION.SCO.RESOURCES.DLL [Correcto]
MICROSOFT.SQLSERVER.CONFIGURATION.SCOEXTENSION.RESOURCES.DLL [Correcto]
MICROSOFT.SQLSERVER.CONFIGURATION.SETUPEXTENSION.RESOURCES.DLL [Correcto]
MICROSOFT.SQLSERVER.CONFIGURATION.SLPEXTENSION.RESOURCES.DLL [Correcto]
MICROSOFT.SQLSERVER.CONFIGURATION.SMARTSETUPEXTENSION.RESOURCES.DLL [Correcto]
MICROSOFT.SQLSERVER.CONFIGURATION.SMPY_CONFIGEXTENSION.RESOURCES.DLL [Correcto]
MICROSOFT.SQLSERVER.CONFIGURATION.SMR_CONFIGEXTENSION.RESOURCES.DLL [Correcto]
MICROSOFT.SQLSERVER.CONFIGURATION.SNISERVERCONFIGEXT.RESOURCES.DLL [Correcto]
MICROSOFT.SQLSERVER.CONFIGURATION.SQLBROWSEREXTENSION.RESOURCES.DLL [Correcto]
MICROSOFT.SQLSERVER.CONFIGURATION.SQLCONFIGBASE.RESOURCES.DLL [Correcto]
MICROSOFT.SQLSERVER.CONFIGURATION.SQLSERVER_CONFIGEXTENSION.RESOURCES.DLL [Correcto]
MICROSOFT.SQLSERVER.CONFIGURATION.SSISEXTENSION.RESOURCES.DLL [Correcto]
MICROSOFT.SQLSERVER.CONFIGURATION.UIEXTENSION.RESOURCES.DLL [Correcto]
MICROSOFT.SQLSERVER.CONFIGURATION.UTILITYEXTENSION.RESOURCES.DLL [Correcto]
MICROSOFT.SQLSERVER.CONFIGURATION.WIZARDFRAMEWORK.RESOURCES.DLL [Correcto]
MICROSOFT.SQLSERVER.CONFIGURATION.XTP.CONFIGEXTENSION.RESOURCES.DLL [Correcto]
MICROSOFT.SQLSERVER.CONNECTIONINFO.RESOURCES.DLL [Correcto]
MICROSOFT.SQLSERVER.DEPLOYMENT.RESOURCES.DLL [Correcto]
MICROSOFT.SQLSERVER.DISCOVERY.RESOURCES.DLL [Correcto]
MICROSOFT.SQLSERVER.DMF.COMMON.RESOURCES.DLL [Correcto]
MICROSOFT.SQLSERVER.DMF.RESOURCES.DLL [Correcto]
MICROSOFT.SQLSERVER.MANAGEMENT.CONTROLS.RESOURCES.DLL [Correcto]
MICROSOFT.SQLSERVER.MANAGEMENT.SDK.SFC.RESOURCES.DLL [Correcto]
MICROSOFT.SQLSERVER.SETUP.CHAINER.WORKFLOW.RESOURCES.DLL [Correcto]
MICROSOFT.SQLSERVER.SMO.RESOURCES.DLL [Correcto]
MICROSOFT.SQLSERVER.SQLENUM.RESOURCES.DLL [Correcto]

 Descomprimiendo archivos en C:\Program Files\Microsoft SQL Server\150\Setup Bootstrap\Update Cache\KB5090408\GDR\x64\ko\

LANDINGPAGE.RESOURCES.DLL [Correcto]
MICROSOFT.NETENTERPRISESERVERS.EXCEPTIONMESSAGEBOX.RESOURCES.DLL [Correcto]
MICROSOFT.SQL.CHAINER.PACKAGE.RESOURCES.DLL [Correcto]
MICROSOFT.SQL.CHAINER.PRODUCT.RESOURCES.DLL [Correcto]
MICROSOFT.SQLSERVER.CHAINER.EXTENSIONCOMMON.RESOURCES.DLL [Correcto]
MICROSOFT.SQLSERVER.CHAINER.INFRASTRUCTURE.RESOURCES.DLL [Correcto]
MICROSOFT.SQLSERVER.CHAINER.SETUP.RESOURCES.DLL [Correcto]
MICROSOFT.SQLSERVER.CONFIGURATION.AGENTEXTENSION.RESOURCES.DLL [Correcto]
MICROSOFT.SQLSERVER.CONFIGURATION.ASEXTENSION.RESOURCES.DLL [Correcto]
MICROSOFT.SQLSERVER.CONFIGURATION.BOOTSTRAPEXTENSION.RESOURCES.DLL [Correcto]
MICROSOFT.SQLSERVER.CONFIGURATION.CLUSTER.RESOURCES.DLL [Correcto]
MICROSOFT.SQLSERVER.CONFIGURATION.CONFIGEXTENSION.RESOURCES.DLL [Correcto]
MICROSOFT.SQLSERVER.CONFIGURATION.DISTRIBUTEDREPLAYEXTENSION.RESOURCES.DLL [Correcto]
MICROSOFT.SQLSERVER.CONFIGURATION.EXTENSIBILITY_CONFIGEXTENSION.RESOURCES.DLL [Correcto]
MICROSOFT.SQLSERVER.CONFIGURATION.FULLTEXT_CONFIGEXTENSION.RESOURCES.DLL [Correcto]
MICROSOFT.SQLSERVER.CONFIGURATION.IMPY_CONFIGEXTENSION.RESOURCES.DLL [Correcto]
MICROSOFT.SQLSERVER.CONFIGURATION.IMR_CONFIGEXTENSION.RESOURCES.DLL [Correcto]
MICROSOFT.SQLSERVER.CONFIGURATION.INSTALLWIZARD.RESOURCES.DLL [Correcto]
MICROSOFT.SQLSERVER.CONFIGURATION.INSTALLWIZARDFRAMEWORK.RESOURCES.DLL [Correcto]
MICROSOFT.SQLSERVER.CONFIGURATION.ISMASTEREXTENSION.RESOURCES.DLL [Correcto]
MICROSOFT.SQLSERVER.CONFIGURATION.ISWORKEREXTENSION.RESOURCES.DLL [Correcto]
MICROSOFT.SQLSERVER.CONFIGURATION.MANAGEMENTTOOLSEXTENSION.RESOURCES.DLL [Correcto]
MICROSOFT.SQLSERVER.CONFIGURATION.MSIEXTENSION.RESOURCES.DLL [Correcto]
MICROSOFT.SQLSERVER.CONFIGURATION.POLYBASECONFIGEXTENSION.RESOURCES.DLL [Correcto]
MICROSOFT.SQLSERVER.CONFIGURATION.POLYBASEJAVACONFIGEXTENSION.RESOURCES.DLL [Correcto]
MICROSOFT.SQLSERVER.CONFIGURATION.POWERSHELLEXTENSION.RESOURCES.DLL [Correcto]
MICROSOFT.SQLSERVER.CONFIGURATION.REPL_CONFIGEXTENSION.RESOURCES.DLL [Correcto]
MICROSOFT.SQLSERVER.CONFIGURATION.RESOURCES.DLL [Correcto]
MICROSOFT.SQLSERVER.CONFIGURATION.RSEXTENSION.RESOURCES.DLL [Correcto]
MICROSOFT.SQLSERVER.CONFIGURATION.RULESENGINEEXTENSION.RESOURCES.DLL [Correcto]
MICROSOFT.SQLSERVER.CONFIGURATION.SAA_CONFIGEXTENSION.RESOURCES.DLL [Correcto]
MICROSOFT.SQLSERVER.CONFIGURATION.SCO.RESOURCES.DLL [Correcto]
MICROSOFT.SQLSERVER.CONFIGURATION.SCOEXTENSION.RESOURCES.DLL [Correcto]
MICROSOFT.SQLSERVER.CONFIGURATION.SETUPEXTENSION.RESOURCES.DLL [Correcto]
MICROSOFT.SQLSERVER.CONFIGURATION.SLPEXTENSION.RESOURCES.DLL [Correcto]
MICROSOFT.SQLSERVER.CONFIGURATION.SMARTSETUPEXTENSION.RESOURCES.DLL [Correcto]
MICROSOFT.SQLSERVER.CONFIGURATION.SMPY_CONFIGEXTENSION.RESOURCES.DLL [Correcto]
MICROSOFT.SQLSERVER.CONFIGURATION.SMR_CONFIGEXTENSION.RESOURCES.DLL [Correcto]
MICROSOFT.SQLSERVER.CONFIGURATION.SNISERVERCONFIGEXT.RESOURCES.DLL [Correcto]
MICROSOFT.SQLSERVER.CONFIGURATION.SQLBROWSEREXTENSION.RESOURCES.DLL [Correcto]
MICROSOFT.SQLSERVER.CONFIGURATION.SQLCONFIGBASE.RESOURCES.DLL [Correcto]
MICROSOFT.SQLSERVER.CONFIGURATION.SQLSERVER_CONFIGEXTENSION.RESOURCES.DLL [Correcto]
MICROSOFT.SQLSERVER.CONFIGURATION.SSISEXTENSION.RESOURCES.DLL [Correcto]
MICROSOFT.SQLSERVER.CONFIGURATION.UIEXTENSION.RESOURCES.DLL [Correcto]
MICROSOFT.SQLSERVER.CONFIGURATION.UTILITYEXTENSION.RESOURCES.DLL [Correcto]
MICROSOFT.SQLSERVER.CONFIGURATION.WIZARDFRAMEWORK.RESOURCES.DLL [Correcto]
MICROSOFT.SQLSERVER.CONFIGURATION.XTP.CONFIGEXTENSION.RESOURCES.DLL [Correcto]
MICROSOFT.SQLSERVER.CONNECTIONINFO.RESOURCES.DLL [Correcto]
MICROSOFT.SQLSERVER.DEPLOYMENT.RESOURCES.DLL [Correcto]
MICROSOFT.SQLSERVER.DISCOVERY.RESOURCES.DLL [Correcto]
MICROSOFT.SQLSERVER.DMF.COMMON.RESOURCES.DLL [Correcto]
MICROSOFT.SQLSERVER.DMF.RESOURCES.DLL [Correcto]
MICROSOFT.SQLSERVER.MANAGEMENT.CONTROLS.RESOURCES.DLL [Correcto]
MICROSOFT.SQLSERVER.MANAGEMENT.SDK.SFC.RESOURCES.DLL [Correcto]
MICROSOFT.SQLSERVER.SETUP.CHAINER.WORKFLOW.RESOURCES.DLL [Correcto]
MICROSOFT.SQLSERVER.SMO.RESOURCES.DLL [Correcto]
MICROSOFT.SQLSERVER.SQLENUM.RESOURCES.DLL [Correcto]

 Descomprimiendo archivos en C:\Program Files\Microsoft SQL Server\150\Setup Bootstrap\Update Cache\KB5090408\GDR\x64\pt\

LANDINGPAGE.RESOURCES.DLL [Correcto]
MICROSOFT.NETENTERPRISESERVERS.EXCEPTIONMESSAGEBOX.RESOURCES.DLL [Correcto]
MICROSOFT.SQL.CHAINER.PACKAGE.RESOURCES.DLL [Correcto]
MICROSOFT.SQL.CHAINER.PRODUCT.RESOURCES.DLL [Correcto]
MICROSOFT.SQLSERVER.CHAINER.EXTENSIONCOMMON.RESOURCES.DLL [Correcto]
MICROSOFT.SQLSERVER.CHAINER.INFRASTRUCTURE.RESOURCES.DLL [Correcto]
MICROSOFT.SQLSERVER.CHAINER.SETUP.RESOURCES.DLL [Correcto]
MICROSOFT.SQLSERVER.CONFIGURATION.AGENTEXTENSION.RESOURCES.DLL [Correcto]
MICROSOFT.SQLSERVER.CONFIGURATION.ASEXTENSION.RESOURCES.DLL [Correcto]
MICROSOFT.SQLSERVER.CONFIGURATION.BOOTSTRAPEXTENSION.RESOURCES.DLL [Correcto]
MICROSOFT.SQLSERVER.CONFIGURATION.CLUSTER.RESOURCES.DLL [Correcto]
MICROSOFT.SQLSERVER.CONFIGURATION.CONFIGEXTENSION.RESOURCES.DLL [Correcto]
MICROSOFT.SQLSERVER.CONFIGURATION.DISTRIBUTEDREPLAYEXTENSION.RESOURCES.DLL [Correcto]
MICROSOFT.SQLSERVER.CONFIGURATION.EXTENSIBILITY_CONFIGEXTENSION.RESOURCES.DLL [Correcto]
MICROSOFT.SQLSERVER.CONFIGURATION.FULLTEXT_CONFIGEXTENSION.RESOURCES.DLL [Correcto]
MICROSOFT.SQLSERVER.CONFIGURATION.IMPY_CONFIGEXTENSION.RESOURCES.DLL [Correcto]
MICROSOFT.SQLSERVER.CONFIGURATION.IMR_CONFIGEXTENSION.RESOURCES.DLL [Correcto]
MICROSOFT.SQLSERVER.CONFIGURATION.INSTALLWIZARD.RESOURCES.DLL [Correcto]
MICROSOFT.SQLSERVER.CONFIGURATION.INSTALLWIZARDFRAMEWORK.RESOURCES.DLL [Correcto]
MICROSOFT.SQLSERVER.CONFIGURATION.ISMASTEREXTENSION.RESOURCES.DLL [Correcto]
MICROSOFT.SQLSERVER.CONFIGURATION.ISWORKEREXTENSION.RESOURCES.DLL [Correcto]
MICROSOFT.SQLSERVER.CONFIGURATION.MANAGEMENTTOOLSEXTENSION.RESOURCES.DLL [Correcto]
MICROSOFT.SQLSERVER.CONFIGURATION.MSIEXTENSION.RESOURCES.DLL [Correcto]
MICROSOFT.SQLSERVER.CONFIGURATION.POLYBASECONFIGEXTENSION.RESOURCES.DLL [Correcto]
MICROSOFT.SQLSERVER.CONFIGURATION.POLYBASEJAVACONFIGEXTENSION.RESOURCES.DLL [Correcto]
MICROSOFT.SQLSERVER.CONFIGURATION.POWERSHELLEXTENSION.RESOURCES.DLL [Correcto]
MICROSOFT.SQLSERVER.CONFIGURATION.REPL_CONFIGEXTENSION.RESOURCES.DLL [Correcto]
MICROSOFT.SQLSERVER.CONFIGURATION.RESOURCES.DLL [Correcto]
MICROSOFT.SQLSERVER.CONFIGURATION.RSEXTENSION.RESOURCES.DLL [Correcto]
MICROSOFT.SQLSERVER.CONFIGURATION.RULESENGINEEXTENSION.RESOURCES.DLL [Correcto]
MICROSOFT.SQLSERVER.CONFIGURATION.SAA_CONFIGEXTENSION.RESOURCES.DLL [Correcto]
MICROSOFT.SQLSERVER.CONFIGURATION.SCO.RESOURCES.DLL [Correcto]
MICROSOFT.SQLSERVER.CONFIGURATION.SCOEXTENSION.RESOURCES.DLL [Correcto]
MICROSOFT.SQLSERVER.CONFIGURATION.SETUPEXTENSION.RESOURCES.DLL [Correcto]
MICROSOFT.SQLSERVER.CONFIGURATION.SLPEXTENSION.RESOURCES.DLL [Correcto]
MICROSOFT.SQLSERVER.CONFIGURATION.SMARTSETUPEXTENSION.RESOURCES.DLL [Correcto]
MICROSOFT.SQLSERVER.CONFIGURATION.SMPY_CONFIGEXTENSION.RESOURCES.DLL [Correcto]
MICROSOFT.SQLSERVER.CONFIGURATION.SMR_CONFIGEXTENSION.RESOURCES.DLL [Correcto]
MICROSOFT.SQLSERVER.CONFIGURATION.SNISERVERCONFIGEXT.RESOURCES.DLL [Correcto]
MICROSOFT.SQLSERVER.CONFIGURATION.SQLBROWSEREXTENSION.RESOURCES.DLL [Correcto]
MICROSOFT.SQLSERVER.CONFIGURATION.SQLCONFIGBASE.RESOURCES.DLL [Correcto]
MICROSOFT.SQLSERVER.CONFIGURATION.SQLSERVER_CONFIGEXTENSION.RESOURCES.DLL [Correcto]
MICROSOFT.SQLSERVER.CONFIGURATION.SSISEXTENSION.RESOURCES.DLL [Correcto]
MICROSOFT.SQLSERVER.CONFIGURATION.UIEXTENSION.RESOURCES.DLL [Correcto]
MICROSOFT.SQLSERVER.CONFIGURATION.UTILITYEXTENSION.RESOURCES.DLL [Correcto]
MICROSOFT.SQLSERVER.CONFIGURATION.WIZARDFRAMEWORK.RESOURCES.DLL [Correcto]
MICROSOFT.SQLSERVER.CONFIGURATION.XTP.CONFIGEXTENSION.RESOURCES.DLL [Correcto]
MICROSOFT.SQLSERVER.CONNECTIONINFO.RESOURCES.DLL [Correcto]
MICROSOFT.SQLSERVER.DEPLOYMENT.RESOURCES.DLL [Correcto]
MICROSOFT.SQLSERVER.DISCOVERY.RESOURCES.DLL [Correcto]
MICROSOFT.SQLSERVER.DMF.COMMON.RESOURCES.DLL [Correcto]
MICROSOFT.SQLSERVER.DMF.RESOURCES.DLL [Correcto]
MICROSOFT.SQLSERVER.MANAGEMENT.CONTROLS.RESOURCES.DLL [Correcto]
MICROSOFT.SQLSERVER.MANAGEMENT.SDK.SFC.RESOURCES.DLL [Correcto]
MICROSOFT.SQLSERVER.SETUP.CHAINER.WORKFLOW.RESOURCES.DLL [Correcto]
MICROSOFT.SQLSERVER.SMO.RESOURCES.DLL [Correcto]
MICROSOFT.SQLSERVER.SQLENUM.RESOURCES.DLL [Correcto]

 Descomprimiendo archivos en C:\Program Files\Microsoft SQL Server\150\Setup Bootstrap\Update Cache\KB5090408\GDR\x64\ru\

LANDINGPAGE.RESOURCES.DLL [Correcto]
MICROSOFT.NETENTERPRISESERVERS.EXCEPTIONMESSAGEBOX.RESOURCES.DLL [Correcto]
MICROSOFT.SQL.CHAINER.PACKAGE.RESOURCES.DLL [Correcto]
MICROSOFT.SQL.CHAINER.PRODUCT.RESOURCES.DLL [Correcto]
MICROSOFT.SQLSERVER.CHAINER.EXTENSIONCOMMON.RESOURCES.DLL [Correcto]
MICROSOFT.SQLSERVER.CHAINER.INFRASTRUCTURE.RESOURCES.DLL [Correcto]
MICROSOFT.SQLSERVER.CHAINER.SETUP.RESOURCES.DLL [Correcto]
MICROSOFT.SQLSERVER.CONFIGURATION.AGENTEXTENSION.RESOURCES.DLL [Correcto]
MICROSOFT.SQLSERVER.CONFIGURATION.ASEXTENSION.RESOURCES.DLL [Correcto]
MICROSOFT.SQLSERVER.CONFIGURATION.BOOTSTRAPEXTENSION.RESOURCES.DLL [Correcto]
MICROSOFT.SQLSERVER.CONFIGURATION.CLUSTER.RESOURCES.DLL [Correcto]
MICROSOFT.SQLSERVER.CONFIGURATION.CONFIGEXTENSION.RESOURCES.DLL [Correcto]
MICROSOFT.SQLSERVER.CONFIGURATION.DISTRIBUTEDREPLAYEXTENSION.RESOURCES.DLL [Correcto]
MICROSOFT.SQLSERVER.CONFIGURATION.EXTENSIBILITY_CONFIGEXTENSION.RESOURCES.DLL [Correcto]
MICROSOFT.SQLSERVER.CONFIGURATION.FULLTEXT_CONFIGEXTENSION.RESOURCES.DLL [Correcto]
MICROSOFT.SQLSERVER.CONFIGURATION.IMPY_CONFIGEXTENSION.RESOURCES.DLL [Correcto]
MICROSOFT.SQLSERVER.CONFIGURATION.IMR_CONFIGEXTENSION.RESOURCES.DLL [Correcto]
MICROSOFT.SQLSERVER.CONFIGURATION.INSTALLWIZARD.RESOURCES.DLL [Correcto]
MICROSOFT.SQLSERVER.CONFIGURATION.INSTALLWIZARDFRAMEWORK.RESOURCES.DLL [Correcto]
MICROSOFT.SQLSERVER.CONFIGURATION.ISMASTEREXTENSION.RESOURCES.DLL [Correcto]
MICROSOFT.SQLSERVER.CONFIGURATION.ISWORKEREXTENSION.RESOURCES.DLL [Correcto]
MICROSOFT.SQLSERVER.CONFIGURATION.MANAGEMENTTOOLSEXTENSION.RESOURCES.DLL [Correcto]
MICROSOFT.SQLSERVER.CONFIGURATION.MSIEXTENSION.RESOURCES.DLL [Correcto]
MICROSOFT.SQLSERVER.CONFIGURATION.POLYBASECONFIGEXTENSION.RESOURCES.DLL [Correcto]
MICROSOFT.SQLSERVER.CONFIGURATION.POLYBASEJAVACONFIGEXTENSION.RESOURCES.DLL [Correcto]
MICROSOFT.SQLSERVER.CONFIGURATION.POWERSHELLEXTENSION.RESOURCES.DLL [Correcto]
MICROSOFT.SQLSERVER.CONFIGURATION.REPL_CONFIGEXTENSION.RESOURCES.DLL [Correcto]
MICROSOFT.SQLSERVER.CONFIGURATION.RESOURCES.DLL [Correcto]
MICROSOFT.SQLSERVER.CONFIGURATION.RSEXTENSION.RESOURCES.DLL [Correcto]
MICROSOFT.SQLSERVER.CONFIGURATION.RULESENGINEEXTENSION.RESOURCES.DLL [Correcto]
MICROSOFT.SQLSERVER.CONFIGURATION.SAA_CONFIGEXTENSION.RESOURCES.DLL [Correcto]
MICROSOFT.SQLSERVER.CONFIGURATION.SCO.RESOURCES.DLL [Correcto]
MICROSOFT.SQLSERVER.CONFIGURATION.SCOEXTENSION.RESOURCES.DLL [Correcto]
MICROSOFT.SQLSERVER.CONFIGURATION.SETUPEXTENSION.RESOURCES.DLL [Correcto]
MICROSOFT.SQLSERVER.CONFIGURATION.SLPEXTENSION.RESOURCES.DLL [Correcto]
MICROSOFT.SQLSERVER.CONFIGURATION.SMARTSETUPEXTENSION.RESOURCES.DLL [Correcto]
MICROSOFT.SQLSERVER.CONFIGURATION.SMPY_CONFIGEXTENSION.RESOURCES.DLL [Correcto]
MICROSOFT.SQLSERVER.CONFIGURATION.SMR_CONFIGEXTENSION.RESOURCES.DLL [Correcto]
MICROSOFT.SQLSERVER.CONFIGURATION.SNISERVERCONFIGEXT.RESOURCES.DLL [Correcto]
MICROSOFT.SQLSERVER.CONFIGURATION.SQLBROWSEREXTENSION.RESOURCES.DLL [Correcto]
MICROSOFT.SQLSERVER.CONFIGURATION.SQLCONFIGBASE.RESOURCES.DLL [Correcto]
MICROSOFT.SQLSERVER.CONFIGURATION.SQLSERVER_CONFIGEXTENSION.RESOURCES.DLL [Correcto]
MICROSOFT.SQLSERVER.CONFIGURATION.SSISEXTENSION.RESOURCES.DLL [Correcto]
MICROSOFT.SQLSERVER.CONFIGURATION.UIEXTENSION.RESOURCES.DLL [Correcto]
MICROSOFT.SQLSERVER.CONFIGURATION.UTILITYEXTENSION.RESOURCES.DLL [Correcto]
MICROSOFT.SQLSERVER.CONFIGURATION.WIZARDFRAMEWORK.RESOURCES.DLL [Correcto]
MICROSOFT.SQLSERVER.CONFIGURATION.XTP.CONFIGEXTENSION.RESOURCES.DLL [Correcto]
MICROSOFT.SQLSERVER.CONNECTIONINFO.RESOURCES.DLL [Correcto]
MICROSOFT.SQLSERVER.DEPLOYMENT.RESOURCES.DLL [Correcto]
MICROSOFT.SQLSERVER.DISCOVERY.RESOURCES.DLL [Correcto]
MICROSOFT.SQLSERVER.DMF.COMMON.RESOURCES.DLL [Correcto]
MICROSOFT.SQLSERVER.DMF.RESOURCES.DLL [Correcto]
MICROSOFT.SQLSERVER.MANAGEMENT.CONTROLS.RESOURCES.DLL [Correcto]
MICROSOFT.SQLSERVER.MANAGEMENT.SDK.SFC.RESOURCES.DLL [Correcto]
MICROSOFT.SQLSERVER.SETUP.CHAINER.WORKFLOW.RESOURCES.DLL [Correcto]
MICROSOFT.SQLSERVER.SMO.RESOURCES.DLL [Correcto]
MICROSOFT.SQLSERVER.SQLENUM.RESOURCES.DLL [Correcto]

 Descomprimiendo archivos en C:\Program Files\Microsoft SQL Server\150\Setup Bootstrap\Update Cache\KB5090408\GDR\x64\Setup\

SQL_AS.MSP [Correcto]
SQL_COMMON_CORE.MSP [Correcto]
SQL_DQ.MSP [Correcto]
SQL_DQ_COMMON.MSP [Correcto]
SQL_DREPLAY_CLIENT.MSP [Correcto]
SQL_DREPLAY_CONTROLLER.MSP [Correcto]
SQL_ENGINE_CORE_INST.MSP [Correcto]
SQL_ENGINE_CORE_SHARED.MSP [Correcto]
SQL_EXTENSIBILITY.MSP [Correcto]
SQL_INST_MPY.MSP [Correcto]
SQL_INST_MR.MSP [Correcto]
SQL_IS.MSP [Correcto]
SQL_IS_MASTER.MSP [Correcto]
SQL_IS_WORKER.MSP [Correcto]
SQL_POLYBASE_CORE_INST.MSP [Correcto]
SQL_POLYBASE_JAVA_INST.MSP [Correcto]
SQL_SHARED_MPY.MSP [Correcto]
SQL_SHARED_MR.MSP [Correcto]
SQL_TOOLS_EXTENSIONS.MSP [Correcto]
SQL_XEVENT.MSP [Correcto]

 Descomprimiendo archivos en C:\Program Files\Microsoft SQL Server\150\Setup Bootstrap\Update Cache\KB5090408\GDR\x64\zh-chs\

MICROSOFT.SQLSERVER.MANAGEMENT.CONTROLS.RESOURCES.DLL [Correcto]

 Descomprimiendo archivos en C:\Program Files\Microsoft SQL Server\150\Setup Bootstrap\Update Cache\KB5090408\GDR\x64\zh-cht\

MICROSOFT.SQLSERVER.MANAGEMENT.CONTROLS.RESOURCES.DLL [Correcto]

 Descomprimiendo archivos en C:\Program Files\Microsoft SQL Server\150\Setup Bootstrap\Update Cache\KB5090408\GDR\x64\zh-Hans\

LANDINGPAGE.RESOURCES.DLL [Correcto]
MICROSOFT.NETENTERPRISESERVERS.EXCEPTIONMESSAGEBOX.RESOURCES.DLL [Correcto]
MICROSOFT.SQL.CHAINER.PACKAGE.RESOURCES.DLL [Correcto]
MICROSOFT.SQL.CHAINER.PRODUCT.RESOURCES.DLL [Correcto]
MICROSOFT.SQLSERVER.CHAINER.EXTENSIONCOMMON.RESOURCES.DLL [Correcto]
MICROSOFT.SQLSERVER.CHAINER.INFRASTRUCTURE.RESOURCES.DLL [Correcto]
MICROSOFT.SQLSERVER.CHAINER.SETUP.RESOURCES.DLL [Correcto]
MICROSOFT.SQLSERVER.CONFIGURATION.AGENTEXTENSION.RESOURCES.DLL [Correcto]
MICROSOFT.SQLSERVER.CONFIGURATION.ASEXTENSION.RESOURCES.DLL [Correcto]
MICROSOFT.SQLSERVER.CONFIGURATION.BOOTSTRAPEXTENSION.RESOURCES.DLL [Correcto]
MICROSOFT.SQLSERVER.CONFIGURATION.CLUSTER.RESOURCES.DLL [Correcto]
MICROSOFT.SQLSERVER.CONFIGURATION.CONFIGEXTENSION.RESOURCES.DLL [Correcto]
MICROSOFT.SQLSERVER.CONFIGURATION.DISTRIBUTEDREPLAYEXTENSION.RESOURCES.DLL [Correcto]
MICROSOFT.SQLSERVER.CONFIGURATION.EXTENSIBILITY_CONFIGEXTENSION.RESOURCES.DLL [Correcto]
MICROSOFT.SQLSERVER.CONFIGURATION.FULLTEXT_CONFIGEXTENSION.RESOURCES.DLL [Correcto]
MICROSOFT.SQLSERVER.CONFIGURATION.IMPY_CONFIGEXTENSION.RESOURCES.DLL [Correcto]
MICROSOFT.SQLSERVER.CONFIGURATION.IMR_CONFIGEXTENSION.RESOURCES.DLL [Correcto]
MICROSOFT.SQLSERVER.CONFIGURATION.INSTALLWIZARD.RESOURCES.DLL [Correcto]
MICROSOFT.SQLSERVER.CONFIGURATION.INSTALLWIZARDFRAMEWORK.RESOURCES.DLL [Correcto]
MICROSOFT.SQLSERVER.CONFIGURATION.ISMASTEREXTENSION.RESOURCES.DLL [Correcto]
MICROSOFT.SQLSERVER.CONFIGURATION.ISWORKEREXTENSION.RESOURCES.DLL [Correcto]
MICROSOFT.SQLSERVER.CONFIGURATION.MANAGEMENTTOOLSEXTENSION.RESOURCES.DLL [Correcto]
MICROSOFT.SQLSERVER.CONFIGURATION.MSIEXTENSION.RESOURCES.DLL [Correcto]
MICROSOFT.SQLSERVER.CONFIGURATION.POLYBASECONFIGEXTENSION.RESOURCES.DLL [Correcto]
MICROSOFT.SQLSERVER.CONFIGURATION.POLYBASEJAVACONFIGEXTENSION.RESOURCES.DLL [Correcto]
MICROSOFT.SQLSERVER.CONFIGURATION.POWERSHELLEXTENSION.RESOURCES.DLL [Correcto]
MICROSOFT.SQLSERVER.CONFIGURATION.REPL_CONFIGEXTENSION.RESOURCES.DLL [Correcto]
MICROSOFT.SQLSERVER.CONFIGURATION.RESOURCES.DLL [Correcto]
MICROSOFT.SQLSERVER.CONFIGURATION.RSEXTENSION.RESOURCES.DLL [Correcto]
MICROSOFT.SQLSERVER.CONFIGURATION.RULESENGINEEXTENSION.RESOURCES.DLL [Correcto]
MICROSOFT.SQLSERVER.CONFIGURATION.SAA_CONFIGEXTENSION.RESOURCES.DLL [Correcto]
MICROSOFT.SQLSERVER.CONFIGURATION.SCO.RESOURCES.DLL [Correcto]
MICROSOFT.SQLSERVER.CONFIGURATION.SCOEXTENSION.RESOURCES.DLL [Correcto]
MICROSOFT.SQLSERVER.CONFIGURATION.SETUPEXTENSION.RESOURCES.DLL [Correcto]
MICROSOFT.SQLSERVER.CONFIGURATION.SLPEXTENSION.RESOURCES.DLL [Correcto]
MICROSOFT.SQLSERVER.CONFIGURATION.SMARTSETUPEXTENSION.RESOURCES.DLL [Correcto]
MICROSOFT.SQLSERVER.CONFIGURATION.SMPY_CONFIGEXTENSION.RESOURCES.DLL [Correcto]
MICROSOFT.SQLSERVER.CONFIGURATION.SMR_CONFIGEXTENSION.RESOURCES.DLL [Correcto]
MICROSOFT.SQLSERVER.CONFIGURATION.SNISERVERCONFIGEXT.RESOURCES.DLL [Correcto]
MICROSOFT.SQLSERVER.CONFIGURATION.SQLBROWSEREXTENSION.RESOURCES.DLL [Correcto]
MICROSOFT.SQLSERVER.CONFIGURATION.SQLCONFIGBASE.RESOURCES.DLL [Correcto]
MICROSOFT.SQLSERVER.CONFIGURATION.SQLSERVER_CONFIGEXTENSION.RESOURCES.DLL [Correcto]
MICROSOFT.SQLSERVER.CONFIGURATION.SSISEXTENSION.RESOURCES.DLL [Correcto]
MICROSOFT.SQLSERVER.CONFIGURATION.UIEXTENSION.RESOURCES.DLL [Correcto]
MICROSOFT.SQLSERVER.CONFIGURATION.UTILITYEXTENSION.RESOURCES.DLL [Correcto]
MICROSOFT.SQLSERVER.CONFIGURATION.WIZARDFRAMEWORK.RESOURCES.DLL [Correcto]
MICROSOFT.SQLSERVER.CONFIGURATION.XTP.CONFIGEXTENSION.RESOURCES.DLL [Correcto]
MICROSOFT.SQLSERVER.CONNECTIONINFO.RESOURCES.DLL [Correcto]
MICROSOFT.SQLSERVER.DEPLOYMENT.RESOURCES.DLL [Correcto]
MICROSOFT.SQLSERVER.DISCOVERY.RESOURCES.DLL [Correcto]
MICROSOFT.SQLSERVER.DMF.COMMON.RESOURCES.DLL [Correcto]
MICROSOFT.SQLSERVER.DMF.RESOURCES.DLL [Correcto]
MICROSOFT.SQLSERVER.MANAGEMENT.SDK.SFC.RESOURCES.DLL [Correcto]
MICROSOFT.SQLSERVER.SETUP.CHAINER.WORKFLOW.RESOURCES.DLL [Correcto]
MICROSOFT.SQLSERVER.SMO.RESOURCES.DLL [Correcto]
MICROSOFT.SQLSERVER.SQLENUM.RESOURCES.DLL [Correcto]

 Descomprimiendo archivos en C:\Program Files\Microsoft SQL Server\150\Setup Bootstrap\Update Cache\KB5090408\GDR\x64\zh-Hant\

LANDINGPAGE.RESOURCES.DLL [Correcto]
MICROSOFT.NETENTERPRISESERVERS.EXCEPTIONMESSAGEBOX.RESOURCES.DLL [Correcto]
MICROSOFT.SQL.CHAINER.PACKAGE.RESOURCES.DLL [Correcto]
MICROSOFT.SQL.CHAINER.PRODUCT.RESOURCES.DLL [Correcto]
MICROSOFT.SQLSERVER.CHAINER.EXTENSIONCOMMON.RESOURCES.DLL [Correcto]
MICROSOFT.SQLSERVER.CHAINER.INFRASTRUCTURE.RESOURCES.DLL [Correcto]
MICROSOFT.SQLSERVER.CHAINER.SETUP.RESOURCES.DLL [Correcto]
MICROSOFT.SQLSERVER.CONFIGURATION.AGENTEXTENSION.RESOURCES.DLL [Correcto]
MICROSOFT.SQLSERVER.CONFIGURATION.ASEXTENSION.RESOURCES.DLL [Correcto]
MICROSOFT.SQLSERVER.CONFIGURATION.BOOTSTRAPEXTENSION.RESOURCES.DLL [Correcto]
MICROSOFT.SQLSERVER.CONFIGURATION.CLUSTER.RESOURCES.DLL [Correcto]
MICROSOFT.SQLSERVER.CONFIGURATION.CONFIGEXTENSION.RESOURCES.DLL [Correcto]
MICROSOFT.SQLSERVER.CONFIGURATION.DISTRIBUTEDREPLAYEXTENSION.RESOURCES.DLL [Correcto]
MICROSOFT.SQLSERVER.CONFIGURATION.EXTENSIBILITY_CONFIGEXTENSION.RESOURCES.DLL [Correcto]
MICROSOFT.SQLSERVER.CONFIGURATION.FULLTEXT_CONFIGEXTENSION.RESOURCES.DLL [Correcto]
MICROSOFT.SQLSERVER.CONFIGURATION.IMPY_CONFIGEXTENSION.RESOURCES.DLL [Correcto]
MICROSOFT.SQLSERVER.CONFIGURATION.IMR_CONFIGEXTENSION.RESOURCES.DLL [Correcto]
MICROSOFT.SQLSERVER.CONFIGURATION.INSTALLWIZARD.RESOURCES.DLL [Correcto]
MICROSOFT.SQLSERVER.CONFIGURATION.INSTALLWIZARDFRAMEWORK.RESOURCES.DLL [Correcto]
MICROSOFT.SQLSERVER.CONFIGURATION.ISMASTEREXTENSION.RESOURCES.DLL [Correcto]
MICROSOFT.SQLSERVER.CONFIGURATION.ISWORKEREXTENSION.RESOURCES.DLL [Correcto]
MICROSOFT.SQLSERVER.CONFIGURATION.MANAGEMENTTOOLSEXTENSION.RESOURCES.DLL [Correcto]
MICROSOFT.SQLSERVER.CONFIGURATION.MSIEXTENSION.RESOURCES.DLL [Correcto]
MICROSOFT.SQLSERVER.CONFIGURATION.POLYBASECONFIGEXTENSION.RESOURCES.DLL [Correcto]
MICROSOFT.SQLSERVER.CONFIGURATION.POLYBASEJAVACONFIGEXTENSION.RESOURCES.DLL [Correcto]
MICROSOFT.SQLSERVER.CONFIGURATION.POWERSHELLEXTENSION.RESOURCES.DLL [Correcto]
MICROSOFT.SQLSERVER.CONFIGURATION.REPL_CONFIGEXTENSION.RESOURCES.DLL [Correcto]
MICROSOFT.SQLSERVER.CONFIGURATION.RESOURCES.DLL [Correcto]
MICROSOFT.SQLSERVER.CONFIGURATION.RSEXTENSION.RESOURCES.DLL [Correcto]
MICROSOFT.SQLSERVER.CONFIGURATION.RULESENGINEEXTENSION.RESOURCES.DLL [Correcto]
MICROSOFT.SQLSERVER.CONFIGURATION.SAA_CONFIGEXTENSION.RESOURCES.DLL [Correcto]
MICROSOFT.SQLSERVER.CONFIGURATION.SCO.RESOURCES.DLL [Correcto]
MICROSOFT.SQLSERVER.CONFIGURATION.SCOEXTENSION.RESOURCES.DLL [Correcto]
MICROSOFT.SQLSERVER.CONFIGURATION.SETUPEXTENSION.RESOURCES.DLL [Correcto]
MICROSOFT.SQLSERVER.CONFIGURATION.SLPEXTENSION.RESOURCES.DLL [Correcto]
MICROSOFT.SQLSERVER.CONFIGURATION.SMARTSETUPEXTENSION.RESOURCES.DLL [Correcto]
MICROSOFT.SQLSERVER.CONFIGURATION.SMPY_CONFIGEXTENSION.RESOURCES.DLL [Correcto]
MICROSOFT.SQLSERVER.CONFIGURATION.SMR_CONFIGEXTENSION.RESOURCES.DLL [Correcto]
MICROSOFT.SQLSERVER.CONFIGURATION.SNISERVERCONFIGEXT.RESOURCES.DLL [Correcto]
MICROSOFT.SQLSERVER.CONFIGURATION.SQLBROWSEREXTENSION.RESOURCES.DLL [Correcto]
MICROSOFT.SQLSERVER.CONFIGURATION.SQLCONFIGBASE.RESOURCES.DLL [Correcto]
MICROSOFT.SQLSERVER.CONFIGURATION.SQLSERVER_CONFIGEXTENSION.RESOURCES.DLL [Correcto]
MICROSOFT.SQLSERVER.CONFIGURATION.SSISEXTENSION.RESOURCES.DLL [Correcto]
MICROSOFT.SQLSERVER.CONFIGURATION.UIEXTENSION.RESOURCES.DLL [Correcto]
MICROSOFT.SQLSERVER.CONFIGURATION.UTILITYEXTENSION.RESOURCES.DLL [Correcto]
MICROSOFT.SQLSERVER.CONFIGURATION.WIZARDFRAMEWORK.RESOURCES.DLL [Correcto]
MICROSOFT.SQLSERVER.CONFIGURATION.XTP.CONFIGEXTENSION.RESOURCES.DLL [Correcto]
MICROSOFT.SQLSERVER.CONNECTIONINFO.RESOURCES.DLL [Correcto]
MICROSOFT.SQLSERVER.DEPLOYMENT.RESOURCES.DLL [Correcto]
MICROSOFT.SQLSERVER.DISCOVERY.RESOURCES.DLL [Correcto]
MICROSOFT.SQLSERVER.DMF.COMMON.RESOURCES.DLL [Correcto]
MICROSOFT.SQLSERVER.DMF.RESOURCES.DLL [Correcto]
MICROSOFT.SQLSERVER.MANAGEMENT.SDK.SFC.RESOURCES.DLL [Correcto]
MICROSOFT.SQLSERVER.SETUP.CHAINER.WORKFLOW.RESOURCES.DLL [Correcto]
MICROSOFT.SQLSERVER.SMO.RESOURCES.DLL [Correcto]
MICROSOFT.SQLSERVER.SQLENUM.RESOURCES.DLL [Correcto]

 Descomprimiendo archivos en C:\Program Files\Microsoft SQL Server\150\Shared\

1033 [Correcto]
3082 [Correcto]
en [Correcto]
ErrorDumps [Correcto]
es [Correcto]
hkengperfctr.xml [Correcto]
hkengperfctrs.dll [Correcto]
C:\Program Files\Microsoft SQL Server\150\Shared\instapi150.dll: El proceso no tiene acceso al archivo porque est� siendo utilizado por otro proceso.
isacctchange.dll [Correcto]
Microsoft.SqlServer.Management.Controls.dll [Correcto]
Microsoft.SqlServer.XE.Core.dll [Correcto]
Microsoft.SqlServer.XEvent.Linq.dll [Correcto]
msasxpress.dll [Correcto]
msxmlsql.dll [Correcto]
pbsvcacctsync.dll [Correcto]
Resources [Correcto]
RsFxInstall [Correcto]
sqlboot.dll [Correcto]
SqlDumper.exe [Correcto]
sqlftacct.dll [Correcto]
sqlmgmprovider.dll [Correcto]
sqlsecacctchg.dll [Correcto]
sqlsvcsync.dll [Correcto]
SqlWtsn.exe [Correcto]
SqlWtsn.exe.config [Correcto]
svrenumapi150.dll [Correcto]
xe.dll [Correcto]

 Descomprimiendo archivos en C:\Program Files\Microsoft SQL Server\150\Shared\1033\

sqlnclirdar11.rll [Correcto]

 Descomprimiendo archivos en C:\Program Files\Microsoft SQL Server\150\Shared\3082\

sqlnclirdar11.rll [Correcto]

 Descomprimiendo archivos en C:\Program Files\Microsoft SQL Server\150\Shared\en\

xepackage0.rll [Correcto]

 Descomprimiendo archivos en C:\Program Files\Microsoft SQL Server\150\Shared\ErrorDumps\


 Descomprimiendo archivos en C:\Program Files\Microsoft SQL Server\150\Shared\es\

Microsoft.SqlServer.Management.Controls.resources.dll [Correcto]
Microsoft.SqlServer.XEvent.Linq.resources.dll [Correcto]
sqlwtsn.resources.dll [Correcto]
xepackage0.rll [Correcto]

 Descomprimiendo archivos en C:\Program Files\Microsoft SQL Server\150\Shared\Resources\

1033 [Correcto]
3082 [Correcto]

 Descomprimiendo archivos en C:\Program Files\Microsoft SQL Server\150\Shared\Resources\1033\

msxmlsql.rll [Correcto]
sqlmgmprovider.rll [Correcto]

 Descomprimiendo archivos en C:\Program Files\Microsoft SQL Server\150\Shared\Resources\3082\

msxmlsql.rll [Correcto]
sqlmgmprovider.rll [Correcto]

 Descomprimiendo archivos en C:\Program Files\Microsoft SQL Server\150\Shared\RsFxInstall\

RsFx0600.inf [Correcto]

 Descomprimiendo archivos en C:\Program Files\Microsoft SQL Server\150\SSEI\

LogFiles [Correcto]
Resources [Correcto]

 Descomprimiendo archivos en C:\Program Files\Microsoft SQL Server\150\SSEI\LogFiles\

Detail.txt [Correcto]
SSEI-Eval_20251229132540.txt [Correcto]
SSEI-Eval_20251229132630.txt [Correcto]
SSEI-Eval_20251229133039.txt [Correcto]
SSEI-Eval_20251229181230.txt [Correcto]
SSEI-Eval_20251229210416.txt [Correcto]
Summary_WIN-9PR5MB1L82U_20251229_133624.txt [Correcto]

 Descomprimiendo archivos en C:\Program Files\Microsoft SQL Server\150\SSEI\Resources\

Antes de comenzar.html [Correcto]
InstallSummary_MSSQLSERVER.html [Correcto]
Introducci�n a SQL Server.html [Correcto]

 Descomprimiendo archivos en C:\Program Files\Microsoft SQL Server\150\Tools\

Binn [Correcto]

 Descomprimiendo archivos en C:\Program Files\Microsoft SQL Server\150\Tools\Binn\

es [Correcto]
OSQL.EXE [Correcto]
Resources [Correcto]
SQLdiag.exe [Correcto]
SqlLogShip.exe [Correcto]
SqlLogShip.exe.config [Correcto]
SqlManager.dll [Correcto]
sqlresld.dll [Correcto]
SqlResourceLoader.dll [Correcto]
SQLSCM.DLL [Correcto]
SQLSVC.DLL [Correcto]
xmlrw.dll [Correcto]

 Descomprimiendo archivos en C:\Program Files\Microsoft SQL Server\150\Tools\Binn\es\

SQLLogShip.Resources.dll [Correcto]

 Descomprimiendo archivos en C:\Program Files\Microsoft SQL Server\150\Tools\Binn\Resources\

1033 [Correcto]
3082 [Correcto]

 Descomprimiendo archivos en C:\Program Files\Microsoft SQL Server\150\Tools\Binn\Resources\1033\

osql.rll [Correcto]
s11ch_configmgr.chm [Correcto]
sqlcm.xml [Correcto]
SQLDIAG.rll [Correcto]
SqlManager.rll [Correcto]
SQLSVC.RLL [Correcto]

 Descomprimiendo archivos en C:\Program Files\Microsoft SQL Server\150\Tools\Binn\Resources\3082\

osql.rll [Correcto]
s11ch_configmgr.chm [Correcto]
sqlcm.xml [Correcto]
SQLDIAG.rll [Correcto]
SqlManager.rll [Correcto]
SQLSVC.RLL [Correcto]

 Descomprimiendo archivos en C:\Program Files\Microsoft SQL Server\80\

COM [Correcto]
Tools [Correcto]

 Descomprimiendo archivos en C:\Program Files\Microsoft SQL Server\80\COM\

sqlvdi.dll [Correcto]

 Descomprimiendo archivos en C:\Program Files\Microsoft SQL Server\80\Tools\

Binn [Correcto]

 Descomprimiendo archivos en C:\Program Files\Microsoft SQL Server\80\Tools\Binn\

sqlvdi.dll [Correcto]

 Descomprimiendo archivos en C:\Program Files\Microsoft SQL Server\90\

License Terms [Correcto]
Shared [Correcto]

 Descomprimiendo archivos en C:\Program Files\Microsoft SQL Server\90\License Terms\

3082 [Correcto]

 Descomprimiendo archivos en C:\Program Files\Microsoft SQL Server\90\License Terms\3082\

license_SQLWriter.txt [Correcto]

 Descomprimiendo archivos en C:\Program Files\Microsoft SQL Server\90\Shared\

Resources [Correcto]
C:\Program Files\Microsoft SQL Server\90\Shared\sqlwriter.exe: El proceso no tiene acceso al archivo porque est� siendo utilizado por otro proceso.
SqlWriterConfig.ini [Correcto]
SqlWriterLogger.txt [Correcto]
C:\Program Files\Microsoft SQL Server\90\Shared\sqlwvss.dll: El proceso no tiene acceso al archivo porque est� siendo utilizado por otro proceso.
sqlwvss_xp.dll [Correcto]

 Descomprimiendo archivos en C:\Program Files\Microsoft SQL Server\90\Shared\Resources\

3082 [Correcto]

 Descomprimiendo archivos en C:\Program Files\Microsoft SQL Server\90\Shared\Resources\3082\

sqlwriter.rll [Correcto]

 Descomprimiendo archivos en C:\Program Files\Microsoft SQL Server\Client SDK\

ODBC [Correcto]
OLEDB [Correcto]

 Descomprimiendo archivos en C:\Program Files\Microsoft SQL Server\Client SDK\ODBC\

170 [Correcto]
180 [Correcto]

 Descomprimiendo archivos en C:\Program Files\Microsoft SQL Server\Client SDK\ODBC\170\

KeyFile [Correcto]
License Terms [Correcto]
SDK [Correcto]
Tools [Correcto]

 Descomprimiendo archivos en C:\Program Files\Microsoft SQL Server\Client SDK\ODBC\170\KeyFile\

1033 [Correcto]

 Descomprimiendo archivos en C:\Program Files\Microsoft SQL Server\Client SDK\ODBC\170\KeyFile\1033\

sqlodbc_keyfile.dll [Correcto]

 Descomprimiendo archivos en C:\Program Files\Microsoft SQL Server\Client SDK\ODBC\170\License Terms\

License_msodbcsql_ENU.txt [Correcto]

 Descomprimiendo archivos en C:\Program Files\Microsoft SQL Server\Client SDK\ODBC\170\SDK\

Include [Correcto]
Lib [Correcto]

 Descomprimiendo archivos en C:\Program Files\Microsoft SQL Server\Client SDK\ODBC\170\SDK\Include\

msodbcsql.h [Correcto]

 Descomprimiendo archivos en C:\Program Files\Microsoft SQL Server\Client SDK\ODBC\170\SDK\Lib\

x64 [Correcto]
x86 [Correcto]

 Descomprimiendo archivos en C:\Program Files\Microsoft SQL Server\Client SDK\ODBC\170\SDK\Lib\x64\

msodbcsql17.lib [Correcto]

 Descomprimiendo archivos en C:\Program Files\Microsoft SQL Server\Client SDK\ODBC\170\SDK\Lib\x86\

msodbcsql17.lib [Correcto]

 Descomprimiendo archivos en C:\Program Files\Microsoft SQL Server\Client SDK\ODBC\170\Tools\

Binn [Correcto]

 Descomprimiendo archivos en C:\Program Files\Microsoft SQL Server\Client SDK\ODBC\170\Tools\Binn\

batchparser.dll [Correcto]
bcp.exe [Correcto]
Resources [Correcto]
SQLCMD.EXE [Correcto]

 Descomprimiendo archivos en C:\Program Files\Microsoft SQL Server\Client SDK\ODBC\170\Tools\Binn\Resources\

1033 [Correcto]
3082 [Correcto]

 Descomprimiendo archivos en C:\Program Files\Microsoft SQL Server\Client SDK\ODBC\170\Tools\Binn\Resources\1033\

bcp.rll [Correcto]
license_SQLCMD.txt [Correcto]
SQLCMD.rll [Correcto]

 Descomprimiendo archivos en C:\Program Files\Microsoft SQL Server\Client SDK\ODBC\170\Tools\Binn\Resources\3082\

bcp.rll [Correcto]
license_SQLCMD.txt [Correcto]
SQLCMD.rll [Correcto]

 Descomprimiendo archivos en C:\Program Files\Microsoft SQL Server\Client SDK\ODBC\180\

KeyFile [Correcto]
License Terms [Correcto]
SDK [Correcto]

 Descomprimiendo archivos en C:\Program Files\Microsoft SQL Server\Client SDK\ODBC\180\KeyFile\

1033 [Correcto]
3082 [Correcto]

 Descomprimiendo archivos en C:\Program Files\Microsoft SQL Server\Client SDK\ODBC\180\KeyFile\1033\

sqlodbc_keyfile.dll [Correcto]

 Descomprimiendo archivos en C:\Program Files\Microsoft SQL Server\Client SDK\ODBC\180\KeyFile\3082\

sqlodbc_keyfile.dll [Correcto]

 Descomprimiendo archivos en C:\Program Files\Microsoft SQL Server\Client SDK\ODBC\180\License Terms\

License_msodbcsql_ENU.txt [Correcto]
License_msodbcsql_ESN.txt [Correcto]

 Descomprimiendo archivos en C:\Program Files\Microsoft SQL Server\Client SDK\ODBC\180\SDK\

Include [Correcto]
Lib [Correcto]

 Descomprimiendo archivos en C:\Program Files\Microsoft SQL Server\Client SDK\ODBC\180\SDK\Include\

msodbcsql.h [Correcto]

 Descomprimiendo archivos en C:\Program Files\Microsoft SQL Server\Client SDK\ODBC\180\SDK\Lib\

x64 [Correcto]
x86 [Correcto]

 Descomprimiendo archivos en C:\Program Files\Microsoft SQL Server\Client SDK\ODBC\180\SDK\Lib\x64\

msodbcsql18.lib [Correcto]

 Descomprimiendo archivos en C:\Program Files\Microsoft SQL Server\Client SDK\ODBC\180\SDK\Lib\x86\

msodbcsql18.lib [Correcto]

 Descomprimiendo archivos en C:\Program Files\Microsoft SQL Server\Client SDK\OLEDB\

187 [Correcto]
194 [Correcto]

 Descomprimiendo archivos en C:\Program Files\Microsoft SQL Server\Client SDK\OLEDB\187\

License Terms [Correcto]
SDK [Correcto]

 Descomprimiendo archivos en C:\Program Files\Microsoft SQL Server\Client SDK\OLEDB\187\License Terms\

License_MSOLEDBSQL_ENU.txt [Correcto]
License_MSOLEDBSQL_ESN.txt [Correcto]

 Descomprimiendo archivos en C:\Program Files\Microsoft SQL Server\Client SDK\OLEDB\187\SDK\

Include [Correcto]
Lib [Correcto]

 Descomprimiendo archivos en C:\Program Files\Microsoft SQL Server\Client SDK\OLEDB\187\SDK\Include\

msoledbsql.h [Correcto]

 Descomprimiendo archivos en C:\Program Files\Microsoft SQL Server\Client SDK\OLEDB\187\SDK\Lib\

x64 [Correcto]
x86 [Correcto]

 Descomprimiendo archivos en C:\Program Files\Microsoft SQL Server\Client SDK\OLEDB\187\SDK\Lib\x64\

msoledbsql.lib [Correcto]

 Descomprimiendo archivos en C:\Program Files\Microsoft SQL Server\Client SDK\OLEDB\187\SDK\Lib\x86\

msoledbsql.lib [Correcto]

 Descomprimiendo archivos en C:\Program Files\Microsoft SQL Server\Client SDK\OLEDB\194\

License Terms [Correcto]
SDK [Correcto]

 Descomprimiendo archivos en C:\Program Files\Microsoft SQL Server\Client SDK\OLEDB\194\License Terms\

License_MSOLEDBSQL_ENU.txt [Correcto]
License_MSOLEDBSQL_ESN.txt [Correcto]

 Descomprimiendo archivos en C:\Program Files\Microsoft SQL Server\Client SDK\OLEDB\194\SDK\

Include [Correcto]
Lib [Correcto]

 Descomprimiendo archivos en C:\Program Files\Microsoft SQL Server\Client SDK\OLEDB\194\SDK\Include\

msoledbsql.h [Correcto]

 Descomprimiendo archivos en C:\Program Files\Microsoft SQL Server\Client SDK\OLEDB\194\SDK\Lib\

arm64 [Correcto]
x64 [Correcto]
x86 [Correcto]

 Descomprimiendo archivos en C:\Program Files\Microsoft SQL Server\Client SDK\OLEDB\194\SDK\Lib\arm64\

msoledbsql19.lib [Correcto]

 Descomprimiendo archivos en C:\Program Files\Microsoft SQL Server\Client SDK\OLEDB\194\SDK\Lib\x64\

msoledbsql19.lib [Correcto]

 Descomprimiendo archivos en C:\Program Files\Microsoft SQL Server\Client SDK\OLEDB\194\SDK\Lib\x86\

msoledbsql19.lib [Correcto]

 Descomprimiendo archivos en C:\Program Files\Microsoft SQL Server\MSSQL15.MSSQLSERVER\

MSSQL [Correcto]

 Descomprimiendo archivos en C:\Program Files\Microsoft SQL Server\MSSQL15.MSSQLSERVER\MSSQL\

Backup [Correcto]
Binn [Correcto]
DATA [Correcto]
ExtensibilityData [Correcto]
ExternalLanguages [Correcto]
ExternalLanguagesTemp [Correcto]
ExternalLibraries [Correcto]
ExternalLibrariesTemp [Correcto]
Install [Correcto]
JOBS [Correcto]
Log [Correcto]
sql_engine_core_inst_keyfile.dll [Correcto]
sql_extensibility_keyfile.dll [Correcto]

 Descomprimiendo archivos en C:\Program Files\Microsoft SQL Server\MSSQL15.MSSQLSERVER\MSSQL\Backup\

controlab06062026.bak [Correcto]
Controlab09022026.bak [Correcto]
controlab15062026.bak [Correcto]
controlab21052026 [Correcto]
ControlabIA_LogBackup_2026-05-22_09-58-05.bak [Correcto]
ControlabVet.bak [Correcto]
himalaya.bak [Correcto]

 Descomprimiendo archivos en C:\Program Files\Microsoft SQL Server\MSSQL15.MSSQLSERVER\MSSQL\Binn\

adalsqlrda.dll [Correcto]
aetm-enclave.sgx.pkg [Correcto]
aetm-enclave.vsm.pkg [Correcto]
archive.dll [Correcto]
AzureAttest.dll [Correcto]
AzureAttestManager.dll [Correcto]
BackupToUrl.exe [Correcto]
C:\Program Files\Microsoft SQL Server\MSSQL15.MSSQLSERVER\MSSQL\Binn\batchparser.dll: El proceso no tiene acceso al archivo porque est� siendo utilizado por otro proceso.
commonlauncher.dll [Correcto]
commonlauncher.dll.config [Correcto]
DatabaseMail.exe [Correcto]
DatabaseMail.exe.config [Correcto]
DatabaseMailengine.dll [Correcto]
DatabaseMailprotocols.dll [Correcto]
DataCollectorController.dll [Correcto]
DCEXEC.EXE [Correcto]
dcexec.exe.config [Correcto]
DllTmp32 [Correcto]
DllTmp64 [Correcto]
es [Correcto]
etwcls.mof [Correcto]
etwcls.mof.transformed [Correcto]
etwcnf.xml [Correcto]
ExaCorePredict.dll [Correcto]
ExaCorePredictSql.dll [Correcto]
ExtHost.exe [Correcto]
fssres.dll [Correcto]
hadrres.dll [Correcto]
C:\Program Files\Microsoft SQL Server\MSSQL15.MSSQLSERVER\MSSQL\Binn\hkcompile.dll: El proceso no tiene acceso al archivo porque est� siendo utilizado por otro proceso.
C:\Program Files\Microsoft SQL Server\MSSQL15.MSSQLSERVER\MSSQL\Binn\hkengine.dll: El proceso no tiene acceso al archivo porque est� siendo utilizado por otro proceso.
C:\Program Files\Microsoft SQL Server\MSSQL15.MSSQLSERVER\MSSQL\Binn\hkruntime.dll: El proceso no tiene acceso al archivo porque est� siendo utilizado por otro proceso.
hktempdb.dll [Correcto]
java-lang-extension.zip [Correcto]
Launchpad.exe [Correcto]
Microsoft.AnalysisServices.AppLocal.Xmla.dll [Correcto]
C:\Program Files\Microsoft SQL Server\MSSQL15.MSSQLSERVER\MSSQL\Binn\Microsoft.ApplicationInsights.dll: El proceso no tiene acceso al archivo porque est� siendo utilizado por otro proceso.
C:\Program Files\Microsoft SQL Server\MSSQL15.MSSQLSERVER\MSSQL\Binn\Microsoft.Diagnostics.Tracing.EventSource.dll: El proceso no tiene acceso al archivo porque est� siendo utilizado por otro proceso.
Microsoft.SqlAutoAdmin.AutoBackupAgent.dll [Correcto]
Microsoft.SqlAutoAdmin.SqlAutoAdmin.dll [Correcto]
Microsoft.SqlServer.VdiInterface.dll [Correcto]
Microsoft.SqlServer.XE.Core.dll [Correcto]
Microsoft.SqlServer.XEvent.Configuration.dll [Correcto]
Microsoft.SqlServer.XEvent.dll [Correcto]
Microsoft.SqlServer.XEvent.Linq.dll [Correcto]
Microsoft.SqlServer.XEvent.Targets.dll [Correcto]
Microsoft.WindowsAzure.Storage.dll [Correcto]
mssql-java-lang-extension.jar [Correcto]
C:\Program Files\Microsoft SQL Server\MSSQL15.MSSQLSERVER\MSSQL\Binn\mssqlsystemresource.ldf: El proceso no tiene acceso al archivo porque est� siendo utilizado por otro proceso.
C:\Program Files\Microsoft SQL Server\MSSQL15.MSSQLSERVER\MSSQL\Binn\mssqlsystemresource.mdf: El proceso no tiene acceso al archivo porque est� siendo utilizado por otro proceso.
ODSOLE70.dll [Correcto]
C:\Program Files\Microsoft SQL Server\MSSQL15.MSSQLSERVER\MSSQL\Binn\opends60.dll: El proceso no tiene acceso al archivo porque est� siendo utilizado por otro proceso.
perf-MSSQLSERVERsqlctr.ini [Correcto]
perf-SQLSERVERAGENTsqlagtctr.ini [Correcto]
performancecounter.dll [Correcto]
C:\Program Files\Microsoft SQL Server\MSSQL15.MSSQLSERVER\MSSQL\Binn\qds.dll: El proceso no tiene acceso al archivo porque est� siendo utilizado por otro proceso.
Resources [Correcto]
RsFxFt.dll [Correcto]
C:\Program Files\Microsoft SQL Server\MSSQL15.MSSQLSERVER\MSSQL\Binn\secforwarder.dll: El proceso no tiene acceso al archivo porque est� siendo utilizado por otro proceso.
sqagtres.dll [Correcto]
SQLAAMSS.DLL [Correcto]
C:\Program Files\Microsoft SQL Server\MSSQL15.MSSQLSERVER\MSSQL\Binn\sqlaccess.dll: El proceso no tiene acceso al archivo porque est� siendo utilizado por otro proceso.
SQLAGENT.EXE [Correcto]
SQLAGENT.exe.config [Correcto]
SQLAGENTLOG.DLL [Correcto]
SQLAgentMail.dll [Correcto]
sqlagtctr.h [Correcto]
sqlagtctr.ini [Correcto]
sqlboot.dll [Correcto]
C:\Program Files\Microsoft SQL Server\MSSQL15.MSSQLSERVER\MSSQL\Binn\sqlceip.exe: El proceso no tiene acceso al archivo porque est� siendo utilizado por otro proceso.
SQLCMDSS.DLL [Correcto]
sqlctr.h [Correcto]
sqlctr.ini [Correcto]
C:\Program Files\Microsoft SQL Server\MSSQL15.MSSQLSERVER\MSSQL\Binn\sqldk.dll: El proceso no tiene acceso al archivo porque est� siendo utilizado por otro proceso.
SQLDTSSS.DLL [Correcto]
SQLIOSIM.COM [Correcto]
SQLIOSIM.EXE [Correcto]
C:\Program Files\Microsoft SQL Server\MSSQL15.MSSQLSERVER\MSSQL\Binn\sqllang.dll: El proceso no tiene acceso al archivo porque est� siendo utilizado por otro proceso.
C:\Program Files\Microsoft SQL Server\MSSQL15.MSSQLSERVER\MSSQL\Binn\sqlmin.dll: El proceso no tiene acceso al archivo porque est� siendo utilizado por otro proceso.
SQLOLAPSS.DLL [Correcto]
C:\Program Files\Microsoft SQL Server\MSSQL15.MSSQLSERVER\MSSQL\Binn\sqlos.dll: El proceso no tiene acceso al archivo porque est� siendo utilizado por otro proceso.
SQLPOWERSHELLSS.DLL [Correcto]
SQLREPSS.DLL [Correcto]
sqlresld.dll [Correcto]
SqlResourceLoader.dll [Correcto]
sqlsatellite.dll [Correcto]
sqlscm.dll [Correcto]
sqlscriptdowngrade.dll [Correcto]
sqlscriptupgrade.dll [Correcto]
C:\Program Files\Microsoft SQL Server\MSSQL15.MSSQLSERVER\MSSQL\Binn\sqlservr.exe: El proceso no tiene acceso al archivo porque est� siendo utilizado por otro proceso.
sqlservr.exe.config [Correcto]
sqlsvc.dll [Correcto]
sqltoolsmailutilities.dll [Correcto]
C:\Program Files\Microsoft SQL Server\MSSQL15.MSSQLSERVER\MSSQL\Binn\sqltses.dll: El proceso no tiene acceso al archivo porque est� siendo utilizado por otro proceso.
sqlwep-uni.mof [Correcto]
Sqlwep-uni.mof.transformed [Correcto]
sqlzip.dll [Correcto]
sqsrvres.dll [Correcto]
StretchCodeGen.exe [Correcto]
C:\Program Files\Microsoft SQL Server\MSSQL15.MSSQLSERVER\MSSQL\Binn\svl.dll: El proceso no tiene acceso al archivo porque est� siendo utilizado por otro proceso.
Templates [Correcto]
xe.dll [Correcto]
xeclrhostpkg.mof [Correcto]
xepkg0.mof [Correcto]
xesospkg.mof [Correcto]
xesqlminpkg.mof [Correcto]
xesqlpkg.mof [Correcto]
xmlrw.dll [Correcto]
xmlrwbin.dll [Correcto]
xpadsi.exe [Correcto]
xplog70.dll [Correcto]
xpsqlbot.dll [Correcto]
XPStar.DLL [Correcto]
Xtp [Correcto]
zlib.dll [Correcto]

 Descomprimiendo archivos en C:\Program Files\Microsoft SQL Server\MSSQL15.MSSQLSERVER\MSSQL\Binn\aetm-enclave.sgx.pkg\

aetm-sgx-enclave-Simulator.dll [Correcto]
aetm-sgx-enclave.dll [Correcto]

 Descomprimiendo archivos en C:\Program Files\Microsoft SQL Server\MSSQL15.MSSQLSERVER\MSSQL\Binn\aetm-enclave.vsm.pkg\

aetm-enclave-Simulator.dll [Correcto]
aetm-enclave.dll [Correcto]

 Descomprimiendo archivos en C:\Program Files\Microsoft SQL Server\MSSQL15.MSSQLSERVER\MSSQL\Binn\DllTmp32\

sqlagentctr150.dll [Correcto]
sqlctr150.dll [Correcto]

 Descomprimiendo archivos en C:\Program Files\Microsoft SQL Server\MSSQL15.MSSQLSERVER\MSSQL\Binn\DllTmp64\

sqlagentctr150.dll [Correcto]
sqlctr150.dll [Correcto]

 Descomprimiendo archivos en C:\Program Files\Microsoft SQL Server\MSSQL15.MSSQLSERVER\MSSQL\Binn\es\

DatabaseMail.resources.dll [Correcto]
DatabaseMailEngine.resources.dll [Correcto]
DatabaseMailProtocols.resources.dll [Correcto]
Microsoft.AnalysisServices.AppLocal.Xmla.Resources.dll [Correcto]
Microsoft.SqlAutoAdmin.AutoBackupAgent.resources.dll [Correcto]
Microsoft.SqlAutoAdmin.SqlAutoAdmin.resources.dll [Correcto]
Microsoft.SqlServer.XE.Core.resources.dll [Correcto]
Microsoft.SqlServer.XEvent.Configuration.resources.dll [Correcto]
Microsoft.SqlServer.XEvent.Linq.resources.dll [Correcto]
Microsoft.SqlServer.XEvent.resources.dll [Correcto]
Microsoft.SqlServer.XEvent.Targets.resources.dll [Correcto]
PerformanceCounter.resources.dll [Correcto]
sqlaccess.resources.dll [Correcto]
SqlToolsMailUtilities.resources.dll [Correcto]

 Descomprimiendo archivos en C:\Program Files\Microsoft SQL Server\MSSQL15.MSSQLSERVER\MSSQL\Binn\Resources\

1028 [Correcto]
1029 [Correcto]
1030 [Correcto]
1031 [Correcto]
1032 [Correcto]
1033 [Correcto]
1035 [Correcto]
1036 [Correcto]
1038 [Correcto]
1040 [Correcto]
1041 [Correcto]
1042 [Correcto]
1043 [Correcto]
1044 [Correcto]
1045 [Correcto]
1046 [Correcto]
1049 [Correcto]
1053 [Correcto]
1055 [Correcto]
2052 [Correcto]
2070 [Correcto]
3082 [Correcto]

 Descomprimiendo archivos en C:\Program Files\Microsoft SQL Server\MSSQL15.MSSQLSERVER\MSSQL\Binn\Resources\1028\

odsole70.rll [Correcto]
sqlevn70.rll [Correcto]
xplog70.rll [Correcto]

 Descomprimiendo archivos en C:\Program Files\Microsoft SQL Server\MSSQL15.MSSQLSERVER\MSSQL\Binn\Resources\1029\

sqlevn70.rll [Correcto]

 Descomprimiendo archivos en C:\Program Files\Microsoft SQL Server\MSSQL15.MSSQLSERVER\MSSQL\Binn\Resources\1030\

sqlevn70.rll [Correcto]

 Descomprimiendo archivos en C:\Program Files\Microsoft SQL Server\MSSQL15.MSSQLSERVER\MSSQL\Binn\Resources\1031\

odsole70.rll [Correcto]
sqlevn70.rll [Correcto]
xplog70.rll [Correcto]

 Descomprimiendo archivos en C:\Program Files\Microsoft SQL Server\MSSQL15.MSSQLSERVER\MSSQL\Binn\Resources\1032\

sqlevn70.rll [Correcto]

 Descomprimiendo archivos en C:\Program Files\Microsoft SQL Server\MSSQL15.MSSQLSERVER\MSSQL\Binn\Resources\1033\

DataCollectorController.rll [Correcto]
DCEXEC.rll [Correcto]
odsole70.rll [Correcto]
secauditpkg.rll [Correcto]
SQLAGENT.RLL [Correcto]
SQLAGENTLOG.RLL [Correcto]
SQLAgentMail.rll [Correcto]
SQLCMDSS.RLL [Correcto]
SQLDTSSS.RLL [Correcto]
C:\Program Files\Microsoft SQL Server\MSSQL15.MSSQLSERVER\MSSQL\Binn\Resources\1033\sqlevn70.rll: El proceso no tiene acceso al archivo porque est� siendo utilizado por otro proceso.
sqliosim.rll [Correcto]
SQLOLAPSS.RLL [Correcto]
SQLPOWERSHELLSS.RLL [Correcto]
SQLREPSS.RLL [Correcto]
sqlsvc.rll [Correcto]
sql_engine_core_inst_loc_keyfile.dll [Correcto]
xeclrhostpkg.rll [Correcto]
xepackage0.rll [Correcto]
xesospkg.rll [Correcto]
xesqlminpkg.rll [Correcto]
xesqlpkg.rll [Correcto]
xeucspkg.rll [Correcto]
xplog70.rll [Correcto]
XPStar.RLL [Correcto]

 Descomprimiendo archivos en C:\Program Files\Microsoft SQL Server\MSSQL15.MSSQLSERVER\MSSQL\Binn\Resources\1035\

sqlevn70.rll [Correcto]

 Descomprimiendo archivos en C:\Program Files\Microsoft SQL Server\MSSQL15.MSSQLSERVER\MSSQL\Binn\Resources\1036\

odsole70.rll [Correcto]
sqlevn70.rll [Correcto]
xplog70.rll [Correcto]

 Descomprimiendo archivos en C:\Program Files\Microsoft SQL Server\MSSQL15.MSSQLSERVER\MSSQL\Binn\Resources\1038\

sqlevn70.rll [Correcto]

 Descomprimiendo archivos en C:\Program Files\Microsoft SQL Server\MSSQL15.MSSQLSERVER\MSSQL\Binn\Resources\1040\

odsole70.rll [Correcto]
sqlevn70.rll [Correcto]
xplog70.rll [Correcto]

 Descomprimiendo archivos en C:\Program Files\Microsoft SQL Server\MSSQL15.MSSQLSERVER\MSSQL\Binn\Resources\1041\

odsole70.rll [Correcto]
sqlevn70.rll [Correcto]
xplog70.rll [Correcto]

 Descomprimiendo archivos en C:\Program Files\Microsoft SQL Server\MSSQL15.MSSQLSERVER\MSSQL\Binn\Resources\1042\

odsole70.rll [Correcto]
sqlevn70.rll [Correcto]
xplog70.rll [Correcto]

 Descomprimiendo archivos en C:\Program Files\Microsoft SQL Server\MSSQL15.MSSQLSERVER\MSSQL\Binn\Resources\1043\

sqlevn70.rll [Correcto]

 Descomprimiendo archivos en C:\Program Files\Microsoft SQL Server\MSSQL15.MSSQLSERVER\MSSQL\Binn\Resources\1044\

sqlevn70.rll [Correcto]

 Descomprimiendo archivos en C:\Program Files\Microsoft SQL Server\MSSQL15.MSSQLSERVER\MSSQL\Binn\Resources\1045\

sqlevn70.rll [Correcto]

 Descomprimiendo archivos en C:\Program Files\Microsoft SQL Server\MSSQL15.MSSQLSERVER\MSSQL\Binn\Resources\1046\

odsole70.rll [Correcto]
sqlevn70.rll [Correcto]
xplog70.rll [Correcto]

 Descomprimiendo archivos en C:\Program Files\Microsoft SQL Server\MSSQL15.MSSQLSERVER\MSSQL\Binn\Resources\1049\

odsole70.rll [Correcto]
sqlevn70.rll [Correcto]
xplog70.rll [Correcto]

 Descomprimiendo archivos en C:\Program Files\Microsoft SQL Server\MSSQL15.MSSQLSERVER\MSSQL\Binn\Resources\1053\

sqlevn70.rll [Correcto]

 Descomprimiendo archivos en C:\Program Files\Microsoft SQL Server\MSSQL15.MSSQLSERVER\MSSQL\Binn\Resources\1055\

sqlevn70.rll [Correcto]

 Descomprimiendo archivos en C:\Program Files\Microsoft SQL Server\MSSQL15.MSSQLSERVER\MSSQL\Binn\Resources\2052\

odsole70.rll [Correcto]
sqlevn70.rll [Correcto]
xplog70.rll [Correcto]

 Descomprimiendo archivos en C:\Program Files\Microsoft SQL Server\MSSQL15.MSSQLSERVER\MSSQL\Binn\Resources\2070\

sqlevn70.rll [Correcto]

 Descomprimiendo archivos en C:\Program Files\Microsoft SQL Server\MSSQL15.MSSQLSERVER\MSSQL\Binn\Resources\3082\

DataCollectorController.rll [Correcto]
DCEXEC.rll [Correcto]
odsole70.rll [Correcto]
secauditpkg.rll [Correcto]
SQLAGENT.RLL [Correcto]
SQLAGENTLOG.RLL [Correcto]
SQLAgentMail.rll [Correcto]
SQLCMDSS.RLL [Correcto]
SQLDTSSS.RLL [Correcto]
C:\Program Files\Microsoft SQL Server\MSSQL15.MSSQLSERVER\MSSQL\Binn\Resources\3082\sqlevn70.rll: El proceso no tiene acceso al archivo porque est� siendo utilizado por otro proceso.
sqliosim.rll [Correcto]
SQLOLAPSS.RLL [Correcto]
SQLPOWERSHELLSS.RLL [Correcto]
SQLREPSS.RLL [Correcto]
sqlsvc.rll [Correcto]
sql_engine_core_inst_loc_keyfile.dll [Correcto]
xeclrhostpkg.rll [Correcto]
xepackage0.rll [Correcto]
xesospkg.rll [Correcto]
xesqlminpkg.rll [Correcto]
xesqlpkg.rll [Correcto]
xeucspkg.rll [Correcto]
xplog70.rll [Correcto]
XPStar.RLL [Correcto]

 Descomprimiendo archivos en C:\Program Files\Microsoft SQL Server\MSSQL15.MSSQLSERVER\MSSQL\Binn\Templates\

master.mdf [Correcto]
mastlog.ldf [Correcto]
model.mdf [Correcto]
modellog.ldf [Correcto]
model_msdbdata.mdf [Correcto]
model_msdblog.ldf [Correcto]
model_replicatedmaster.ldf [Correcto]
model_replicatedmaster.mdf [Correcto]
msdbdata.mdf [Correcto]
msdblog.ldf [Correcto]

 Descomprimiendo archivos en C:\Program Files\Microsoft SQL Server\MSSQL15.MSSQLSERVER\MSSQL\Binn\Xtp\

gen [Correcto]
VC [Correcto]

 Descomprimiendo archivos en C:\Program Files\Microsoft SQL Server\MSSQL15.MSSQLSERVER\MSSQL\Binn\Xtp\gen\

include [Correcto]
lib [Correcto]

 Descomprimiendo archivos en C:\Program Files\Microsoft SQL Server\MSSQL15.MSSQLSERVER\MSSQL\Binn\Xtp\gen\include\

hkengdef.h [Correcto]
hkenggen.h [Correcto]
hkgenlib.h [Correcto]
hkrtdef.h [Correcto]
hkrtgen.h [Correcto]
intsafe.h [Correcto]

 Descomprimiendo archivos en C:\Program Files\Microsoft SQL Server\MSSQL15.MSSQLSERVER\MSSQL\Binn\Xtp\gen\lib\

hkengine.lib [Correcto]
hkgenexp.exp [Correcto]
hkgenlib.lib [Correcto]
hkk32.lib [Correcto]
hkruntime.lib [Correcto]
hkversion.obj [Correcto]

 Descomprimiendo archivos en C:\Program Files\Microsoft SQL Server\MSSQL15.MSSQLSERVER\MSSQL\Binn\Xtp\VC\

bin [Correcto]
lib [Correcto]

 Descomprimiendo archivos en C:\Program Files\Microsoft SQL Server\MSSQL15.MSSQLSERVER\MSSQL\Binn\Xtp\VC\bin\

1033 [Correcto]
c1.dll [Correcto]
c2.dll [Correcto]
cl.exe [Correcto]
link.exe [Correcto]
msobj140.dll [Correcto]
mspdb140.dll [Correcto]
mspdbcore.dll [Correcto]
msvcp140.dll [Correcto]
vcruntime140.dll [Correcto]

 Descomprimiendo archivos en C:\Program Files\Microsoft SQL Server\MSSQL15.MSSQLSERVER\MSSQL\Binn\Xtp\VC\bin\1033\

clui.dll [Correcto]

 Descomprimiendo archivos en C:\Program Files\Microsoft SQL Server\MSSQL15.MSSQLSERVER\MSSQL\Binn\Xtp\VC\lib\

kernel32.lib [Correcto]
libcmt.amd64.pdb [Correcto]
libcmt.lib [Correcto]
libvcruntime.amd64.pdb [Correcto]
libvcruntime.lib [Correcto]
ucrt.lib [Correcto]

 Descomprimiendo archivos en C:\Program Files\Microsoft SQL Server\MSSQL15.MSSQLSERVER\MSSQL\DATA\

C:\Program Files\Microsoft SQL Server\MSSQL15.MSSQLSERVER\MSSQL\DATA\ControlabIA.mdf: El proceso no tiene acceso al archivo porque est� siendo utilizado por otro proceso.
C:\Program Files\Microsoft SQL Server\MSSQL15.MSSQLSERVER\MSSQL\DATA\ControlabIA_log.ldf: El proceso no tiene acceso al archivo porque est� siendo utilizado por otro proceso.
C:\Program Files\Microsoft SQL Server\MSSQL15.MSSQLSERVER\MSSQL\DATA\Infolab.mdf: El proceso no tiene acceso al archivo porque est� siendo utilizado por otro proceso.
C:\Program Files\Microsoft SQL Server\MSSQL15.MSSQLSERVER\MSSQL\DATA\Infolab_log.ldf: El proceso no tiene acceso al archivo porque est� siendo utilizado por otro proceso.
C:\Program Files\Microsoft SQL Server\MSSQL15.MSSQLSERVER\MSSQL\DATA\master.mdf: El proceso no tiene acceso al archivo porque est� siendo utilizado por otro proceso.
C:\Program Files\Microsoft SQL Server\MSSQL15.MSSQLSERVER\MSSQL\DATA\mastlog.ldf: El proceso no tiene acceso al archivo porque est� siendo utilizado por otro proceso.
C:\Program Files\Microsoft SQL Server\MSSQL15.MSSQLSERVER\MSSQL\DATA\model.mdf: El proceso no tiene acceso al archivo porque est� siendo utilizado por otro proceso.
C:\Program Files\Microsoft SQL Server\MSSQL15.MSSQLSERVER\MSSQL\DATA\modellog.ldf: El proceso no tiene acceso al archivo porque est� siendo utilizado por otro proceso.
model_msdbdata.mdf [Correcto]
model_msdblog.ldf [Correcto]
model_replicatedmaster.ldf [Correcto]
model_replicatedmaster.mdf [Correcto]
C:\Program Files\Microsoft SQL Server\MSSQL15.MSSQLSERVER\MSSQL\DATA\MSDBData.mdf: El proceso no tiene acceso al archivo porque est� siendo utilizado por otro proceso.
C:\Program Files\Microsoft SQL Server\MSSQL15.MSSQLSERVER\MSSQL\DATA\MSDBLog.ldf: El proceso no tiene acceso al archivo porque est� siendo utilizado por otro proceso.
MS_AgentSigningCertificate.cer [Correcto]
MS_AgentSigningCertificate8F5DA5AC-27B1-4157-8C9B-B0A72EAB8021.cer [Correcto]
MS_AgentSigningCertificate8F9C6155-7463-4A00-826E-C068D733C0F3.cer [Correcto]
MS_AgentSigningCertificateF1C76C6A-D88D-4691-83D7-8E2B0E148AE9.cer [Correcto]
C:\Program Files\Microsoft SQL Server\MSSQL15.MSSQLSERVER\MSSQL\DATA\tempdb.mdf: El proceso no tiene acceso al archivo porque est� siendo utilizado por otro proceso.
C:\Program Files\Microsoft SQL Server\MSSQL15.MSSQLSERVER\MSSQL\DATA\tempdb_mssql_2.ndf: El proceso no tiene acceso al archivo porque est� siendo utilizado por otro proceso.
C:\Program Files\Microsoft SQL Server\MSSQL15.MSSQLSERVER\MSSQL\DATA\tempdb_mssql_3.ndf: El proceso no tiene acceso al archivo porque est� siendo utilizado por otro proceso.
C:\Program Files\Microsoft SQL Server\MSSQL15.MSSQLSERVER\MSSQL\DATA\tempdb_mssql_4.ndf: El proceso no tiene acceso al archivo porque est� siendo utilizado por otro proceso.
C:\Program Files\Microsoft SQL Server\MSSQL15.MSSQLSERVER\MSSQL\DATA\tempdb_mssql_5.ndf: El proceso no tiene acceso al archivo porque est� siendo utilizado por otro proceso.
C:\Program Files\Microsoft SQL Server\MSSQL15.MSSQLSERVER\MSSQL\DATA\tempdb_mssql_6.ndf: El proceso no tiene acceso al archivo porque est� siendo utilizado por otro proceso.
C:\Program Files\Microsoft SQL Server\MSSQL15.MSSQLSERVER\MSSQL\DATA\tempdb_mssql_7.ndf: El proceso no tiene acceso al archivo porque est� siendo utilizado por otro proceso.
C:\Program Files\Microsoft SQL Server\MSSQL15.MSSQLSERVER\MSSQL\DATA\tempdb_mssql_8.ndf: El proceso no tiene acceso al archivo porque est� siendo utilizado por otro proceso.
C:\Program Files\Microsoft SQL Server\MSSQL15.MSSQLSERVER\MSSQL\DATA\templog.ldf: El proceso no tiene acceso al archivo porque est� siendo utilizado por otro proceso.

 Descomprimiendo archivos en C:\Program Files\Microsoft SQL Server\MSSQL15.MSSQLSERVER\MSSQL\ExtensibilityData\

Appcontainer0 [Correcto]
Appcontainer1 [Correcto]
Appcontainer10 [Correcto]
Appcontainer11 [Correcto]
Appcontainer12 [Correcto]
Appcontainer13 [Correcto]
Appcontainer14 [Correcto]
Appcontainer15 [Correcto]
Appcontainer16 [Correcto]
Appcontainer17 [Correcto]
Appcontainer18 [Correcto]
Appcontainer19 [Correcto]
Appcontainer2 [Correcto]
Appcontainer20 [Correcto]
Appcontainer3 [Correcto]
Appcontainer4 [Correcto]
Appcontainer5 [Correcto]
Appcontainer6 [Correcto]
Appcontainer7 [Correcto]
Appcontainer8 [Correcto]
Appcontainer9 [Correcto]

 Descomprimiendo archivos en C:\Program Files\Microsoft SQL Server\MSSQL15.MSSQLSERVER\MSSQL\ExtensibilityData\Appcontainer0\


 Descomprimiendo archivos en C:\Program Files\Microsoft SQL Server\MSSQL15.MSSQLSERVER\MSSQL\ExtensibilityData\Appcontainer1\


 Descomprimiendo archivos en C:\Program Files\Microsoft SQL Server\MSSQL15.MSSQLSERVER\MSSQL\ExtensibilityData\Appcontainer10\


 Descomprimiendo archivos en C:\Program Files\Microsoft SQL Server\MSSQL15.MSSQLSERVER\MSSQL\ExtensibilityData\Appcontainer11\


 Descomprimiendo archivos en C:\Program Files\Microsoft SQL Server\MSSQL15.MSSQLSERVER\MSSQL\ExtensibilityData\Appcontainer12\


 Descomprimiendo archivos en C:\Program Files\Microsoft SQL Server\MSSQL15.MSSQLSERVER\MSSQL\ExtensibilityData\Appcontainer13\


 Descomprimiendo archivos en C:\Program Files\Microsoft SQL Server\MSSQL15.MSSQLSERVER\MSSQL\ExtensibilityData\Appcontainer14\


 Descomprimiendo archivos en C:\Program Files\Microsoft SQL Server\MSSQL15.MSSQLSERVER\MSSQL\ExtensibilityData\Appcontainer15\


 Descomprimiendo archivos en C:\Program Files\Microsoft SQL Server\MSSQL15.MSSQLSERVER\MSSQL\ExtensibilityData\Appcontainer16\


 Descomprimiendo archivos en C:\Program Files\Microsoft SQL Server\MSSQL15.MSSQLSERVER\MSSQL\ExtensibilityData\Appcontainer17\


 Descomprimiendo archivos en C:\Program Files\Microsoft SQL Server\MSSQL15.MSSQLSERVER\MSSQL\ExtensibilityData\Appcontainer18\


 Descomprimiendo archivos en C:\Program Files\Microsoft SQL Server\MSSQL15.MSSQLSERVER\MSSQL\ExtensibilityData\Appcontainer19\


 Descomprimiendo archivos en C:\Program Files\Microsoft SQL Server\MSSQL15.MSSQLSERVER\MSSQL\ExtensibilityData\Appcontainer2\


 Descomprimiendo archivos en C:\Program Files\Microsoft SQL Server\MSSQL15.MSSQLSERVER\MSSQL\ExtensibilityData\Appcontainer20\


 Descomprimiendo archivos en C:\Program Files\Microsoft SQL Server\MSSQL15.MSSQLSERVER\MSSQL\ExtensibilityData\Appcontainer3\


 Descomprimiendo archivos en C:\Program Files\Microsoft SQL Server\MSSQL15.MSSQLSERVER\MSSQL\ExtensibilityData\Appcontainer4\


 Descomprimiendo archivos en C:\Program Files\Microsoft SQL Server\MSSQL15.MSSQLSERVER\MSSQL\ExtensibilityData\Appcontainer5\


 Descomprimiendo archivos en C:\Program Files\Microsoft SQL Server\MSSQL15.MSSQLSERVER\MSSQL\ExtensibilityData\Appcontainer6\


 Descomprimiendo archivos en C:\Program Files\Microsoft SQL Server\MSSQL15.MSSQLSERVER\MSSQL\ExtensibilityData\Appcontainer7\


 Descomprimiendo archivos en C:\Program Files\Microsoft SQL Server\MSSQL15.MSSQLSERVER\MSSQL\ExtensibilityData\Appcontainer8\


 Descomprimiendo archivos en C:\Program Files\Microsoft SQL Server\MSSQL15.MSSQLSERVER\MSSQL\ExtensibilityData\Appcontainer9\


 Descomprimiendo archivos en C:\Program Files\Microsoft SQL Server\MSSQL15.MSSQLSERVER\MSSQL\ExternalLanguages\


 Descomprimiendo archivos en C:\Program Files\Microsoft SQL Server\MSSQL15.MSSQLSERVER\MSSQL\ExternalLanguagesTemp\


 Descomprimiendo archivos en C:\Program Files\Microsoft SQL Server\MSSQL15.MSSQLSERVER\MSSQL\ExternalLibraries\


 Descomprimiendo archivos en C:\Program Files\Microsoft SQL Server\MSSQL15.MSSQLSERVER\MSSQL\ExternalLibrariesTemp\


 Descomprimiendo archivos en C:\Program Files\Microsoft SQL Server\MSSQL15.MSSQLSERVER\MSSQL\Install\

DbEngine_hotfix_install.sql [Correcto]
DbEngine_hotfix_uninstall.sql [Correcto]
instmdw.sql [Correcto]
instmsdb.sql [Correcto]
msdb110_upgrade.sql [Correcto]
odsole.sql [Correcto]
oledbsch.sql [Correcto]
PerfCountersCollect.dtsx [Correcto]
PerfCountersUpload.dtsx [Correcto]
procsyst.sql [Correcto]
ProvisionAgentIdentity.sql [Correcto]
QueryActivityCollect.dtsx [Correcto]
QueryActivityUpload.dtsx [Correcto]
sqldmo.sql [Correcto]
sqlscriptdowngrade.dll [Correcto]
SqlTraceCollect.dtsx [Correcto]
SqlTraceUpload.dtsx [Correcto]
SSIS_hotfix_install.sql [Correcto]
SSIS_hotfix_uninstall.sql [Correcto]
TSQLQueryCollect.dtsx [Correcto]
TSQLQueryUpload.dtsx [Correcto]
u_tables.sql [Correcto]
xpstar.sql [Correcto]

 Descomprimiendo archivos en C:\Program Files\Microsoft SQL Server\MSSQL15.MSSQLSERVER\MSSQL\JOBS\


 Descomprimiendo archivos en C:\Program Files\Microsoft SQL Server\MSSQL15.MSSQLSERVER\MSSQL\Log\

C:\Program Files\Microsoft SQL Server\MSSQL15.MSSQLSERVER\MSSQL\Log\ERRORLOG: El proceso no tiene acceso al archivo porque est� siendo utilizado por otro proceso.
ERRORLOG.1 [Correcto]
ERRORLOG.2 [Correcto]
ERRORLOG.3 [Correcto]
ERRORLOG.4 [Correcto]
ERRORLOG.5 [Correcto]
ERRORLOG.6 [Correcto]
ExtensibilityLog [Correcto]
HkEngineEventFile_0_134238847617410000.xel [Correcto]
HkEngineEventFile_0_134238849310140000.xel [Correcto]
HkEngineEventFile_0_134239322947920000.xel [Correcto]
HkEngineEventFile_0_134239323108720000.xel [Correcto]
HkEngineEventFile_0_134239759761790000.xel [Correcto]
HkEngineEventFile_0_134243617988750000.xel [Correcto]
HkEngineEventFile_0_134245728282300000.xel [Correcto]
HkEngineEventFile_0_134247600211440000.xel [Correcto]
HkEngineEventFile_0_134247600290010000.xel [Correcto]
C:\Program Files\Microsoft SQL Server\MSSQL15.MSSQLSERVER\MSSQL\Log\HkEngineEventFile_0_134247600490050000.xel: El proceso no tiene acceso al archivo porque est� siendo utilizado por otro proceso.
HkEngineEventFile_0_134248006802390000.xel [Correcto]
HkEngineEventFile_0_134255842140270000.xel [Correcto]
HkEngineEventFile_0_134256010165920000.xel [Correcto]
HkEngineEventFile_0_134256010533020000.xel [Correcto]
HkEngineEventFile_0_134256114269300000.xel [Correcto]
HkEngineEventFile_0_134256124875740000.xel [Correcto]
HkEngineEventFile_0_134256134651460000.xel [Correcto]
HkEngineEventFile_0_134262738477800000.xel [Correcto]
HkEngineEventFile_0_134266297642950000.xel [Correcto]
HkEngineEventFile_0_134269368269300000.xel [Correcto]
log_62.trc [Correcto]
log_63.trc [Correcto]
log_64.trc [Correcto]
log_65.trc [Correcto]
C:\Program Files\Microsoft SQL Server\MSSQL15.MSSQLSERVER\MSSQL\Log\log_66.trc: El proceso no tiene acceso al archivo porque est� siendo utilizado por otro proceso.
ManagedBackupEvents_Backup_0_134256124890310000.xel [Correcto]
ManagedBackupEvents_Backup_0_134256134664680000.xel [Correcto]
ManagedBackupEvents_Backup_0_134262738491900000.xel [Correcto]
ManagedBackupEvents_Backup_0_134266297658140000.xel [Correcto]
ManagedBackupEvents_Backup_0_134269368283820000.xel [Correcto]
ManagedBackupEvents__0_134256124885890000.xel [Correcto]
ManagedBackupEvents__0_134256134661150000.xel [Correcto]
ManagedBackupEvents__0_134262738488200000.xel [Correcto]
ManagedBackupEvents__0_134266297654360000.xel [Correcto]
ManagedBackupEvents__0_134269368280080000.xel [Correcto]
SQLAGENT.1 [Correcto]
SQLAGENT.2 [Correcto]
SQLAGENT.3 [Correcto]
SQLAGENT.4 [Correcto]
SQLAGENT.5 [Correcto]
SQLAGENT.6 [Correcto]
SQLAGENT.7 [Correcto]
SQLAGENT.8 [Correcto]
SQLAGENT.9 [Correcto]
SQLAGENT.OUT [Correcto]
C:\Program Files\Microsoft SQL Server\MSSQL15.MSSQLSERVER\MSSQL\Log\system_health_0_134247600491520000.xel: El proceso no tiene acceso al archivo porque est� siendo utilizado por otro proceso.
system_health_0_134271456254390000.xel [Correcto]
system_health_0_134272494248270000.xel [Correcto]
system_health_0_134273532243450000.xel [Correcto]

 Descomprimiendo archivos en C:\Program Files\Microsoft SQL Server\MSSQL15.MSSQLSERVER\MSSQL\Log\ExtensibilityLog\

EXTLAUNCHERRORLOG [Correcto]
EXTLAUNCHERRORLOG.1 [Correcto]
EXTLAUNCHERRORLOG.2 [Correcto]
EXTLAUNCHERRORLOG.3 [Correcto]
EXTLAUNCHERRORLOG.4 [Correcto]
EXTLAUNCHERRORLOG.5 [Correcto]
EXTLAUNCHERRORLOG.6 [Correcto]

Se descomprimieron 7675 archivos en 529 directorios.

