
 Configurando el directorio C:\controlab-h\backend\ para no comprimir los archivos nuevos [Correcto]

 Descomprimiendo archivos en C:\controlab-h\backend\

.env [Correcto]
.gitignore [Correcto]
node_modules [Correcto]
package-lock.json [Correcto]
package.json [Correcto]
prisma [Correcto]
prisma.config.ts [Correcto]

 Descomprimiendo archivos en C:\controlab-h\backend\node_modules\

.bin [Correcto]
.cache [Correcto]
.package-lock.json [Correcto]
@azure [Correcto]
@azure-rest [Correcto]
@electric-sql [Correcto]
@hono [Correcto]
@js-joda [Correcto]
@kurkle [Correcto]
@prisma [Correcto]
@radix-ui [Correcto]
@standard-schema [Correcto]
@tediousjs [Correcto]
@types [Correcto]
@typespec [Correcto]
abort-controller [Correcto]
accepts [Correcto]
agent-base [Correcto]
ajv [Correcto]
anymatch [Correcto]
aws-ssl-profiles [Correcto]
balanced-match [Correcto]
base64-js [Correcto]
better-result [Correcto]
binary-extensions [Correcto]
bl [Correcto]
body-parser [Correcto]
brace-expansion [Correcto]
braces [Correcto]
buffer [Correcto]
buffer-equal-constant-time [Correcto]
bundle-name [Correcto]
bytes [Correcto]
c12 [Correcto]
call-bind-apply-helpers [Correcto]
call-bound [Correcto]
chart.js [Correcto]
chokidar [Correcto]
commander [Correcto]
confbox [Correcto]
content-disposition [Correcto]
content-type [Correcto]
cookie [Correcto]
cookie-signature [Correcto]
cors [Correcto]
cross-spawn [Correcto]
csstype [Correcto]
debug [Correcto]
deepmerge-ts [Correcto]
default-browser [Correcto]
default-browser-id [Correcto]
define-lazy-prop [Correcto]
defu [Correcto]
denque [Correcto]
depd [Correcto]
destr [Correcto]
dotenv [Correcto]
dunder-proto [Correcto]
ecdsa-sig-formatter [Correcto]
ee-first [Correcto]
effect [Correcto]
empathic [Correcto]
encodeurl [Correcto]
env-paths [Correcto]
es-define-property [Correcto]
es-errors [Correcto]
es-object-atoms [Correcto]
escape-html [Correcto]
etag [Correcto]
event-target-shim [Correcto]
events [Correcto]
express [Correcto]
exsolve [Correcto]
fast-check [Correcto]
fast-deep-equal [Correcto]
fast-uri [Correcto]
fill-range [Correcto]
finalhandler [Correcto]
foreground-child [Correcto]
forwarded [Correcto]
fresh [Correcto]
function-bind [Correcto]
generate-function [Correcto]
get-intrinsic [Correcto]
get-port-please [Correcto]
get-proto [Correcto]
giget [Correcto]
glob-parent [Correcto]
gopd [Correcto]
graceful-fs [Correcto]
grammex [Correcto]
graphmatch [Correcto]
has-flag [Correcto]
has-symbols [Correcto]
hasown [Correcto]
helmet [Correcto]
hono [Correcto]
http-errors [Correcto]
http-proxy-agent [Correcto]
http-status-codes [Correcto]
https-proxy-agent [Correcto]
iconv-lite [Correcto]
ieee754 [Correcto]
ignore-by-default [Correcto]
inherits [Correcto]
ipaddr.js [Correcto]
is-binary-path [Correcto]
is-docker [Correcto]
is-extglob [Correcto]
is-glob [Correcto]
is-inside-container [Correcto]
is-number [Correcto]
is-promise [Correcto]
is-property [Correcto]
is-wsl [Correcto]
isexe [Correcto]
jiti [Correcto]
js-md4 [Correcto]
json-schema-traverse [Correcto]
jsonwebtoken [Correcto]
jwa [Correcto]
jws [Correcto]
lodash.includes [Correcto]
lodash.isboolean [Correcto]
lodash.isinteger [Correcto]
lodash.isnumber [Correcto]
lodash.isplainobject [Correcto]
lodash.isstring [Correcto]
lodash.once [Correcto]
long [Correcto]
lru.min [Correcto]
math-intrinsics [Correcto]
media-typer [Correcto]
merge-descriptors [Correcto]
mime-db [Correcto]
mime-types [Correcto]
minimatch [Correcto]
ms [Correcto]
mssql [Correcto]
mysql2 [Correcto]
named-placeholders [Correcto]
native-duplexpair [Correcto]
negotiator [Correcto]
nodemon [Correcto]
normalize-path [Correcto]
object-assign [Correcto]
object-inspect [Correcto]
ohash [Correcto]
on-finished [Correcto]
once [Correcto]
open [Correcto]
parseurl [Correcto]
path-key [Correcto]
path-to-regexp [Correcto]
pathe [Correcto]
perfect-debounce [Correcto]
picomatch [Correcto]
pkg-types [Correcto]
postgres [Correcto]
prisma [Correcto]
process [Correcto]
proper-lockfile [Correcto]
proxy-addr [Correcto]
pstree.remy [Correcto]
pure-rand [Correcto]
qs [Correcto]
range-parser [Correcto]
raw-body [Correcto]
rc9 [Correcto]
react [Correcto]
react-dom [Correcto]
readable-stream [Correcto]
readdirp [Correcto]
remeda [Correcto]
require-from-string [Correcto]
retry [Correcto]
router [Correcto]
run-applescript [Correcto]
safe-buffer [Correcto]
safer-buffer [Correcto]
scheduler [Correcto]
semver [Correcto]
send [Correcto]
seq-queue [Correcto]
serve-static [Correcto]
setprototypeof [Correcto]
shebang-command [Correcto]
shebang-regex [Correcto]
side-channel [Correcto]
side-channel-list [Correcto]
side-channel-map [Correcto]
side-channel-weakmap [Correcto]
signal-exit [Correcto]
simple-update-notifier [Correcto]
sprintf-js [Correcto]
sqlstring [Correcto]
statuses [Correcto]
std-env [Correcto]
string_decoder [Correcto]
supports-color [Correcto]
tarn [Correcto]
tedious [Correcto]
to-regex-range [Correcto]
toidentifier [Correcto]
touch [Correcto]
tslib [Correcto]
type-is [Correcto]
undefsafe [Correcto]
undici-types [Correcto]
unpipe [Correcto]
valibot [Correcto]
vary [Correcto]
which [Correcto]
wrappy [Correcto]
wsl-utils [Correcto]
zeptomatch [Correcto]

 Descomprimiendo archivos en C:\controlab-h\backend\node_modules\.bin\

giget [Correcto]
giget.cmd [Correcto]
giget.ps1 [Correcto]
is-docker [Correcto]
is-docker.cmd [Correcto]
is-docker.ps1 [Correcto]
is-inside-container [Correcto]
is-inside-container.cmd [Correcto]
is-inside-container.ps1 [Correcto]
jiti [Correcto]
jiti.cmd [Correcto]
jiti.ps1 [Correcto]
mssql [Correcto]
mssql.cmd [Correcto]
mssql.ps1 [Correcto]
node-which [Correcto]
node-which.cmd [Correcto]
node-which.ps1 [Correcto]
nodemon [Correcto]
nodemon.cmd [Correcto]
nodemon.ps1 [Correcto]
nodetouch [Correcto]
nodetouch.cmd [Correcto]
nodetouch.ps1 [Correcto]
pglite-server [Correcto]
pglite-server.cmd [Correcto]
pglite-server.ps1 [Correcto]
prisma [Correcto]
prisma.cmd [Correcto]
prisma.ps1 [Correcto]
semver [Correcto]
semver.cmd [Correcto]
semver.ps1 [Correcto]

 Descomprimiendo archivos en C:\controlab-h\backend\node_modules\.cache\

jiti [Correcto]
prisma [Correcto]

 Descomprimiendo archivos en C:\controlab-h\backend\node_modules\.cache\jiti\

backend-prisma.config.37f00ec2.mjs [Correcto]

 Descomprimiendo archivos en C:\controlab-h\backend\node_modules\.cache\prisma\

master [Correcto]

 Descomprimiendo archivos en C:\controlab-h\backend\node_modules\.cache\prisma\master\

3c6e192761c0362d496ed980de936e2f3cebcd3a [Correcto]

 Descomprimiendo archivos en C:\controlab-h\backend\node_modules\.cache\prisma\master\3c6e192761c0362d496ed980de936e2f3cebcd3a\

windows [Correcto]

 Descomprimiendo archivos en C:\controlab-h\backend\node_modules\.cache\prisma\master\3c6e192761c0362d496ed980de936e2f3cebcd3a\windows\


 Descomprimiendo archivos en C:\controlab-h\backend\node_modules\@azure\

abort-controller [Correcto]
core-auth [Correcto]
core-client [Correcto]
core-lro [Correcto]
core-paging [Correcto]
core-rest-pipeline [Correcto]
core-tracing [Correcto]
core-util [Correcto]
identity [Correcto]
keyvault-common [Correcto]
keyvault-keys [Correcto]
logger [Correcto]
msal-browser [Correcto]
msal-common [Correcto]
msal-node [Correcto]

 Descomprimiendo archivos en C:\controlab-h\backend\node_modules\@azure\abort-controller\

dist [Correcto]
LICENSE [Correcto]
package.json [Correcto]
README.md [Correcto]

 Descomprimiendo archivos en C:\controlab-h\backend\node_modules\@azure\abort-controller\dist\

abort-controller.d.ts [Correcto]
browser [Correcto]
commonjs [Correcto]
esm [Correcto]
react-native [Correcto]

 Descomprimiendo archivos en C:\controlab-h\backend\node_modules\@azure\abort-controller\dist\browser\

AbortError.d.ts [Correcto]
AbortError.d.ts.map [Correcto]
AbortError.js [Correcto]
AbortError.js.map [Correcto]
AbortSignalLike.d.ts [Correcto]
AbortSignalLike.d.ts.map [Correcto]
AbortSignalLike.js [Correcto]
AbortSignalLike.js.map [Correcto]
index.d.ts [Correcto]
index.d.ts.map [Correcto]
index.js [Correcto]
index.js.map [Correcto]
package.json [Correcto]

 Descomprimiendo archivos en C:\controlab-h\backend\node_modules\@azure\abort-controller\dist\commonjs\

AbortError.d.ts [Correcto]
AbortError.d.ts.map [Correcto]
AbortError.js [Correcto]
AbortError.js.map [Correcto]
AbortSignalLike.d.ts [Correcto]
AbortSignalLike.d.ts.map [Correcto]
AbortSignalLike.js [Correcto]
AbortSignalLike.js.map [Correcto]
index.d.ts [Correcto]
index.d.ts.map [Correcto]
index.js [Correcto]
index.js.map [Correcto]
package.json [Correcto]
tsdoc-metadata.json [Correcto]

 Descomprimiendo archivos en C:\controlab-h\backend\node_modules\@azure\abort-controller\dist\esm\

AbortError.d.ts [Correcto]
AbortError.d.ts.map [Correcto]
AbortError.js [Correcto]
AbortError.js.map [Correcto]
AbortSignalLike.d.ts [Correcto]
AbortSignalLike.d.ts.map [Correcto]
AbortSignalLike.js [Correcto]
AbortSignalLike.js.map [Correcto]
index.d.ts [Correcto]
index.d.ts.map [Correcto]
index.js [Correcto]
index.js.map [Correcto]
package.json [Correcto]

 Descomprimiendo archivos en C:\controlab-h\backend\node_modules\@azure\abort-controller\dist\react-native\

AbortError.d.ts [Correcto]
AbortError.d.ts.map [Correcto]
AbortError.js [Correcto]
AbortError.js.map [Correcto]
AbortSignalLike.d.ts [Correcto]
AbortSignalLike.d.ts.map [Correcto]
AbortSignalLike.js [Correcto]
AbortSignalLike.js.map [Correcto]
index.d.ts [Correcto]
index.d.ts.map [Correcto]
index.js [Correcto]
index.js.map [Correcto]
package.json [Correcto]

 Descomprimiendo archivos en C:\controlab-h\backend\node_modules\@azure\core-auth\

dist [Correcto]
LICENSE [Correcto]
package.json [Correcto]
README.md [Correcto]

 Descomprimiendo archivos en C:\controlab-h\backend\node_modules\@azure\core-auth\dist\

browser [Correcto]
commonjs [Correcto]
esm [Correcto]
react-native [Correcto]

 Descomprimiendo archivos en C:\controlab-h\backend\node_modules\@azure\core-auth\dist\browser\

azureKeyCredential.d.ts [Correcto]
azureKeyCredential.js [Correcto]
azureKeyCredential.js.map [Correcto]
azureNamedKeyCredential.d.ts [Correcto]
azureNamedKeyCredential.js [Correcto]
azureNamedKeyCredential.js.map [Correcto]
azureSASCredential.d.ts [Correcto]
azureSASCredential.js [Correcto]
azureSASCredential.js.map [Correcto]
index.d.ts [Correcto]
index.js [Correcto]
index.js.map [Correcto]
keyCredential.d.ts [Correcto]
keyCredential.js [Correcto]
keyCredential.js.map [Correcto]
package.json [Correcto]
tokenCredential.d.ts [Correcto]
tokenCredential.js [Correcto]
tokenCredential.js.map [Correcto]
tracing.d.ts [Correcto]
tracing.js [Correcto]
tracing.js.map [Correcto]

 Descomprimiendo archivos en C:\controlab-h\backend\node_modules\@azure\core-auth\dist\commonjs\

azureKeyCredential.d.ts [Correcto]
azureKeyCredential.js [Correcto]
azureKeyCredential.js.map [Correcto]
azureNamedKeyCredential.d.ts [Correcto]
azureNamedKeyCredential.js [Correcto]
azureNamedKeyCredential.js.map [Correcto]
azureSASCredential.d.ts [Correcto]
azureSASCredential.js [Correcto]
azureSASCredential.js.map [Correcto]
index.d.ts [Correcto]
index.js [Correcto]
index.js.map [Correcto]
keyCredential.d.ts [Correcto]
keyCredential.js [Correcto]
keyCredential.js.map [Correcto]
package.json [Correcto]
tokenCredential.d.ts [Correcto]
tokenCredential.js [Correcto]
tokenCredential.js.map [Correcto]
tracing.d.ts [Correcto]
tracing.js [Correcto]
tracing.js.map [Correcto]
tsdoc-metadata.json [Correcto]

 Descomprimiendo archivos en C:\controlab-h\backend\node_modules\@azure\core-auth\dist\esm\

azureKeyCredential.d.ts [Correcto]
azureKeyCredential.js [Correcto]
azureKeyCredential.js.map [Correcto]
azureNamedKeyCredential.d.ts [Correcto]
azureNamedKeyCredential.js [Correcto]
azureNamedKeyCredential.js.map [Correcto]
azureSASCredential.d.ts [Correcto]
azureSASCredential.js [Correcto]
azureSASCredential.js.map [Correcto]
index.d.ts [Correcto]
index.js [Correcto]
index.js.map [Correcto]
keyCredential.d.ts [Correcto]
keyCredential.js [Correcto]
keyCredential.js.map [Correcto]
package.json [Correcto]
tokenCredential.d.ts [Correcto]
tokenCredential.js [Correcto]
tokenCredential.js.map [Correcto]
tracing.d.ts [Correcto]
tracing.js [Correcto]
tracing.js.map [Correcto]

 Descomprimiendo archivos en C:\controlab-h\backend\node_modules\@azure\core-auth\dist\react-native\

azureKeyCredential.d.ts [Correcto]
azureKeyCredential.js [Correcto]
azureKeyCredential.js.map [Correcto]
azureNamedKeyCredential.d.ts [Correcto]
azureNamedKeyCredential.js [Correcto]
azureNamedKeyCredential.js.map [Correcto]
azureSASCredential.d.ts [Correcto]
azureSASCredential.js [Correcto]
azureSASCredential.js.map [Correcto]
index.d.ts [Correcto]
index.js [Correcto]
index.js.map [Correcto]
keyCredential.d.ts [Correcto]
keyCredential.js [Correcto]
keyCredential.js.map [Correcto]
package.json [Correcto]
tokenCredential.d.ts [Correcto]
tokenCredential.js [Correcto]
tokenCredential.js.map [Correcto]
tracing.d.ts [Correcto]
tracing.js [Correcto]
tracing.js.map [Correcto]

 Descomprimiendo archivos en C:\controlab-h\backend\node_modules\@azure\core-client\

dist [Correcto]
LICENSE [Correcto]
package.json [Correcto]
README.md [Correcto]

 Descomprimiendo archivos en C:\controlab-h\backend\node_modules\@azure\core-client\dist\

browser [Correcto]
commonjs [Correcto]
esm [Correcto]
react-native [Correcto]

 Descomprimiendo archivos en C:\controlab-h\backend\node_modules\@azure\core-client\dist\browser\

authorizeRequestOnClaimChallenge.d.ts [Correcto]
authorizeRequestOnClaimChallenge.js [Correcto]
authorizeRequestOnClaimChallenge.js.map [Correcto]
authorizeRequestOnTenantChallenge.d.ts [Correcto]
authorizeRequestOnTenantChallenge.js [Correcto]
authorizeRequestOnTenantChallenge.js.map [Correcto]
base64.d.ts [Correcto]
base64.js [Correcto]
base64.js.map [Correcto]
deserializationPolicy.d.ts [Correcto]
deserializationPolicy.js [Correcto]
deserializationPolicy.js.map [Correcto]
httpClientCache.d.ts [Correcto]
httpClientCache.js [Correcto]
httpClientCache.js.map [Correcto]
index.d.ts [Correcto]
index.js [Correcto]
index.js.map [Correcto]
interfaceHelpers.d.ts [Correcto]
interfaceHelpers.js [Correcto]
interfaceHelpers.js.map [Correcto]
interfaces.d.ts [Correcto]
interfaces.js [Correcto]
interfaces.js.map [Correcto]
log.d.ts [Correcto]
log.js [Correcto]
log.js.map [Correcto]
operationHelpers.d.ts [Correcto]
operationHelpers.js [Correcto]
operationHelpers.js.map [Correcto]
package.json [Correcto]
pipeline.d.ts [Correcto]
pipeline.js [Correcto]
pipeline.js.map [Correcto]
serializationPolicy.d.ts [Correcto]
serializationPolicy.js [Correcto]
serializationPolicy.js.map [Correcto]
serializer.d.ts [Correcto]
serializer.js [Correcto]
serializer.js.map [Correcto]
serviceClient.d.ts [Correcto]
serviceClient.js [Correcto]
serviceClient.js.map [Correcto]
state-web.d.mts [Correcto]
state-web.mjs [Correcto]
state-web.mjs.map [Correcto]
urlHelpers.d.ts [Correcto]
urlHelpers.js [Correcto]
urlHelpers.js.map [Correcto]
utils.d.ts [Correcto]
utils.js [Correcto]
utils.js.map [Correcto]

 Descomprimiendo archivos en C:\controlab-h\backend\node_modules\@azure\core-client\dist\commonjs\

authorizeRequestOnClaimChallenge.d.ts [Correcto]
authorizeRequestOnClaimChallenge.js [Correcto]
authorizeRequestOnClaimChallenge.js.map [Correcto]
authorizeRequestOnTenantChallenge.d.ts [Correcto]
authorizeRequestOnTenantChallenge.js [Correcto]
authorizeRequestOnTenantChallenge.js.map [Correcto]
base64.d.ts [Correcto]
base64.js [Correcto]
base64.js.map [Correcto]
deserializationPolicy.d.ts [Correcto]
deserializationPolicy.js [Correcto]
deserializationPolicy.js.map [Correcto]
httpClientCache.d.ts [Correcto]
httpClientCache.js [Correcto]
httpClientCache.js.map [Correcto]
index.d.ts [Correcto]
index.js [Correcto]
index.js.map [Correcto]
interfaceHelpers.d.ts [Correcto]
interfaceHelpers.js [Correcto]
interfaceHelpers.js.map [Correcto]
interfaces.d.ts [Correcto]
interfaces.js [Correcto]
interfaces.js.map [Correcto]
log.d.ts [Correcto]
log.js [Correcto]
log.js.map [Correcto]
operationHelpers.d.ts [Correcto]
operationHelpers.js [Correcto]
operationHelpers.js.map [Correcto]
package.json [Correcto]
pipeline.d.ts [Correcto]
pipeline.js [Correcto]
pipeline.js.map [Correcto]
serializationPolicy.d.ts [Correcto]
serializationPolicy.js [Correcto]
serializationPolicy.js.map [Correcto]
serializer.d.ts [Correcto]
serializer.js [Correcto]
serializer.js.map [Correcto]
serviceClient.d.ts [Correcto]
serviceClient.js [Correcto]
serviceClient.js.map [Correcto]
state-cjs.d.ts [Correcto]
state-cjs.js [Correcto]
state-cjs.js.map [Correcto]
tsdoc-metadata.json [Correcto]
urlHelpers.d.ts [Correcto]
urlHelpers.js [Correcto]
urlHelpers.js.map [Correcto]
utils.d.ts [Correcto]
utils.js [Correcto]
utils.js.map [Correcto]

 Descomprimiendo archivos en C:\controlab-h\backend\node_modules\@azure\core-client\dist\esm\

authorizeRequestOnClaimChallenge.d.ts [Correcto]
authorizeRequestOnClaimChallenge.js [Correcto]
authorizeRequestOnClaimChallenge.js.map [Correcto]
authorizeRequestOnTenantChallenge.d.ts [Correcto]
authorizeRequestOnTenantChallenge.js [Correcto]
authorizeRequestOnTenantChallenge.js.map [Correcto]
base64.d.ts [Correcto]
base64.js [Correcto]
base64.js.map [Correcto]
deserializationPolicy.d.ts [Correcto]
deserializationPolicy.js [Correcto]
deserializationPolicy.js.map [Correcto]
httpClientCache.d.ts [Correcto]
httpClientCache.js [Correcto]
httpClientCache.js.map [Correcto]
index.d.ts [Correcto]
index.js [Correcto]
index.js.map [Correcto]
interfaceHelpers.d.ts [Correcto]
interfaceHelpers.js [Correcto]
interfaceHelpers.js.map [Correcto]
interfaces.d.ts [Correcto]
interfaces.js [Correcto]
interfaces.js.map [Correcto]
log.d.ts [Correcto]
log.js [Correcto]
log.js.map [Correcto]
operationHelpers.d.ts [Correcto]
operationHelpers.js [Correcto]
operationHelpers.js.map [Correcto]
package.json [Correcto]
pipeline.d.ts [Correcto]
pipeline.js [Correcto]
pipeline.js.map [Correcto]
serializationPolicy.d.ts [Correcto]
serializationPolicy.js [Correcto]
serializationPolicy.js.map [Correcto]
serializer.d.ts [Correcto]
serializer.js [Correcto]
serializer.js.map [Correcto]
serviceClient.d.ts [Correcto]
serviceClient.js [Correcto]
serviceClient.js.map [Correcto]
state-cjs.d.ts [Correcto]
state-cjs.js [Correcto]
state-cjs.js.map [Correcto]
state.d.ts [Correcto]
state.js [Correcto]
state.js.map [Correcto]
urlHelpers.d.ts [Correcto]
urlHelpers.js [Correcto]
urlHelpers.js.map [Correcto]
utils.d.ts [Correcto]
utils.js [Correcto]
utils.js.map [Correcto]

 Descomprimiendo archivos en C:\controlab-h\backend\node_modules\@azure\core-client\dist\react-native\

authorizeRequestOnClaimChallenge.d.ts [Correcto]
authorizeRequestOnClaimChallenge.js [Correcto]
authorizeRequestOnClaimChallenge.js.map [Correcto]
authorizeRequestOnTenantChallenge.d.ts [Correcto]
authorizeRequestOnTenantChallenge.js [Correcto]
authorizeRequestOnTenantChallenge.js.map [Correcto]
base64.d.ts [Correcto]
base64.js [Correcto]
base64.js.map [Correcto]
deserializationPolicy.d.ts [Correcto]
deserializationPolicy.js [Correcto]
deserializationPolicy.js.map [Correcto]
httpClientCache.d.ts [Correcto]
httpClientCache.js [Correcto]
httpClientCache.js.map [Correcto]
index.d.ts [Correcto]
index.js [Correcto]
index.js.map [Correcto]
interfaceHelpers.d.ts [Correcto]
interfaceHelpers.js [Correcto]
interfaceHelpers.js.map [Correcto]
interfaces.d.ts [Correcto]
interfaces.js [Correcto]
interfaces.js.map [Correcto]
log.d.ts [Correcto]
log.js [Correcto]
log.js.map [Correcto]
operationHelpers.d.ts [Correcto]
operationHelpers.js [Correcto]
operationHelpers.js.map [Correcto]
package.json [Correcto]
pipeline.d.ts [Correcto]
pipeline.js [Correcto]
pipeline.js.map [Correcto]
serializationPolicy.d.ts [Correcto]
serializationPolicy.js [Correcto]
serializationPolicy.js.map [Correcto]
serializer.d.ts [Correcto]
serializer.js [Correcto]
serializer.js.map [Correcto]
serviceClient.d.ts [Correcto]
serviceClient.js [Correcto]
serviceClient.js.map [Correcto]
state-web.d.mts [Correcto]
state-web.mjs [Correcto]
state-web.mjs.map [Correcto]
urlHelpers.d.ts [Correcto]
urlHelpers.js [Correcto]
urlHelpers.js.map [Correcto]
utils.d.ts [Correcto]
utils.js [Correcto]
utils.js.map [Correcto]

 Descomprimiendo archivos en C:\controlab-h\backend\node_modules\@azure\core-lro\

dist [Correcto]
LICENSE [Correcto]
package.json [Correcto]
README.md [Correcto]

 Descomprimiendo archivos en C:\controlab-h\backend\node_modules\@azure\core-lro\dist\

browser [Correcto]
commonjs [Correcto]
core-lro.d.ts [Correcto]
esm [Correcto]
react-native [Correcto]

 Descomprimiendo archivos en C:\controlab-h\backend\node_modules\@azure\core-lro\dist\browser\

http [Correcto]
index.d.ts [Correcto]
index.d.ts.map [Correcto]
index.js [Correcto]
index.js.map [Correcto]
legacy [Correcto]
logger.d.ts [Correcto]
logger.d.ts.map [Correcto]
logger.js [Correcto]
logger.js.map [Correcto]
package.json [Correcto]
poller [Correcto]

 Descomprimiendo archivos en C:\controlab-h\backend\node_modules\@azure\core-lro\dist\browser\http\

models.d.ts [Correcto]
models.d.ts.map [Correcto]
models.js [Correcto]
models.js.map [Correcto]
operation.d.ts [Correcto]
operation.d.ts.map [Correcto]
operation.js [Correcto]
operation.js.map [Correcto]
poller.d.ts [Correcto]
poller.d.ts.map [Correcto]
poller.js [Correcto]
poller.js.map [Correcto]

 Descomprimiendo archivos en C:\controlab-h\backend\node_modules\@azure\core-lro\dist\browser\legacy\

lroEngine [Correcto]
models.d.ts [Correcto]
models.d.ts.map [Correcto]
models.js [Correcto]
models.js.map [Correcto]
poller.d.ts [Correcto]
poller.d.ts.map [Correcto]
poller.js [Correcto]
poller.js.map [Correcto]
pollOperation.d.ts [Correcto]
pollOperation.d.ts.map [Correcto]
pollOperation.js [Correcto]
pollOperation.js.map [Correcto]

 Descomprimiendo archivos en C:\controlab-h\backend\node_modules\@azure\core-lro\dist\browser\legacy\lroEngine\

index.d.ts [Correcto]
index.d.ts.map [Correcto]
index.js [Correcto]
index.js.map [Correcto]
lroEngine.d.ts [Correcto]
lroEngine.d.ts.map [Correcto]
lroEngine.js [Correcto]
lroEngine.js.map [Correcto]
models.d.ts [Correcto]
models.d.ts.map [Correcto]
models.js [Correcto]
models.js.map [Correcto]
operation.d.ts [Correcto]
operation.d.ts.map [Correcto]
operation.js [Correcto]
operation.js.map [Correcto]

 Descomprimiendo archivos en C:\controlab-h\backend\node_modules\@azure\core-lro\dist\browser\poller\

constants.d.ts [Correcto]
constants.d.ts.map [Correcto]
constants.js [Correcto]
constants.js.map [Correcto]
models.d.ts [Correcto]
models.d.ts.map [Correcto]
models.js [Correcto]
models.js.map [Correcto]
operation.d.ts [Correcto]
operation.d.ts.map [Correcto]
operation.js [Correcto]
operation.js.map [Correcto]
poller.d.ts [Correcto]
poller.d.ts.map [Correcto]
poller.js [Correcto]
poller.js.map [Correcto]

 Descomprimiendo archivos en C:\controlab-h\backend\node_modules\@azure\core-lro\dist\commonjs\

http [Correcto]
index.d.ts [Correcto]
index.d.ts.map [Correcto]
index.js [Correcto]
index.js.map [Correcto]
legacy [Correcto]
logger.d.ts [Correcto]
logger.d.ts.map [Correcto]
logger.js [Correcto]
logger.js.map [Correcto]
package.json [Correcto]
poller [Correcto]
tsdoc-metadata.json [Correcto]

 Descomprimiendo archivos en C:\controlab-h\backend\node_modules\@azure\core-lro\dist\commonjs\http\

models.d.ts [Correcto]
models.d.ts.map [Correcto]
models.js [Correcto]
models.js.map [Correcto]
operation.d.ts [Correcto]
operation.d.ts.map [Correcto]
operation.js [Correcto]
operation.js.map [Correcto]
poller.d.ts [Correcto]
poller.d.ts.map [Correcto]
poller.js [Correcto]
poller.js.map [Correcto]

 Descomprimiendo archivos en C:\controlab-h\backend\node_modules\@azure\core-lro\dist\commonjs\legacy\

lroEngine [Correcto]
models.d.ts [Correcto]
models.d.ts.map [Correcto]
models.js [Correcto]
models.js.map [Correcto]
poller.d.ts [Correcto]
poller.d.ts.map [Correcto]
poller.js [Correcto]
poller.js.map [Correcto]
pollOperation.d.ts [Correcto]
pollOperation.d.ts.map [Correcto]
pollOperation.js [Correcto]
pollOperation.js.map [Correcto]

 Descomprimiendo archivos en C:\controlab-h\backend\node_modules\@azure\core-lro\dist\commonjs\legacy\lroEngine\

index.d.ts [Correcto]
index.d.ts.map [Correcto]
index.js [Correcto]
index.js.map [Correcto]
lroEngine.d.ts [Correcto]
lroEngine.d.ts.map [Correcto]
lroEngine.js [Correcto]
lroEngine.js.map [Correcto]
models.d.ts [Correcto]
models.d.ts.map [Correcto]
models.js [Correcto]
models.js.map [Correcto]
operation.d.ts [Correcto]
operation.d.ts.map [Correcto]
operation.js [Correcto]
operation.js.map [Correcto]

 Descomprimiendo archivos en C:\controlab-h\backend\node_modules\@azure\core-lro\dist\commonjs\poller\

constants.d.ts [Correcto]
constants.d.ts.map [Correcto]
constants.js [Correcto]
constants.js.map [Correcto]
models.d.ts [Correcto]
models.d.ts.map [Correcto]
models.js [Correcto]
models.js.map [Correcto]
operation.d.ts [Correcto]
operation.d.ts.map [Correcto]
operation.js [Correcto]
operation.js.map [Correcto]
poller.d.ts [Correcto]
poller.d.ts.map [Correcto]
poller.js [Correcto]
poller.js.map [Correcto]

 Descomprimiendo archivos en C:\controlab-h\backend\node_modules\@azure\core-lro\dist\esm\

http [Correcto]
index.d.ts [Correcto]
index.d.ts.map [Correcto]
index.js [Correcto]
index.js.map [Correcto]
legacy [Correcto]
logger.d.ts [Correcto]
logger.d.ts.map [Correcto]
logger.js [Correcto]
logger.js.map [Correcto]
package.json [Correcto]
poller [Correcto]

 Descomprimiendo archivos en C:\controlab-h\backend\node_modules\@azure\core-lro\dist\esm\http\

models.d.ts [Correcto]
models.d.ts.map [Correcto]
models.js [Correcto]
models.js.map [Correcto]
operation.d.ts [Correcto]
operation.d.ts.map [Correcto]
operation.js [Correcto]
operation.js.map [Correcto]
poller.d.ts [Correcto]
poller.d.ts.map [Correcto]
poller.js [Correcto]
poller.js.map [Correcto]

 Descomprimiendo archivos en C:\controlab-h\backend\node_modules\@azure\core-lro\dist\esm\legacy\

lroEngine [Correcto]
models.d.ts [Correcto]
models.d.ts.map [Correcto]
models.js [Correcto]
models.js.map [Correcto]
poller.d.ts [Correcto]
poller.d.ts.map [Correcto]
poller.js [Correcto]
poller.js.map [Correcto]
pollOperation.d.ts [Correcto]
pollOperation.d.ts.map [Correcto]
pollOperation.js [Correcto]
pollOperation.js.map [Correcto]

 Descomprimiendo archivos en C:\controlab-h\backend\node_modules\@azure\core-lro\dist\esm\legacy\lroEngine\

index.d.ts [Correcto]
index.d.ts.map [Correcto]
index.js [Correcto]
index.js.map [Correcto]
lroEngine.d.ts [Correcto]
lroEngine.d.ts.map [Correcto]
lroEngine.js [Correcto]
lroEngine.js.map [Correcto]
models.d.ts [Correcto]
models.d.ts.map [Correcto]
models.js [Correcto]
models.js.map [Correcto]
operation.d.ts [Correcto]
operation.d.ts.map [Correcto]
operation.js [Correcto]
operation.js.map [Correcto]

 Descomprimiendo archivos en C:\controlab-h\backend\node_modules\@azure\core-lro\dist\esm\poller\

constants.d.ts [Correcto]
constants.d.ts.map [Correcto]
constants.js [Correcto]
constants.js.map [Correcto]
models.d.ts [Correcto]
models.d.ts.map [Correcto]
models.js [Correcto]
models.js.map [Correcto]
operation.d.ts [Correcto]
operation.d.ts.map [Correcto]
operation.js [Correcto]
operation.js.map [Correcto]
poller.d.ts [Correcto]
poller.d.ts.map [Correcto]
poller.js [Correcto]
poller.js.map [Correcto]

 Descomprimiendo archivos en C:\controlab-h\backend\node_modules\@azure\core-lro\dist\react-native\

http [Correcto]
index.d.ts [Correcto]
index.d.ts.map [Correcto]
index.js [Correcto]
index.js.map [Correcto]
legacy [Correcto]
logger.d.ts [Correcto]
logger.d.ts.map [Correcto]
logger.js [Correcto]
logger.js.map [Correcto]
package.json [Correcto]
poller [Correcto]

 Descomprimiendo archivos en C:\controlab-h\backend\node_modules\@azure\core-lro\dist\react-native\http\

models.d.ts [Correcto]
models.d.ts.map [Correcto]
models.js [Correcto]
models.js.map [Correcto]
operation.d.ts [Correcto]
operation.d.ts.map [Correcto]
operation.js [Correcto]
operation.js.map [Correcto]
poller.d.ts [Correcto]
poller.d.ts.map [Correcto]
poller.js [Correcto]
poller.js.map [Correcto]

 Descomprimiendo archivos en C:\controlab-h\backend\node_modules\@azure\core-lro\dist\react-native\legacy\

lroEngine [Correcto]
models.d.ts [Correcto]
models.d.ts.map [Correcto]
models.js [Correcto]
models.js.map [Correcto]
poller.d.ts [Correcto]
poller.d.ts.map [Correcto]
poller.js [Correcto]
poller.js.map [Correcto]
pollOperation.d.ts [Correcto]
pollOperation.d.ts.map [Correcto]
pollOperation.js [Correcto]
pollOperation.js.map [Correcto]

 Descomprimiendo archivos en C:\controlab-h\backend\node_modules\@azure\core-lro\dist\react-native\legacy\lroEngine\

index.d.ts [Correcto]
index.d.ts.map [Correcto]
index.js [Correcto]
index.js.map [Correcto]
lroEngine.d.ts [Correcto]
lroEngine.d.ts.map [Correcto]
lroEngine.js [Correcto]
lroEngine.js.map [Correcto]
models.d.ts [Correcto]
models.d.ts.map [Correcto]
models.js [Correcto]
models.js.map [Correcto]
operation.d.ts [Correcto]
operation.d.ts.map [Correcto]
operation.js [Correcto]
operation.js.map [Correcto]

 Descomprimiendo archivos en C:\controlab-h\backend\node_modules\@azure\core-lro\dist\react-native\poller\

constants.d.ts [Correcto]
constants.d.ts.map [Correcto]
constants.js [Correcto]
constants.js.map [Correcto]
models.d.ts [Correcto]
models.d.ts.map [Correcto]
models.js [Correcto]
models.js.map [Correcto]
operation.d.ts [Correcto]
operation.d.ts.map [Correcto]
operation.js [Correcto]
operation.js.map [Correcto]
poller.d.ts [Correcto]
poller.d.ts.map [Correcto]
poller.js [Correcto]
poller.js.map [Correcto]

 Descomprimiendo archivos en C:\controlab-h\backend\node_modules\@azure\core-paging\

dist [Correcto]
LICENSE [Correcto]
package.json [Correcto]
README.md [Correcto]

 Descomprimiendo archivos en C:\controlab-h\backend\node_modules\@azure\core-paging\dist\

browser [Correcto]
commonjs [Correcto]
core-paging.d.ts [Correcto]
esm [Correcto]
react-native [Correcto]

 Descomprimiendo archivos en C:\controlab-h\backend\node_modules\@azure\core-paging\dist\browser\

getPagedAsyncIterator.d.ts [Correcto]
getPagedAsyncIterator.d.ts.map [Correcto]
getPagedAsyncIterator.js [Correcto]
getPagedAsyncIterator.js.map [Correcto]
index.d.ts [Correcto]
index.d.ts.map [Correcto]
index.js [Correcto]
index.js.map [Correcto]
models.d.ts [Correcto]
models.d.ts.map [Correcto]
models.js [Correcto]
models.js.map [Correcto]
package.json [Correcto]

 Descomprimiendo archivos en C:\controlab-h\backend\node_modules\@azure\core-paging\dist\commonjs\

getPagedAsyncIterator.d.ts [Correcto]
getPagedAsyncIterator.d.ts.map [Correcto]
getPagedAsyncIterator.js [Correcto]
getPagedAsyncIterator.js.map [Correcto]
index.d.ts [Correcto]
index.d.ts.map [Correcto]
index.js [Correcto]
index.js.map [Correcto]
models.d.ts [Correcto]
models.d.ts.map [Correcto]
models.js [Correcto]
models.js.map [Correcto]
package.json [Correcto]
tsdoc-metadata.json [Correcto]

 Descomprimiendo archivos en C:\controlab-h\backend\node_modules\@azure\core-paging\dist\esm\

getPagedAsyncIterator.d.ts [Correcto]
getPagedAsyncIterator.d.ts.map [Correcto]
getPagedAsyncIterator.js [Correcto]
getPagedAsyncIterator.js.map [Correcto]
index.d.ts [Correcto]
index.d.ts.map [Correcto]
index.js [Correcto]
index.js.map [Correcto]
models.d.ts [Correcto]
models.d.ts.map [Correcto]
models.js [Correcto]
models.js.map [Correcto]
package.json [Correcto]

 Descomprimiendo archivos en C:\controlab-h\backend\node_modules\@azure\core-paging\dist\react-native\

getPagedAsyncIterator.d.ts [Correcto]
getPagedAsyncIterator.d.ts.map [Correcto]
getPagedAsyncIterator.js [Correcto]
getPagedAsyncIterator.js.map [Correcto]
index.d.ts [Correcto]
index.d.ts.map [Correcto]
index.js [Correcto]
index.js.map [Correcto]
models.d.ts [Correcto]
models.d.ts.map [Correcto]
models.js [Correcto]
models.js.map [Correcto]
package.json [Correcto]

 Descomprimiendo archivos en C:\controlab-h\backend\node_modules\@azure\core-rest-pipeline\

dist [Correcto]
LICENSE [Correcto]
package.json [Correcto]
README.md [Correcto]

 Descomprimiendo archivos en C:\controlab-h\backend\node_modules\@azure\core-rest-pipeline\dist\

browser [Correcto]
commonjs [Correcto]
esm [Correcto]
react-native [Correcto]

 Descomprimiendo archivos en C:\controlab-h\backend\node_modules\@azure\core-rest-pipeline\dist\browser\

constants.d.ts [Correcto]
constants.js [Correcto]
constants.js.map [Correcto]
createPipelineFromOptions.d.ts [Correcto]
createPipelineFromOptions.js [Correcto]
createPipelineFromOptions.js.map [Correcto]
defaultHttpClient.d.ts [Correcto]
defaultHttpClient.js [Correcto]
defaultHttpClient.js.map [Correcto]
httpHeaders.d.ts [Correcto]
httpHeaders.js [Correcto]
httpHeaders.js.map [Correcto]
index.d.ts [Correcto]
index.js [Correcto]
index.js.map [Correcto]
interfaces.d.ts [Correcto]
interfaces.js [Correcto]
interfaces.js.map [Correcto]
log.d.ts [Correcto]
log.js [Correcto]
log.js.map [Correcto]
package.json [Correcto]
pipeline.d.ts [Correcto]
pipeline.js [Correcto]
pipeline.js.map [Correcto]
pipelineRequest.d.ts [Correcto]
pipelineRequest.js [Correcto]
pipelineRequest.js.map [Correcto]
policies [Correcto]
restError.d.ts [Correcto]
restError.js [Correcto]
restError.js.map [Correcto]
util [Correcto]

 Descomprimiendo archivos en C:\controlab-h\backend\node_modules\@azure\core-rest-pipeline\dist\browser\policies\

agentPolicy.d.ts [Correcto]
agentPolicy.js [Correcto]
agentPolicy.js.map [Correcto]
auxiliaryAuthenticationHeaderPolicy.d.ts [Correcto]
auxiliaryAuthenticationHeaderPolicy.js [Correcto]
auxiliaryAuthenticationHeaderPolicy.js.map [Correcto]
bearerTokenAuthenticationPolicy.d.ts [Correcto]
bearerTokenAuthenticationPolicy.js [Correcto]
bearerTokenAuthenticationPolicy.js.map [Correcto]
decompressResponsePolicy.d.ts [Correcto]
decompressResponsePolicy.js [Correcto]
decompressResponsePolicy.js.map [Correcto]
defaultRetryPolicy.d.ts [Correcto]
defaultRetryPolicy.js [Correcto]
defaultRetryPolicy.js.map [Correcto]
exponentialRetryPolicy.d.ts [Correcto]
exponentialRetryPolicy.js [Correcto]
exponentialRetryPolicy.js.map [Correcto]
formDataPolicy.d.ts [Correcto]
formDataPolicy.js [Correcto]
formDataPolicy.js.map [Correcto]
logPolicy.d.ts [Correcto]
logPolicy.js [Correcto]
logPolicy.js.map [Correcto]
multipartPolicy.d.ts [Correcto]
multipartPolicy.js [Correcto]
multipartPolicy.js.map [Correcto]
ndJsonPolicy.d.ts [Correcto]
ndJsonPolicy.js [Correcto]
ndJsonPolicy.js.map [Correcto]
proxyPolicy.d.ts [Correcto]
proxyPolicy.js [Correcto]
proxyPolicy.js.map [Correcto]
redirectPolicy.d.ts [Correcto]
redirectPolicy.js [Correcto]
redirectPolicy.js.map [Correcto]
retryPolicy.d.ts [Correcto]
retryPolicy.js [Correcto]
retryPolicy.js.map [Correcto]
setClientRequestIdPolicy.d.ts [Correcto]
setClientRequestIdPolicy.js [Correcto]
setClientRequestIdPolicy.js.map [Correcto]
systemErrorRetryPolicy.d.ts [Correcto]
systemErrorRetryPolicy.js [Correcto]
systemErrorRetryPolicy.js.map [Correcto]
throttlingRetryPolicy.d.ts [Correcto]
throttlingRetryPolicy.js [Correcto]
throttlingRetryPolicy.js.map [Correcto]
tlsPolicy.d.ts [Correcto]
tlsPolicy.js [Correcto]
tlsPolicy.js.map [Correcto]
tracingPolicy.d.ts [Correcto]
tracingPolicy.js [Correcto]
tracingPolicy.js.map [Correcto]
userAgentPolicy.d.ts [Correcto]
userAgentPolicy.js [Correcto]
userAgentPolicy.js.map [Correcto]
wrapAbortSignalLikePolicy.d.ts [Correcto]
wrapAbortSignalLikePolicy.js [Correcto]
wrapAbortSignalLikePolicy.js.map [Correcto]

 Descomprimiendo archivos en C:\controlab-h\backend\node_modules\@azure\core-rest-pipeline\dist\browser\util\

createFile-browser.d.mts [Correcto]
createFile-browser.mjs [Correcto]
createFile-browser.mjs.map [Correcto]
file.d.ts [Correcto]
file.js [Correcto]
file.js.map [Correcto]
tokenCycler.d.ts [Correcto]
tokenCycler.js [Correcto]
tokenCycler.js.map [Correcto]
userAgent.d.ts [Correcto]
userAgent.js [Correcto]
userAgent.js.map [Correcto]
userAgentPlatform-browser.d.mts [Correcto]
userAgentPlatform-browser.mjs [Correcto]
userAgentPlatform-browser.mjs.map [Correcto]
wrapAbortSignal.d.ts [Correcto]
wrapAbortSignal.js [Correcto]
wrapAbortSignal.js.map [Correcto]

 Descomprimiendo archivos en C:\controlab-h\backend\node_modules\@azure\core-rest-pipeline\dist\commonjs\

constants.d.ts [Correcto]
constants.js [Correcto]
constants.js.map [Correcto]
createPipelineFromOptions.d.ts [Correcto]
createPipelineFromOptions.js [Correcto]
createPipelineFromOptions.js.map [Correcto]
defaultHttpClient.d.ts [Correcto]
defaultHttpClient.js [Correcto]
defaultHttpClient.js.map [Correcto]
httpHeaders.d.ts [Correcto]
httpHeaders.js [Correcto]
httpHeaders.js.map [Correcto]
index.d.ts [Correcto]
index.js [Correcto]
index.js.map [Correcto]
interfaces.d.ts [Correcto]
interfaces.js [Correcto]
interfaces.js.map [Correcto]
log.d.ts [Correcto]
log.js [Correcto]
log.js.map [Correcto]
package.json [Correcto]
pipeline.d.ts [Correcto]
pipeline.js [Correcto]
pipeline.js.map [Correcto]
pipelineRequest.d.ts [Correcto]
pipelineRequest.js [Correcto]
pipelineRequest.js.map [Correcto]
policies [Correcto]
restError.d.ts [Correcto]
restError.js [Correcto]
restError.js.map [Correcto]
tsdoc-metadata.json [Correcto]
util [Correcto]

 Descomprimiendo archivos en C:\controlab-h\backend\node_modules\@azure\core-rest-pipeline\dist\commonjs\policies\

agentPolicy.d.ts [Correcto]
agentPolicy.js [Correcto]
agentPolicy.js.map [Correcto]
auxiliaryAuthenticationHeaderPolicy.d.ts [Correcto]
auxiliaryAuthenticationHeaderPolicy.js [Correcto]
auxiliaryAuthenticationHeaderPolicy.js.map [Correcto]
bearerTokenAuthenticationPolicy.d.ts [Correcto]
bearerTokenAuthenticationPolicy.js [Correcto]
bearerTokenAuthenticationPolicy.js.map [Correcto]
decompressResponsePolicy.d.ts [Correcto]
decompressResponsePolicy.js [Correcto]
decompressResponsePolicy.js.map [Correcto]
defaultRetryPolicy.d.ts [Correcto]
defaultRetryPolicy.js [Correcto]
defaultRetryPolicy.js.map [Correcto]
exponentialRetryPolicy.d.ts [Correcto]
exponentialRetryPolicy.js [Correcto]
exponentialRetryPolicy.js.map [Correcto]
formDataPolicy.d.ts [Correcto]
formDataPolicy.js [Correcto]
formDataPolicy.js.map [Correcto]
logPolicy.d.ts [Correcto]
logPolicy.js [Correcto]
logPolicy.js.map [Correcto]
multipartPolicy.d.ts [Correcto]
multipartPolicy.js [Correcto]
multipartPolicy.js.map [Correcto]
ndJsonPolicy.d.ts [Correcto]
ndJsonPolicy.js [Correcto]
ndJsonPolicy.js.map [Correcto]
proxyPolicy.d.ts [Correcto]
proxyPolicy.js [Correcto]
proxyPolicy.js.map [Correcto]
redirectPolicy.d.ts [Correcto]
redirectPolicy.js [Correcto]
redirectPolicy.js.map [Correcto]
retryPolicy.d.ts [Correcto]
retryPolicy.js [Correcto]
retryPolicy.js.map [Correcto]
setClientRequestIdPolicy.d.ts [Correcto]
setClientRequestIdPolicy.js [Correcto]
setClientRequestIdPolicy.js.map [Correcto]
systemErrorRetryPolicy.d.ts [Correcto]
systemErrorRetryPolicy.js [Correcto]
systemErrorRetryPolicy.js.map [Correcto]
throttlingRetryPolicy.d.ts [Correcto]
throttlingRetryPolicy.js [Correcto]
throttlingRetryPolicy.js.map [Correcto]
tlsPolicy.d.ts [Correcto]
tlsPolicy.js [Correcto]
tlsPolicy.js.map [Correcto]
tracingPolicy.d.ts [Correcto]
tracingPolicy.js [Correcto]
tracingPolicy.js.map [Correcto]
userAgentPolicy.d.ts [Correcto]
userAgentPolicy.js [Correcto]
userAgentPolicy.js.map [Correcto]
wrapAbortSignalLikePolicy.d.ts [Correcto]
wrapAbortSignalLikePolicy.js [Correcto]
wrapAbortSignalLikePolicy.js.map [Correcto]

 Descomprimiendo archivos en C:\controlab-h\backend\node_modules\@azure\core-rest-pipeline\dist\commonjs\util\

createFile.d.ts [Correcto]
createFile.js [Correcto]
createFile.js.map [Correcto]
file.d.ts [Correcto]
file.js [Correcto]
file.js.map [Correcto]
tokenCycler.d.ts [Correcto]
tokenCycler.js [Correcto]
tokenCycler.js.map [Correcto]
userAgent.d.ts [Correcto]
userAgent.js [Correcto]
userAgent.js.map [Correcto]
userAgentPlatform.d.ts [Correcto]
userAgentPlatform.js [Correcto]
userAgentPlatform.js.map [Correcto]
wrapAbortSignal.d.ts [Correcto]
wrapAbortSignal.js [Correcto]
wrapAbortSignal.js.map [Correcto]

 Descomprimiendo archivos en C:\controlab-h\backend\node_modules\@azure\core-rest-pipeline\dist\esm\

constants.d.ts [Correcto]
constants.js [Correcto]
constants.js.map [Correcto]
createPipelineFromOptions.d.ts [Correcto]
createPipelineFromOptions.js [Correcto]
createPipelineFromOptions.js.map [Correcto]
defaultHttpClient.d.ts [Correcto]
defaultHttpClient.js [Correcto]
defaultHttpClient.js.map [Correcto]
httpHeaders.d.ts [Correcto]
httpHeaders.js [Correcto]
httpHeaders.js.map [Correcto]
index.d.ts [Correcto]
index.js [Correcto]
index.js.map [Correcto]
interfaces.d.ts [Correcto]
interfaces.js [Correcto]
interfaces.js.map [Correcto]
log.d.ts [Correcto]
log.js [Correcto]
log.js.map [Correcto]
package.json [Correcto]
pipeline.d.ts [Correcto]
pipeline.js [Correcto]
pipeline.js.map [Correcto]
pipelineRequest.d.ts [Correcto]
pipelineRequest.js [Correcto]
pipelineRequest.js.map [Correcto]
policies [Correcto]
restError.d.ts [Correcto]
restError.js [Correcto]
restError.js.map [Correcto]
util [Correcto]

 Descomprimiendo archivos en C:\controlab-h\backend\node_modules\@azure\core-rest-pipeline\dist\esm\policies\

agentPolicy.d.ts [Correcto]
agentPolicy.js [Correcto]
agentPolicy.js.map [Correcto]
auxiliaryAuthenticationHeaderPolicy.d.ts [Correcto]
auxiliaryAuthenticationHeaderPolicy.js [Correcto]
auxiliaryAuthenticationHeaderPolicy.js.map [Correcto]
bearerTokenAuthenticationPolicy.d.ts [Correcto]
bearerTokenAuthenticationPolicy.js [Correcto]
bearerTokenAuthenticationPolicy.js.map [Correcto]
decompressResponsePolicy.d.ts [Correcto]
decompressResponsePolicy.js [Correcto]
decompressResponsePolicy.js.map [Correcto]
defaultRetryPolicy.d.ts [Correcto]
defaultRetryPolicy.js [Correcto]
defaultRetryPolicy.js.map [Correcto]
exponentialRetryPolicy.d.ts [Correcto]
exponentialRetryPolicy.js [Correcto]
exponentialRetryPolicy.js.map [Correcto]
formDataPolicy.d.ts [Correcto]
formDataPolicy.js [Correcto]
formDataPolicy.js.map [Correcto]
logPolicy.d.ts [Correcto]
logPolicy.js [Correcto]
logPolicy.js.map [Correcto]
multipartPolicy.d.ts [Correcto]
multipartPolicy.js [Correcto]
multipartPolicy.js.map [Correcto]
ndJsonPolicy.d.ts [Correcto]
ndJsonPolicy.js [Correcto]
ndJsonPolicy.js.map [Correcto]
proxyPolicy.d.ts [Correcto]
proxyPolicy.js [Correcto]
proxyPolicy.js.map [Correcto]
redirectPolicy.d.ts [Correcto]
redirectPolicy.js [Correcto]
redirectPolicy.js.map [Correcto]
retryPolicy.d.ts [Correcto]
retryPolicy.js [Correcto]
retryPolicy.js.map [Correcto]
setClientRequestIdPolicy.d.ts [Correcto]
setClientRequestIdPolicy.js [Correcto]
setClientRequestIdPolicy.js.map [Correcto]
systemErrorRetryPolicy.d.ts [Correcto]
systemErrorRetryPolicy.js [Correcto]
systemErrorRetryPolicy.js.map [Correcto]
throttlingRetryPolicy.d.ts [Correcto]
throttlingRetryPolicy.js [Correcto]
throttlingRetryPolicy.js.map [Correcto]
tlsPolicy.d.ts [Correcto]
tlsPolicy.js [Correcto]
tlsPolicy.js.map [Correcto]
tracingPolicy.d.ts [Correcto]
tracingPolicy.js [Correcto]
tracingPolicy.js.map [Correcto]
userAgentPolicy.d.ts [Correcto]
userAgentPolicy.js [Correcto]
userAgentPolicy.js.map [Correcto]
wrapAbortSignalLikePolicy.d.ts [Correcto]
wrapAbortSignalLikePolicy.js [Correcto]
wrapAbortSignalLikePolicy.js.map [Correcto]

 Descomprimiendo archivos en C:\controlab-h\backend\node_modules\@azure\core-rest-pipeline\dist\esm\util\

createFile.d.ts [Correcto]
createFile.js [Correcto]
createFile.js.map [Correcto]
file.d.ts [Correcto]
file.js [Correcto]
file.js.map [Correcto]
tokenCycler.d.ts [Correcto]
tokenCycler.js [Correcto]
tokenCycler.js.map [Correcto]
userAgent.d.ts [Correcto]
userAgent.js [Correcto]
userAgent.js.map [Correcto]
userAgentPlatform.d.ts [Correcto]
userAgentPlatform.js [Correcto]
userAgentPlatform.js.map [Correcto]
wrapAbortSignal.d.ts [Correcto]
wrapAbortSignal.js [Correcto]
wrapAbortSignal.js.map [Correcto]

 Descomprimiendo archivos en C:\controlab-h\backend\node_modules\@azure\core-rest-pipeline\dist\react-native\

constants.d.ts [Correcto]
constants.js [Correcto]
constants.js.map [Correcto]
createPipelineFromOptions.d.ts [Correcto]
createPipelineFromOptions.js [Correcto]
createPipelineFromOptions.js.map [Correcto]
defaultHttpClient.d.ts [Correcto]
defaultHttpClient.js [Correcto]
defaultHttpClient.js.map [Correcto]
httpHeaders.d.ts [Correcto]
httpHeaders.js [Correcto]
httpHeaders.js.map [Correcto]
index.d.ts [Correcto]
index.js [Correcto]
index.js.map [Correcto]
interfaces.d.ts [Correcto]
interfaces.js [Correcto]
interfaces.js.map [Correcto]
log.d.ts [Correcto]
log.js [Correcto]
log.js.map [Correcto]
package.json [Correcto]
pipeline.d.ts [Correcto]
pipeline.js [Correcto]
pipeline.js.map [Correcto]
pipelineRequest.d.ts [Correcto]
pipelineRequest.js [Correcto]
pipelineRequest.js.map [Correcto]
policies [Correcto]
restError.d.ts [Correcto]
restError.js [Correcto]
restError.js.map [Correcto]
util [Correcto]

 Descomprimiendo archivos en C:\controlab-h\backend\node_modules\@azure\core-rest-pipeline\dist\react-native\policies\

agentPolicy.d.ts [Correcto]
agentPolicy.js [Correcto]
agentPolicy.js.map [Correcto]
auxiliaryAuthenticationHeaderPolicy.d.ts [Correcto]
auxiliaryAuthenticationHeaderPolicy.js [Correcto]
auxiliaryAuthenticationHeaderPolicy.js.map [Correcto]
bearerTokenAuthenticationPolicy.d.ts [Correcto]
bearerTokenAuthenticationPolicy.js [Correcto]
bearerTokenAuthenticationPolicy.js.map [Correcto]
decompressResponsePolicy.d.ts [Correcto]
decompressResponsePolicy.js [Correcto]
decompressResponsePolicy.js.map [Correcto]
defaultRetryPolicy.d.ts [Correcto]
defaultRetryPolicy.js [Correcto]
defaultRetryPolicy.js.map [Correcto]
exponentialRetryPolicy.d.ts [Correcto]
exponentialRetryPolicy.js [Correcto]
exponentialRetryPolicy.js.map [Correcto]
formDataPolicy.d.ts [Correcto]
formDataPolicy.js [Correcto]
formDataPolicy.js.map [Correcto]
logPolicy.d.ts [Correcto]
logPolicy.js [Correcto]
logPolicy.js.map [Correcto]
multipartPolicy.d.ts [Correcto]
multipartPolicy.js [Correcto]
multipartPolicy.js.map [Correcto]
ndJsonPolicy.d.ts [Correcto]
ndJsonPolicy.js [Correcto]
ndJsonPolicy.js.map [Correcto]
proxyPolicy.d.ts [Correcto]
proxyPolicy.js [Correcto]
proxyPolicy.js.map [Correcto]
redirectPolicy.d.ts [Correcto]
redirectPolicy.js [Correcto]
redirectPolicy.js.map [Correcto]
retryPolicy.d.ts [Correcto]
retryPolicy.js [Correcto]
retryPolicy.js.map [Correcto]
setClientRequestIdPolicy.d.ts [Correcto]
setClientRequestIdPolicy.js [Correcto]
setClientRequestIdPolicy.js.map [Correcto]
systemErrorRetryPolicy.d.ts [Correcto]
systemErrorRetryPolicy.js [Correcto]
systemErrorRetryPolicy.js.map [Correcto]
throttlingRetryPolicy.d.ts [Correcto]
throttlingRetryPolicy.js [Correcto]
throttlingRetryPolicy.js.map [Correcto]
tlsPolicy.d.ts [Correcto]
tlsPolicy.js [Correcto]
tlsPolicy.js.map [Correcto]
tracingPolicy.d.ts [Correcto]
tracingPolicy.js [Correcto]
tracingPolicy.js.map [Correcto]
userAgentPolicy.d.ts [Correcto]
userAgentPolicy.js [Correcto]
userAgentPolicy.js.map [Correcto]
wrapAbortSignalLikePolicy.d.ts [Correcto]
wrapAbortSignalLikePolicy.js [Correcto]
wrapAbortSignalLikePolicy.js.map [Correcto]

 Descomprimiendo archivos en C:\controlab-h\backend\node_modules\@azure\core-rest-pipeline\dist\react-native\util\

createFile-browser.d.mts [Correcto]
createFile-browser.mjs [Correcto]
createFile-browser.mjs.map [Correcto]
file.d.ts [Correcto]
file.js [Correcto]
file.js.map [Correcto]
tokenCycler.d.ts [Correcto]
tokenCycler.js [Correcto]
tokenCycler.js.map [Correcto]
userAgent.d.ts [Correcto]
userAgent.js [Correcto]
userAgent.js.map [Correcto]
userAgentPlatform-react-native.d.mts [Correcto]
userAgentPlatform-react-native.mjs [Correcto]
userAgentPlatform-react-native.mjs.map [Correcto]
wrapAbortSignal-rn.d.mts [Correcto]
wrapAbortSignal-rn.mjs [Correcto]
wrapAbortSignal-rn.mjs.map [Correcto]

 Descomprimiendo archivos en C:\controlab-h\backend\node_modules\@azure\core-tracing\

dist [Correcto]
LICENSE [Correcto]
package.json [Correcto]
README.md [Correcto]

 Descomprimiendo archivos en C:\controlab-h\backend\node_modules\@azure\core-tracing\dist\

browser [Correcto]
commonjs [Correcto]
esm [Correcto]
react-native [Correcto]

 Descomprimiendo archivos en C:\controlab-h\backend\node_modules\@azure\core-tracing\dist\browser\

index.d.ts [Correcto]
index.js [Correcto]
index.js.map [Correcto]
instrumenter.d.ts [Correcto]
instrumenter.js [Correcto]
instrumenter.js.map [Correcto]
interfaces.d.ts [Correcto]
interfaces.js [Correcto]
interfaces.js.map [Correcto]
package.json [Correcto]
state-browser.mjs.map [Correcto]
state.d.ts [Correcto]
state.js [Correcto]
tracingClient.d.ts [Correcto]
tracingClient.js [Correcto]
tracingClient.js.map [Correcto]
tracingContext.d.ts [Correcto]
tracingContext.js [Correcto]
tracingContext.js.map [Correcto]

 Descomprimiendo archivos en C:\controlab-h\backend\node_modules\@azure\core-tracing\dist\commonjs\

index.d.ts [Correcto]
index.js [Correcto]
index.js.map [Correcto]
instrumenter.d.ts [Correcto]
instrumenter.js [Correcto]
instrumenter.js.map [Correcto]
interfaces.d.ts [Correcto]
interfaces.js [Correcto]
interfaces.js.map [Correcto]
package.json [Correcto]
state-cjs.cjs.map [Correcto]
state.d.ts [Correcto]
state.js [Correcto]
tracingClient.d.ts [Correcto]
tracingClient.js [Correcto]
tracingClient.js.map [Correcto]
tracingContext.d.ts [Correcto]
tracingContext.js [Correcto]
tracingContext.js.map [Correcto]
tsdoc-metadata.json [Correcto]

 Descomprimiendo archivos en C:\controlab-h\backend\node_modules\@azure\core-tracing\dist\esm\

index.d.ts [Correcto]
index.js [Correcto]
index.js.map [Correcto]
instrumenter.d.ts [Correcto]
instrumenter.js [Correcto]
instrumenter.js.map [Correcto]
interfaces.d.ts [Correcto]
interfaces.js [Correcto]
interfaces.js.map [Correcto]
package.json [Correcto]
state.d.ts [Correcto]
state.js [Correcto]
state.js.map [Correcto]
tracingClient.d.ts [Correcto]
tracingClient.js [Correcto]
tracingClient.js.map [Correcto]
tracingContext.d.ts [Correcto]
tracingContext.js [Correcto]
tracingContext.js.map [Correcto]

 Descomprimiendo archivos en C:\controlab-h\backend\node_modules\@azure\core-tracing\dist\react-native\

index.d.ts [Correcto]
index.js [Correcto]
index.js.map [Correcto]
instrumenter.d.ts [Correcto]
instrumenter.js [Correcto]
instrumenter.js.map [Correcto]
interfaces.d.ts [Correcto]
interfaces.js [Correcto]
interfaces.js.map [Correcto]
package.json [Correcto]
state.d.ts [Correcto]
state.js [Correcto]
state.js.map [Correcto]
tracingClient.d.ts [Correcto]
tracingClient.js [Correcto]
tracingClient.js.map [Correcto]
tracingContext.d.ts [Correcto]
tracingContext.js [Correcto]
tracingContext.js.map [Correcto]

 Descomprimiendo archivos en C:\controlab-h\backend\node_modules\@azure\core-util\

dist [Correcto]
LICENSE [Correcto]
package.json [Correcto]
README.md [Correcto]

 Descomprimiendo archivos en C:\controlab-h\backend\node_modules\@azure\core-util\dist\

browser [Correcto]
commonjs [Correcto]
esm [Correcto]
react-native [Correcto]

 Descomprimiendo archivos en C:\controlab-h\backend\node_modules\@azure\core-util\dist\browser\

aborterUtils.d.ts [Correcto]
aborterUtils.js [Correcto]
aborterUtils.js.map [Correcto]
createAbortablePromise.d.ts [Correcto]
createAbortablePromise.js [Correcto]
createAbortablePromise.js.map [Correcto]
delay.d.ts [Correcto]
delay.js [Correcto]
delay.js.map [Correcto]
error.d.ts [Correcto]
error.js [Correcto]
error.js.map [Correcto]
index.d.ts [Correcto]
index.js [Correcto]
index.js.map [Correcto]
package.json [Correcto]
typeGuards.d.ts [Correcto]
typeGuards.js [Correcto]
typeGuards.js.map [Correcto]

 Descomprimiendo archivos en C:\controlab-h\backend\node_modules\@azure\core-util\dist\commonjs\

aborterUtils.d.ts [Correcto]
aborterUtils.js [Correcto]
aborterUtils.js.map [Correcto]
createAbortablePromise.d.ts [Correcto]
createAbortablePromise.js [Correcto]
createAbortablePromise.js.map [Correcto]
delay.d.ts [Correcto]
delay.js [Correcto]
delay.js.map [Correcto]
error.d.ts [Correcto]
error.js [Correcto]
error.js.map [Correcto]
index.d.ts [Correcto]
index.js [Correcto]
index.js.map [Correcto]
package.json [Correcto]
tsdoc-metadata.json [Correcto]
typeGuards.d.ts [Correcto]
typeGuards.js [Correcto]
typeGuards.js.map [Correcto]

 Descomprimiendo archivos en C:\controlab-h\backend\node_modules\@azure\core-util\dist\esm\

aborterUtils.d.ts [Correcto]
aborterUtils.js [Correcto]
aborterUtils.js.map [Correcto]
createAbortablePromise.d.ts [Correcto]
createAbortablePromise.js [Correcto]
createAbortablePromise.js.map [Correcto]
delay.d.ts [Correcto]
delay.js [Correcto]
delay.js.map [Correcto]
error.d.ts [Correcto]
error.js [Correcto]
error.js.map [Correcto]
index.d.ts [Correcto]
index.js [Correcto]
index.js.map [Correcto]
package.json [Correcto]
typeGuards.d.ts [Correcto]
typeGuards.js [Correcto]
typeGuards.js.map [Correcto]

 Descomprimiendo archivos en C:\controlab-h\backend\node_modules\@azure\core-util\dist\react-native\

aborterUtils.d.ts [Correcto]
aborterUtils.js [Correcto]
aborterUtils.js.map [Correcto]
createAbortablePromise.d.ts [Correcto]
createAbortablePromise.js [Correcto]
createAbortablePromise.js.map [Correcto]
delay.d.ts [Correcto]
delay.js [Correcto]
delay.js.map [Correcto]
error.d.ts [Correcto]
error.js [Correcto]
error.js.map [Correcto]
index.d.ts [Correcto]
index.js [Correcto]
index.js.map [Correcto]
package.json [Correcto]
typeGuards.d.ts [Correcto]
typeGuards.js [Correcto]
typeGuards.js.map [Correcto]

 Descomprimiendo archivos en C:\controlab-h\backend\node_modules\@azure\identity\

dist [Correcto]
LICENSE [Correcto]
package.json [Correcto]
README.md [Correcto]

 Descomprimiendo archivos en C:\controlab-h\backend\node_modules\@azure\identity\dist\

browser [Correcto]
commonjs [Correcto]
esm [Correcto]
workerd [Correcto]

 Descomprimiendo archivos en C:\controlab-h\backend\node_modules\@azure\identity\dist\browser\

client [Correcto]
constants.d.ts [Correcto]
constants.d.ts.map [Correcto]
constants.js [Correcto]
constants.js.map [Correcto]
credentials [Correcto]
errors.d.ts [Correcto]
errors.d.ts.map [Correcto]
errors.js [Correcto]
errors.js.map [Correcto]
index.d.ts [Correcto]
index.d.ts.map [Correcto]
index.js [Correcto]
index.js.map [Correcto]
msal [Correcto]
package.json [Correcto]
plugins [Correcto]
regionalAuthority.d.ts [Correcto]
regionalAuthority.d.ts.map [Correcto]
regionalAuthority.js [Correcto]
regionalAuthority.js.map [Correcto]
tokenCredentialOptions.d.ts [Correcto]
tokenCredentialOptions.d.ts.map [Correcto]
tokenCredentialOptions.js [Correcto]
tokenCredentialOptions.js.map [Correcto]
tokenProvider.d.ts [Correcto]
tokenProvider.d.ts.map [Correcto]
tokenProvider.js [Correcto]
tokenProvider.js.map [Correcto]
util [Correcto]

 Descomprimiendo archivos en C:\controlab-h\backend\node_modules\@azure\identity\dist\browser\client\

identityClient.d.ts [Correcto]
identityClient.d.ts.map [Correcto]
identityClient.js [Correcto]
identityClient.js.map [Correcto]

 Descomprimiendo archivos en C:\controlab-h\backend\node_modules\@azure\identity\dist\browser\credentials\

authorityValidationOptions.d.ts [Correcto]
authorityValidationOptions.d.ts.map [Correcto]
authorityValidationOptions.js [Correcto]
authorityValidationOptions.js.map [Correcto]
authorizationCodeCredential-browser.d.mts.map [Correcto]
authorizationCodeCredential-browser.mjs.map [Correcto]
authorizationCodeCredential.d.ts [Correcto]
authorizationCodeCredential.js [Correcto]
authorizationCodeCredentialOptions.d.ts [Correcto]
authorizationCodeCredentialOptions.d.ts.map [Correcto]
authorizationCodeCredentialOptions.js [Correcto]
authorizationCodeCredentialOptions.js.map [Correcto]
azureCliCredential-browser.d.mts.map [Correcto]
azureCliCredential-browser.mjs.map [Correcto]
azureCliCredential.d.ts [Correcto]
azureCliCredential.js [Correcto]
azureCliCredentialOptions.d.ts [Correcto]
azureCliCredentialOptions.d.ts.map [Correcto]
azureCliCredentialOptions.js [Correcto]
azureCliCredentialOptions.js.map [Correcto]
azureDeveloperCliCredential-browser.d.mts.map [Correcto]
azureDeveloperCliCredential-browser.mjs.map [Correcto]
azureDeveloperCliCredential.d.ts [Correcto]
azureDeveloperCliCredential.js [Correcto]
azureDeveloperCliCredentialOptions.d.ts [Correcto]
azureDeveloperCliCredentialOptions.d.ts.map [Correcto]
azureDeveloperCliCredentialOptions.js [Correcto]
azureDeveloperCliCredentialOptions.js.map [Correcto]
azurePipelinesCredential-browser.d.mts.map [Correcto]
azurePipelinesCredential-browser.mjs.map [Correcto]
azurePipelinesCredential.d.ts [Correcto]
azurePipelinesCredential.js [Correcto]
azurePipelinesCredentialOptions.d.ts [Correcto]
azurePipelinesCredentialOptions.d.ts.map [Correcto]
azurePipelinesCredentialOptions.js [Correcto]
azurePipelinesCredentialOptions.js.map [Correcto]
azurePowerShellCredential-browser.d.mts.map [Correcto]
azurePowerShellCredential-browser.mjs.map [Correcto]
azurePowerShellCredential.d.ts [Correcto]
azurePowerShellCredential.js [Correcto]
azurePowerShellCredentialOptions.d.ts [Correcto]
azurePowerShellCredentialOptions.d.ts.map [Correcto]
azurePowerShellCredentialOptions.js [Correcto]
azurePowerShellCredentialOptions.js.map [Correcto]
brokerAuthOptions.d.ts [Correcto]
brokerAuthOptions.d.ts.map [Correcto]
brokerAuthOptions.js [Correcto]
brokerAuthOptions.js.map [Correcto]
brokerCredential.d.ts [Correcto]
brokerCredential.d.ts.map [Correcto]
brokerCredential.js [Correcto]
brokerCredential.js.map [Correcto]
browserCustomizationOptions.d.ts [Correcto]
browserCustomizationOptions.d.ts.map [Correcto]
browserCustomizationOptions.js [Correcto]
browserCustomizationOptions.js.map [Correcto]
chainedTokenCredential.d.ts [Correcto]
chainedTokenCredential.d.ts.map [Correcto]
chainedTokenCredential.js [Correcto]
chainedTokenCredential.js.map [Correcto]
clientAssertionCredential-browser.d.mts.map [Correcto]
clientAssertionCredential-browser.mjs.map [Correcto]
clientAssertionCredential.d.ts [Correcto]
clientAssertionCredential.js [Correcto]
clientAssertionCredentialOptions.d.ts [Correcto]
clientAssertionCredentialOptions.d.ts.map [Correcto]
clientAssertionCredentialOptions.js [Correcto]
clientAssertionCredentialOptions.js.map [Correcto]
clientCertificateCredential-browser.d.mts.map [Correcto]
clientCertificateCredential-browser.mjs.map [Correcto]
clientCertificateCredential.d.ts [Correcto]
clientCertificateCredential.js [Correcto]
clientCertificateCredentialModels.d.ts [Correcto]
clientCertificateCredentialModels.d.ts.map [Correcto]
clientCertificateCredentialModels.js [Correcto]
clientCertificateCredentialModels.js.map [Correcto]
clientCertificateCredentialOptions.d.ts [Correcto]
clientCertificateCredentialOptions.d.ts.map [Correcto]
clientCertificateCredentialOptions.js [Correcto]
clientCertificateCredentialOptions.js.map [Correcto]
clientSecretCredential-browser.d.mts.map [Correcto]
clientSecretCredential-browser.mjs.map [Correcto]
clientSecretCredential.d.ts [Correcto]
clientSecretCredential.js [Correcto]
clientSecretCredentialOptions.d.ts [Correcto]
clientSecretCredentialOptions.d.ts.map [Correcto]
clientSecretCredentialOptions.js [Correcto]
clientSecretCredentialOptions.js.map [Correcto]
credentialPersistenceOptions.d.ts [Correcto]
credentialPersistenceOptions.d.ts.map [Correcto]
credentialPersistenceOptions.js [Correcto]
credentialPersistenceOptions.js.map [Correcto]
defaultAzureCredential-browser.d.mts.map [Correcto]
defaultAzureCredential-browser.mjs.map [Correcto]
defaultAzureCredential.d.ts [Correcto]
defaultAzureCredential.js [Correcto]
defaultAzureCredentialFunctions.d.ts [Correcto]
defaultAzureCredentialFunctions.d.ts.map [Correcto]
defaultAzureCredentialFunctions.js [Correcto]
defaultAzureCredentialFunctions.js.map [Correcto]
defaultAzureCredentialOptions.d.ts [Correcto]
defaultAzureCredentialOptions.d.ts.map [Correcto]
defaultAzureCredentialOptions.js [Correcto]
defaultAzureCredentialOptions.js.map [Correcto]
deviceCodeCredential-browser.d.mts.map [Correcto]
deviceCodeCredential-browser.mjs.map [Correcto]
deviceCodeCredential.d.ts [Correcto]
deviceCodeCredential.js [Correcto]
deviceCodeCredentialOptions.d.ts [Correcto]
deviceCodeCredentialOptions.d.ts.map [Correcto]
deviceCodeCredentialOptions.js [Correcto]
deviceCodeCredentialOptions.js.map [Correcto]
environmentCredential-browser.d.mts.map [Correcto]
environmentCredential-browser.mjs.map [Correcto]
environmentCredential.d.ts [Correcto]
environmentCredential.js [Correcto]
environmentCredentialOptions.d.ts [Correcto]
environmentCredentialOptions.d.ts.map [Correcto]
environmentCredentialOptions.js [Correcto]
environmentCredentialOptions.js.map [Correcto]
interactiveBrowserCredential-browser.d.mts.map [Correcto]
interactiveBrowserCredential-browser.mjs.map [Correcto]
interactiveBrowserCredential.d.ts [Correcto]
interactiveBrowserCredential.js [Correcto]
interactiveBrowserCredentialOptions.d.ts [Correcto]
interactiveBrowserCredentialOptions.d.ts.map [Correcto]
interactiveBrowserCredentialOptions.js [Correcto]
interactiveBrowserCredentialOptions.js.map [Correcto]
interactiveCredentialOptions.d.ts [Correcto]
interactiveCredentialOptions.d.ts.map [Correcto]
interactiveCredentialOptions.js [Correcto]
interactiveCredentialOptions.js.map [Correcto]
managedIdentityCredential [Correcto]
multiTenantTokenCredentialOptions.d.ts [Correcto]
multiTenantTokenCredentialOptions.d.ts.map [Correcto]
multiTenantTokenCredentialOptions.js [Correcto]
multiTenantTokenCredentialOptions.js.map [Correcto]
onBehalfOfCredential-browser.d.mts.map [Correcto]
onBehalfOfCredential-browser.mjs.map [Correcto]
onBehalfOfCredential.d.ts [Correcto]
onBehalfOfCredential.js [Correcto]
onBehalfOfCredentialOptions.d.ts [Correcto]
onBehalfOfCredentialOptions.d.ts.map [Correcto]
onBehalfOfCredentialOptions.js [Correcto]
onBehalfOfCredentialOptions.js.map [Correcto]
usernamePasswordCredential-browser.d.mts.map [Correcto]
usernamePasswordCredential-browser.mjs.map [Correcto]
usernamePasswordCredential.d.ts [Correcto]
usernamePasswordCredential.js [Correcto]
usernamePasswordCredentialOptions.d.ts [Correcto]
usernamePasswordCredentialOptions.d.ts.map [Correcto]
usernamePasswordCredentialOptions.js [Correcto]
usernamePasswordCredentialOptions.js.map [Correcto]
visualStudioCodeCredential-browser.d.mts.map [Correcto]
visualStudioCodeCredential-browser.mjs.map [Correcto]
visualStudioCodeCredential.d.ts [Correcto]
visualStudioCodeCredential.js [Correcto]
visualStudioCodeCredentialOptions.d.ts [Correcto]
visualStudioCodeCredentialOptions.d.ts.map [Correcto]
visualStudioCodeCredentialOptions.js [Correcto]
visualStudioCodeCredentialOptions.js.map [Correcto]
visualStudioCodeCredentialPlugin.d.ts [Correcto]
visualStudioCodeCredentialPlugin.d.ts.map [Correcto]
visualStudioCodeCredentialPlugin.js [Correcto]
visualStudioCodeCredentialPlugin.js.map [Correcto]
workloadIdentityCredential-browser.d.mts.map [Correcto]
workloadIdentityCredential-browser.mjs.map [Correcto]
workloadIdentityCredential.d.ts [Correcto]
workloadIdentityCredential.js [Correcto]
workloadIdentityCredentialOptions.d.ts [Correcto]
workloadIdentityCredentialOptions.d.ts.map [Correcto]
workloadIdentityCredentialOptions.js [Correcto]
workloadIdentityCredentialOptions.js.map [Correcto]

 Descomprimiendo archivos en C:\controlab-h\backend\node_modules\@azure\identity\dist\browser\credentials\managedIdentityCredential\

imdsMsi.d.ts [Correcto]
imdsMsi.d.ts.map [Correcto]
imdsMsi.js [Correcto]
imdsMsi.js.map [Correcto]
imdsRetryPolicy.d.ts [Correcto]
imdsRetryPolicy.d.ts.map [Correcto]
imdsRetryPolicy.js [Correcto]
imdsRetryPolicy.js.map [Correcto]
index-browser.d.mts.map [Correcto]
index-browser.mjs.map [Correcto]
index.d.ts [Correcto]
index.js [Correcto]
models.d.ts [Correcto]
models.d.ts.map [Correcto]
models.js [Correcto]
models.js.map [Correcto]
options.d.ts [Correcto]
options.d.ts.map [Correcto]
options.js [Correcto]
options.js.map [Correcto]
tokenExchangeMsi.d.ts [Correcto]
tokenExchangeMsi.d.ts.map [Correcto]
tokenExchangeMsi.js [Correcto]
tokenExchangeMsi.js.map [Correcto]
utils.d.ts [Correcto]
utils.d.ts.map [Correcto]
utils.js [Correcto]
utils.js.map [Correcto]

 Descomprimiendo archivos en C:\controlab-h\backend\node_modules\@azure\identity\dist\browser\msal\

browserFlows [Correcto]
credentials.d.ts [Correcto]
credentials.d.ts.map [Correcto]
credentials.js [Correcto]
credentials.js.map [Correcto]
msal-browser.d.mts.map [Correcto]
msal-browser.mjs.map [Correcto]
msal.d.ts [Correcto]
msal.js [Correcto]
nodeFlows [Correcto]
types.d.ts [Correcto]
types.d.ts.map [Correcto]
types.js [Correcto]
types.js.map [Correcto]
utils.d.ts [Correcto]
utils.d.ts.map [Correcto]
utils.js [Correcto]
utils.js.map [Correcto]

 Descomprimiendo archivos en C:\controlab-h\backend\node_modules\@azure\identity\dist\browser\msal\browserFlows\

msalBrowserCommon.d.ts [Correcto]
msalBrowserCommon.d.ts.map [Correcto]
msalBrowserCommon.js [Correcto]
msalBrowserCommon.js.map [Correcto]
msalBrowserOptions.d.ts [Correcto]
msalBrowserOptions.d.ts.map [Correcto]
msalBrowserOptions.js [Correcto]
msalBrowserOptions.js.map [Correcto]

 Descomprimiendo archivos en C:\controlab-h\backend\node_modules\@azure\identity\dist\browser\msal\nodeFlows\

brokerOptions.d.ts [Correcto]
brokerOptions.d.ts.map [Correcto]
brokerOptions.js [Correcto]
brokerOptions.js.map [Correcto]
msalClient.d.ts [Correcto]
msalClient.d.ts.map [Correcto]
msalClient.js [Correcto]
msalClient.js.map [Correcto]
msalPlugins.d.ts [Correcto]
msalPlugins.d.ts.map [Correcto]
msalPlugins.js [Correcto]
msalPlugins.js.map [Correcto]
tokenCachePersistenceOptions.d.ts [Correcto]
tokenCachePersistenceOptions.d.ts.map [Correcto]
tokenCachePersistenceOptions.js [Correcto]
tokenCachePersistenceOptions.js.map [Correcto]

 Descomprimiendo archivos en C:\controlab-h\backend\node_modules\@azure\identity\dist\browser\plugins\

consumer-browser.d.mts.map [Correcto]
consumer-browser.mjs.map [Correcto]
consumer.d.ts [Correcto]
consumer.js [Correcto]
provider.d.ts [Correcto]
provider.d.ts.map [Correcto]
provider.js [Correcto]
provider.js.map [Correcto]

 Descomprimiendo archivos en C:\controlab-h\backend\node_modules\@azure\identity\dist\browser\util\

authHostEnv-browser.d.mts [Correcto]
authHostEnv-browser.d.mts.map [Correcto]
authHostEnv-browser.mjs [Correcto]
authHostEnv-browser.mjs.map [Correcto]
identityTokenEndpoint.d.ts [Correcto]
identityTokenEndpoint.d.ts.map [Correcto]
identityTokenEndpoint.js [Correcto]
identityTokenEndpoint.js.map [Correcto]
logging.d.ts [Correcto]
logging.d.ts.map [Correcto]
logging.js [Correcto]
logging.js.map [Correcto]
processMultiTenantRequest-browser.d.mts.map [Correcto]
processMultiTenantRequest-browser.mjs.map [Correcto]
processMultiTenantRequest.d.ts [Correcto]
processMultiTenantRequest.js [Correcto]
processUtils.d.ts [Correcto]
processUtils.d.ts.map [Correcto]
processUtils.js [Correcto]
processUtils.js.map [Correcto]
scopeUtils.d.ts [Correcto]
scopeUtils.d.ts.map [Correcto]
scopeUtils.js [Correcto]
scopeUtils.js.map [Correcto]
subscriptionUtils.d.ts [Correcto]
subscriptionUtils.d.ts.map [Correcto]
subscriptionUtils.js [Correcto]
subscriptionUtils.js.map [Correcto]
tenantIdUtils.d.ts [Correcto]
tenantIdUtils.d.ts.map [Correcto]
tenantIdUtils.js [Correcto]
tenantIdUtils.js.map [Correcto]
tracing.d.ts [Correcto]
tracing.d.ts.map [Correcto]
tracing.js [Correcto]
tracing.js.map [Correcto]

 Descomprimiendo archivos en C:\controlab-h\backend\node_modules\@azure\identity\dist\commonjs\

client [Correcto]
constants.d.ts [Correcto]
constants.d.ts.map [Correcto]
constants.js [Correcto]
constants.js.map [Correcto]
credentials [Correcto]
errors.d.ts [Correcto]
errors.d.ts.map [Correcto]
errors.js [Correcto]
errors.js.map [Correcto]
index.d.ts [Correcto]
index.d.ts.map [Correcto]
index.js [Correcto]
index.js.map [Correcto]
msal [Correcto]
package.json [Correcto]
plugins [Correcto]
regionalAuthority.d.ts [Correcto]
regionalAuthority.d.ts.map [Correcto]
regionalAuthority.js [Correcto]
regionalAuthority.js.map [Correcto]
tokenCredentialOptions.d.ts [Correcto]
tokenCredentialOptions.d.ts.map [Correcto]
tokenCredentialOptions.js [Correcto]
tokenCredentialOptions.js.map [Correcto]
tokenProvider.d.ts [Correcto]
tokenProvider.d.ts.map [Correcto]
tokenProvider.js [Correcto]
tokenProvider.js.map [Correcto]
tsdoc-metadata.json [Correcto]
util [Correcto]

 Descomprimiendo archivos en C:\controlab-h\backend\node_modules\@azure\identity\dist\commonjs\client\

identityClient.d.ts [Correcto]
identityClient.d.ts.map [Correcto]
identityClient.js [Correcto]
identityClient.js.map [Correcto]

 Descomprimiendo archivos en C:\controlab-h\backend\node_modules\@azure\identity\dist\commonjs\credentials\

authorityValidationOptions.d.ts [Correcto]
authorityValidationOptions.d.ts.map [Correcto]
authorityValidationOptions.js [Correcto]
authorityValidationOptions.js.map [Correcto]
authorizationCodeCredential.d.ts [Correcto]
authorizationCodeCredential.d.ts.map [Correcto]
authorizationCodeCredential.js [Correcto]
authorizationCodeCredential.js.map [Correcto]
authorizationCodeCredentialOptions.d.ts [Correcto]
authorizationCodeCredentialOptions.d.ts.map [Correcto]
authorizationCodeCredentialOptions.js [Correcto]
authorizationCodeCredentialOptions.js.map [Correcto]
azureCliCredential.d.ts [Correcto]
azureCliCredential.d.ts.map [Correcto]
azureCliCredential.js [Correcto]
azureCliCredential.js.map [Correcto]
azureCliCredentialOptions.d.ts [Correcto]
azureCliCredentialOptions.d.ts.map [Correcto]
azureCliCredentialOptions.js [Correcto]
azureCliCredentialOptions.js.map [Correcto]
azureDeveloperCliCredential.d.ts [Correcto]
azureDeveloperCliCredential.d.ts.map [Correcto]
azureDeveloperCliCredential.js [Correcto]
azureDeveloperCliCredential.js.map [Correcto]
azureDeveloperCliCredentialOptions.d.ts [Correcto]
azureDeveloperCliCredentialOptions.d.ts.map [Correcto]
azureDeveloperCliCredentialOptions.js [Correcto]
azureDeveloperCliCredentialOptions.js.map [Correcto]
azurePipelinesCredential.d.ts [Correcto]
azurePipelinesCredential.d.ts.map [Correcto]
azurePipelinesCredential.js [Correcto]
azurePipelinesCredential.js.map [Correcto]
azurePipelinesCredentialOptions.d.ts [Correcto]
azurePipelinesCredentialOptions.d.ts.map [Correcto]
azurePipelinesCredentialOptions.js [Correcto]
azurePipelinesCredentialOptions.js.map [Correcto]
azurePowerShellCredential.d.ts [Correcto]
azurePowerShellCredential.d.ts.map [Correcto]
azurePowerShellCredential.js [Correcto]
azurePowerShellCredential.js.map [Correcto]
azurePowerShellCredentialOptions.d.ts [Correcto]
azurePowerShellCredentialOptions.d.ts.map [Correcto]
azurePowerShellCredentialOptions.js [Correcto]
azurePowerShellCredentialOptions.js.map [Correcto]
brokerAuthOptions.d.ts [Correcto]
brokerAuthOptions.d.ts.map [Correcto]
brokerAuthOptions.js [Correcto]
brokerAuthOptions.js.map [Correcto]
brokerCredential.d.ts [Correcto]
brokerCredential.d.ts.map [Correcto]
brokerCredential.js [Correcto]
brokerCredential.js.map [Correcto]
browserCustomizationOptions.d.ts [Correcto]
browserCustomizationOptions.d.ts.map [Correcto]
browserCustomizationOptions.js [Correcto]
browserCustomizationOptions.js.map [Correcto]
chainedTokenCredential.d.ts [Correcto]
chainedTokenCredential.d.ts.map [Correcto]
chainedTokenCredential.js [Correcto]
chainedTokenCredential.js.map [Correcto]
clientAssertionCredential.d.ts [Correcto]
clientAssertionCredential.d.ts.map [Correcto]
clientAssertionCredential.js [Correcto]
clientAssertionCredential.js.map [Correcto]
clientAssertionCredentialOptions.d.ts [Correcto]
clientAssertionCredentialOptions.d.ts.map [Correcto]
clientAssertionCredentialOptions.js [Correcto]
clientAssertionCredentialOptions.js.map [Correcto]
clientCertificateCredential.d.ts [Correcto]
clientCertificateCredential.d.ts.map [Correcto]
clientCertificateCredential.js [Correcto]
clientCertificateCredential.js.map [Correcto]
clientCertificateCredentialModels.d.ts [Correcto]
clientCertificateCredentialModels.d.ts.map [Correcto]
clientCertificateCredentialModels.js [Correcto]
clientCertificateCredentialModels.js.map [Correcto]
clientCertificateCredentialOptions.d.ts [Correcto]
clientCertificateCredentialOptions.d.ts.map [Correcto]
clientCertificateCredentialOptions.js [Correcto]
clientCertificateCredentialOptions.js.map [Correcto]
clientSecretCredential.d.ts [Correcto]
clientSecretCredential.d.ts.map [Correcto]
clientSecretCredential.js [Correcto]
clientSecretCredential.js.map [Correcto]
clientSecretCredentialOptions.d.ts [Correcto]
clientSecretCredentialOptions.d.ts.map [Correcto]
clientSecretCredentialOptions.js [Correcto]
clientSecretCredentialOptions.js.map [Correcto]
credentialPersistenceOptions.d.ts [Correcto]
credentialPersistenceOptions.d.ts.map [Correcto]
credentialPersistenceOptions.js [Correcto]
credentialPersistenceOptions.js.map [Correcto]
defaultAzureCredential.d.ts [Correcto]
defaultAzureCredential.d.ts.map [Correcto]
defaultAzureCredential.js [Correcto]
defaultAzureCredential.js.map [Correcto]
defaultAzureCredentialFunctions.d.ts [Correcto]
defaultAzureCredentialFunctions.d.ts.map [Correcto]
defaultAzureCredentialFunctions.js [Correcto]
defaultAzureCredentialFunctions.js.map [Correcto]
defaultAzureCredentialOptions.d.ts [Correcto]
defaultAzureCredentialOptions.d.ts.map [Correcto]
defaultAzureCredentialOptions.js [Correcto]
defaultAzureCredentialOptions.js.map [Correcto]
deviceCodeCredential.d.ts [Correcto]
deviceCodeCredential.d.ts.map [Correcto]
deviceCodeCredential.js [Correcto]
deviceCodeCredential.js.map [Correcto]
deviceCodeCredentialOptions.d.ts [Correcto]
deviceCodeCredentialOptions.d.ts.map [Correcto]
deviceCodeCredentialOptions.js [Correcto]
deviceCodeCredentialOptions.js.map [Correcto]
environmentCredential.d.ts [Correcto]
environmentCredential.d.ts.map [Correcto]
environmentCredential.js [Correcto]
environmentCredential.js.map [Correcto]
environmentCredentialOptions.d.ts [Correcto]
environmentCredentialOptions.d.ts.map [Correcto]
environmentCredentialOptions.js [Correcto]
environmentCredentialOptions.js.map [Correcto]
interactiveBrowserCredential.d.ts [Correcto]
interactiveBrowserCredential.d.ts.map [Correcto]
interactiveBrowserCredential.js [Correcto]
interactiveBrowserCredential.js.map [Correcto]
interactiveBrowserCredentialOptions.d.ts [Correcto]
interactiveBrowserCredentialOptions.d.ts.map [Correcto]
interactiveBrowserCredentialOptions.js [Correcto]
interactiveBrowserCredentialOptions.js.map [Correcto]
interactiveCredentialOptions.d.ts [Correcto]
interactiveCredentialOptions.d.ts.map [Correcto]
interactiveCredentialOptions.js [Correcto]
interactiveCredentialOptions.js.map [Correcto]
managedIdentityCredential [Correcto]
multiTenantTokenCredentialOptions.d.ts [Correcto]
multiTenantTokenCredentialOptions.d.ts.map [Correcto]
multiTenantTokenCredentialOptions.js [Correcto]
multiTenantTokenCredentialOptions.js.map [Correcto]
onBehalfOfCredential.d.ts [Correcto]
onBehalfOfCredential.d.ts.map [Correcto]
onBehalfOfCredential.js [Correcto]
onBehalfOfCredential.js.map [Correcto]
onBehalfOfCredentialOptions.d.ts [Correcto]
onBehalfOfCredentialOptions.d.ts.map [Correcto]
onBehalfOfCredentialOptions.js [Correcto]
onBehalfOfCredentialOptions.js.map [Correcto]
usernamePasswordCredential.d.ts [Correcto]
usernamePasswordCredential.d.ts.map [Correcto]
usernamePasswordCredential.js [Correcto]
usernamePasswordCredential.js.map [Correcto]
usernamePasswordCredentialOptions.d.ts [Correcto]
usernamePasswordCredentialOptions.d.ts.map [Correcto]
usernamePasswordCredentialOptions.js [Correcto]
usernamePasswordCredentialOptions.js.map [Correcto]
visualStudioCodeCredential.d.ts [Correcto]
visualStudioCodeCredential.d.ts.map [Correcto]
visualStudioCodeCredential.js [Correcto]
visualStudioCodeCredential.js.map [Correcto]
visualStudioCodeCredentialOptions.d.ts [Correcto]
visualStudioCodeCredentialOptions.d.ts.map [Correcto]
visualStudioCodeCredentialOptions.js [Correcto]
visualStudioCodeCredentialOptions.js.map [Correcto]
visualStudioCodeCredentialPlugin.d.ts [Correcto]
visualStudioCodeCredentialPlugin.d.ts.map [Correcto]
visualStudioCodeCredentialPlugin.js [Correcto]
visualStudioCodeCredentialPlugin.js.map [Correcto]
workloadIdentityCredential.d.ts [Correcto]
workloadIdentityCredential.d.ts.map [Correcto]
workloadIdentityCredential.js [Correcto]
workloadIdentityCredential.js.map [Correcto]
workloadIdentityCredentialOptions.d.ts [Correcto]
workloadIdentityCredentialOptions.d.ts.map [Correcto]
workloadIdentityCredentialOptions.js [Correcto]
workloadIdentityCredentialOptions.js.map [Correcto]

 Descomprimiendo archivos en C:\controlab-h\backend\node_modules\@azure\identity\dist\commonjs\credentials\managedIdentityCredential\

imdsMsi.d.ts [Correcto]
imdsMsi.d.ts.map [Correcto]
imdsMsi.js [Correcto]
imdsMsi.js.map [Correcto]
imdsRetryPolicy.d.ts [Correcto]
imdsRetryPolicy.d.ts.map [Correcto]
imdsRetryPolicy.js [Correcto]
imdsRetryPolicy.js.map [Correcto]
index.d.ts [Correcto]
index.d.ts.map [Correcto]
index.js [Correcto]
index.js.map [Correcto]
models.d.ts [Correcto]
models.d.ts.map [Correcto]
models.js [Correcto]
models.js.map [Correcto]
options.d.ts [Correcto]
options.d.ts.map [Correcto]
options.js [Correcto]
options.js.map [Correcto]
tokenExchangeMsi.d.ts [Correcto]
tokenExchangeMsi.d.ts.map [Correcto]
tokenExchangeMsi.js [Correcto]
tokenExchangeMsi.js.map [Correcto]
utils.d.ts [Correcto]
utils.d.ts.map [Correcto]
utils.js [Correcto]
utils.js.map [Correcto]

 Descomprimiendo archivos en C:\controlab-h\backend\node_modules\@azure\identity\dist\commonjs\msal\

browserFlows [Correcto]
credentials.d.ts [Correcto]
credentials.d.ts.map [Correcto]
credentials.js [Correcto]
credentials.js.map [Correcto]
msal.d.ts [Correcto]
msal.d.ts.map [Correcto]
msal.js [Correcto]
msal.js.map [Correcto]
nodeFlows [Correcto]
types.d.ts [Correcto]
types.d.ts.map [Correcto]
types.js [Correcto]
types.js.map [Correcto]
utils.d.ts [Correcto]
utils.d.ts.map [Correcto]
utils.js [Correcto]
utils.js.map [Correcto]

 Descomprimiendo archivos en C:\controlab-h\backend\node_modules\@azure\identity\dist\commonjs\msal\browserFlows\

msalBrowserCommon.d.ts [Correcto]
msalBrowserCommon.d.ts.map [Correcto]
msalBrowserCommon.js [Correcto]
msalBrowserCommon.js.map [Correcto]
msalBrowserOptions.d.ts [Correcto]
msalBrowserOptions.d.ts.map [Correcto]
msalBrowserOptions.js [Correcto]
msalBrowserOptions.js.map [Correcto]

 Descomprimiendo archivos en C:\controlab-h\backend\node_modules\@azure\identity\dist\commonjs\msal\nodeFlows\

brokerOptions.d.ts [Correcto]
brokerOptions.d.ts.map [Correcto]
brokerOptions.js [Correcto]
brokerOptions.js.map [Correcto]
msalClient.d.ts [Correcto]
msalClient.d.ts.map [Correcto]
msalClient.js [Correcto]
msalClient.js.map [Correcto]
msalPlugins.d.ts [Correcto]
msalPlugins.d.ts.map [Correcto]
msalPlugins.js [Correcto]
msalPlugins.js.map [Correcto]
tokenCachePersistenceOptions.d.ts [Correcto]
tokenCachePersistenceOptions.d.ts.map [Correcto]
tokenCachePersistenceOptions.js [Correcto]
tokenCachePersistenceOptions.js.map [Correcto]

 Descomprimiendo archivos en C:\controlab-h\backend\node_modules\@azure\identity\dist\commonjs\plugins\

consumer.d.ts [Correcto]
consumer.d.ts.map [Correcto]
consumer.js [Correcto]
consumer.js.map [Correcto]
provider.d.ts [Correcto]
provider.d.ts.map [Correcto]
provider.js [Correcto]
provider.js.map [Correcto]

 Descomprimiendo archivos en C:\controlab-h\backend\node_modules\@azure\identity\dist\commonjs\util\

identityTokenEndpoint.d.ts [Correcto]
identityTokenEndpoint.d.ts.map [Correcto]
identityTokenEndpoint.js [Correcto]
identityTokenEndpoint.js.map [Correcto]
logging.d.ts [Correcto]
logging.d.ts.map [Correcto]
logging.js [Correcto]
logging.js.map [Correcto]
processMultiTenantRequest.d.ts [Correcto]
processMultiTenantRequest.d.ts.map [Correcto]
processMultiTenantRequest.js [Correcto]
processMultiTenantRequest.js.map [Correcto]
processUtils.d.ts [Correcto]
processUtils.d.ts.map [Correcto]
processUtils.js [Correcto]
processUtils.js.map [Correcto]
scopeUtils.d.ts [Correcto]
scopeUtils.d.ts.map [Correcto]
scopeUtils.js [Correcto]
scopeUtils.js.map [Correcto]
subscriptionUtils.d.ts [Correcto]
subscriptionUtils.d.ts.map [Correcto]
subscriptionUtils.js [Correcto]
subscriptionUtils.js.map [Correcto]
tenantIdUtils.d.ts [Correcto]
tenantIdUtils.d.ts.map [Correcto]
tenantIdUtils.js [Correcto]
tenantIdUtils.js.map [Correcto]
tracing.d.ts [Correcto]
tracing.d.ts.map [Correcto]
tracing.js [Correcto]
tracing.js.map [Correcto]

 Descomprimiendo archivos en C:\controlab-h\backend\node_modules\@azure\identity\dist\esm\

client [Correcto]
constants.d.ts [Correcto]
constants.d.ts.map [Correcto]
constants.js [Correcto]
constants.js.map [Correcto]
credentials [Correcto]
errors.d.ts [Correcto]
errors.d.ts.map [Correcto]
errors.js [Correcto]
errors.js.map [Correcto]
index.d.ts [Correcto]
index.d.ts.map [Correcto]
index.js [Correcto]
index.js.map [Correcto]
msal [Correcto]
package.json [Correcto]
plugins [Correcto]
regionalAuthority.d.ts [Correcto]
regionalAuthority.d.ts.map [Correcto]
regionalAuthority.js [Correcto]
regionalAuthority.js.map [Correcto]
tokenCredentialOptions.d.ts [Correcto]
tokenCredentialOptions.d.ts.map [Correcto]
tokenCredentialOptions.js [Correcto]
tokenCredentialOptions.js.map [Correcto]
tokenProvider.d.ts [Correcto]
tokenProvider.d.ts.map [Correcto]
tokenProvider.js [Correcto]
tokenProvider.js.map [Correcto]
util [Correcto]

 Descomprimiendo archivos en C:\controlab-h\backend\node_modules\@azure\identity\dist\esm\client\

identityClient.d.ts [Correcto]
identityClient.d.ts.map [Correcto]
identityClient.js [Correcto]
identityClient.js.map [Correcto]

 Descomprimiendo archivos en C:\controlab-h\backend\node_modules\@azure\identity\dist\esm\credentials\

authorityValidationOptions.d.ts [Correcto]
authorityValidationOptions.d.ts.map [Correcto]
authorityValidationOptions.js [Correcto]
authorityValidationOptions.js.map [Correcto]
authorizationCodeCredential.d.ts [Correcto]
authorizationCodeCredential.d.ts.map [Correcto]
authorizationCodeCredential.js [Correcto]
authorizationCodeCredential.js.map [Correcto]
authorizationCodeCredentialOptions.d.ts [Correcto]
authorizationCodeCredentialOptions.d.ts.map [Correcto]
authorizationCodeCredentialOptions.js [Correcto]
authorizationCodeCredentialOptions.js.map [Correcto]
azureCliCredential.d.ts [Correcto]
azureCliCredential.d.ts.map [Correcto]
azureCliCredential.js [Correcto]
azureCliCredential.js.map [Correcto]
azureCliCredentialOptions.d.ts [Correcto]
azureCliCredentialOptions.d.ts.map [Correcto]
azureCliCredentialOptions.js [Correcto]
azureCliCredentialOptions.js.map [Correcto]
azureDeveloperCliCredential.d.ts [Correcto]
azureDeveloperCliCredential.d.ts.map [Correcto]
azureDeveloperCliCredential.js [Correcto]
azureDeveloperCliCredential.js.map [Correcto]
azureDeveloperCliCredentialOptions.d.ts [Correcto]
azureDeveloperCliCredentialOptions.d.ts.map [Correcto]
azureDeveloperCliCredentialOptions.js [Correcto]
azureDeveloperCliCredentialOptions.js.map [Correcto]
azurePipelinesCredential.d.ts [Correcto]
azurePipelinesCredential.d.ts.map [Correcto]
azurePipelinesCredential.js [Correcto]
azurePipelinesCredential.js.map [Correcto]
azurePipelinesCredentialOptions.d.ts [Correcto]
azurePipelinesCredentialOptions.d.ts.map [Correcto]
azurePipelinesCredentialOptions.js [Correcto]
azurePipelinesCredentialOptions.js.map [Correcto]
azurePowerShellCredential.d.ts [Correcto]
azurePowerShellCredential.d.ts.map [Correcto]
azurePowerShellCredential.js [Correcto]
azurePowerShellCredential.js.map [Correcto]
azurePowerShellCredentialOptions.d.ts [Correcto]
azurePowerShellCredentialOptions.d.ts.map [Correcto]
azurePowerShellCredentialOptions.js [Correcto]
azurePowerShellCredentialOptions.js.map [Correcto]
brokerAuthOptions.d.ts [Correcto]
brokerAuthOptions.d.ts.map [Correcto]
brokerAuthOptions.js [Correcto]
brokerAuthOptions.js.map [Correcto]
brokerCredential.d.ts [Correcto]
brokerCredential.d.ts.map [Correcto]
brokerCredential.js [Correcto]
brokerCredential.js.map [Correcto]
browserCustomizationOptions.d.ts [Correcto]
browserCustomizationOptions.d.ts.map [Correcto]
browserCustomizationOptions.js [Correcto]
browserCustomizationOptions.js.map [Correcto]
chainedTokenCredential.d.ts [Correcto]
chainedTokenCredential.d.ts.map [Correcto]
chainedTokenCredential.js [Correcto]
chainedTokenCredential.js.map [Correcto]
clientAssertionCredential.d.ts [Correcto]
clientAssertionCredential.d.ts.map [Correcto]
clientAssertionCredential.js [Correcto]
clientAssertionCredential.js.map [Correcto]
clientAssertionCredentialOptions.d.ts [Correcto]
clientAssertionCredentialOptions.d.ts.map [Correcto]
clientAssertionCredentialOptions.js [Correcto]
clientAssertionCredentialOptions.js.map [Correcto]
clientCertificateCredential.d.ts [Correcto]
clientCertificateCredential.d.ts.map [Correcto]
clientCertificateCredential.js [Correcto]
clientCertificateCredential.js.map [Correcto]
clientCertificateCredentialModels.d.ts [Correcto]
clientCertificateCredentialModels.d.ts.map [Correcto]
clientCertificateCredentialModels.js [Correcto]
clientCertificateCredentialModels.js.map [Correcto]
clientCertificateCredentialOptions.d.ts [Correcto]
clientCertificateCredentialOptions.d.ts.map [Correcto]
clientCertificateCredentialOptions.js [Correcto]
clientCertificateCredentialOptions.js.map [Correcto]
clientSecretCredential.d.ts [Correcto]
clientSecretCredential.d.ts.map [Correcto]
clientSecretCredential.js [Correcto]
clientSecretCredential.js.map [Correcto]
clientSecretCredentialOptions.d.ts [Correcto]
clientSecretCredentialOptions.d.ts.map [Correcto]
clientSecretCredentialOptions.js [Correcto]
clientSecretCredentialOptions.js.map [Correcto]
credentialPersistenceOptions.d.ts [Correcto]
credentialPersistenceOptions.d.ts.map [Correcto]
credentialPersistenceOptions.js [Correcto]
credentialPersistenceOptions.js.map [Correcto]
defaultAzureCredential.d.ts [Correcto]
defaultAzureCredential.d.ts.map [Correcto]
defaultAzureCredential.js [Correcto]
defaultAzureCredential.js.map [Correcto]
defaultAzureCredentialFunctions.d.ts [Correcto]
defaultAzureCredentialFunctions.d.ts.map [Correcto]
defaultAzureCredentialFunctions.js [Correcto]
defaultAzureCredentialFunctions.js.map [Correcto]
defaultAzureCredentialOptions.d.ts [Correcto]
defaultAzureCredentialOptions.d.ts.map [Correcto]
defaultAzureCredentialOptions.js [Correcto]
defaultAzureCredentialOptions.js.map [Correcto]
deviceCodeCredential.d.ts [Correcto]
deviceCodeCredential.d.ts.map [Correcto]
deviceCodeCredential.js [Correcto]
deviceCodeCredential.js.map [Correcto]
deviceCodeCredentialOptions.d.ts [Correcto]
deviceCodeCredentialOptions.d.ts.map [Correcto]
deviceCodeCredentialOptions.js [Correcto]
deviceCodeCredentialOptions.js.map [Correcto]
environmentCredential.d.ts [Correcto]
environmentCredential.d.ts.map [Correcto]
environmentCredential.js [Correcto]
environmentCredential.js.map [Correcto]
environmentCredentialOptions.d.ts [Correcto]
environmentCredentialOptions.d.ts.map [Correcto]
environmentCredentialOptions.js [Correcto]
environmentCredentialOptions.js.map [Correcto]
interactiveBrowserCredential.d.ts [Correcto]
interactiveBrowserCredential.d.ts.map [Correcto]
interactiveBrowserCredential.js [Correcto]
interactiveBrowserCredential.js.map [Correcto]
interactiveBrowserCredentialOptions.d.ts [Correcto]
interactiveBrowserCredentialOptions.d.ts.map [Correcto]
interactiveBrowserCredentialOptions.js [Correcto]
interactiveBrowserCredentialOptions.js.map [Correcto]
interactiveCredentialOptions.d.ts [Correcto]
interactiveCredentialOptions.d.ts.map [Correcto]
interactiveCredentialOptions.js [Correcto]
interactiveCredentialOptions.js.map [Correcto]
managedIdentityCredential [Correcto]
multiTenantTokenCredentialOptions.d.ts [Correcto]
multiTenantTokenCredentialOptions.d.ts.map [Correcto]
multiTenantTokenCredentialOptions.js [Correcto]
multiTenantTokenCredentialOptions.js.map [Correcto]
onBehalfOfCredential.d.ts [Correcto]
onBehalfOfCredential.d.ts.map [Correcto]
onBehalfOfCredential.js [Correcto]
onBehalfOfCredential.js.map [Correcto]
onBehalfOfCredentialOptions.d.ts [Correcto]
onBehalfOfCredentialOptions.d.ts.map [Correcto]
onBehalfOfCredentialOptions.js [Correcto]
onBehalfOfCredentialOptions.js.map [Correcto]
usernamePasswordCredential.d.ts [Correcto]
usernamePasswordCredential.d.ts.map [Correcto]
usernamePasswordCredential.js [Correcto]
usernamePasswordCredential.js.map [Correcto]
usernamePasswordCredentialOptions.d.ts [Correcto]
usernamePasswordCredentialOptions.d.ts.map [Correcto]
usernamePasswordCredentialOptions.js [Correcto]
usernamePasswordCredentialOptions.js.map [Correcto]
visualStudioCodeCredential.d.ts [Correcto]
visualStudioCodeCredential.d.ts.map [Correcto]
visualStudioCodeCredential.js [Correcto]
visualStudioCodeCredential.js.map [Correcto]
visualStudioCodeCredentialOptions.d.ts [Correcto]
visualStudioCodeCredentialOptions.d.ts.map [Correcto]
visualStudioCodeCredentialOptions.js [Correcto]
visualStudioCodeCredentialOptions.js.map [Correcto]
visualStudioCodeCredentialPlugin.d.ts [Correcto]
visualStudioCodeCredentialPlugin.d.ts.map [Correcto]
visualStudioCodeCredentialPlugin.js [Correcto]
visualStudioCodeCredentialPlugin.js.map [Correcto]
workloadIdentityCredential.d.ts [Correcto]
workloadIdentityCredential.d.ts.map [Correcto]
workloadIdentityCredential.js [Correcto]
workloadIdentityCredential.js.map [Correcto]
workloadIdentityCredentialOptions.d.ts [Correcto]
workloadIdentityCredentialOptions.d.ts.map [Correcto]
workloadIdentityCredentialOptions.js [Correcto]
workloadIdentityCredentialOptions.js.map [Correcto]

 Descomprimiendo archivos en C:\controlab-h\backend\node_modules\@azure\identity\dist\esm\credentials\managedIdentityCredential\

imdsMsi.d.ts [Correcto]
imdsMsi.d.ts.map [Correcto]
imdsMsi.js [Correcto]
imdsMsi.js.map [Correcto]
imdsRetryPolicy.d.ts [Correcto]
imdsRetryPolicy.d.ts.map [Correcto]
imdsRetryPolicy.js [Correcto]
imdsRetryPolicy.js.map [Correcto]
index.d.ts [Correcto]
index.d.ts.map [Correcto]
index.js [Correcto]
index.js.map [Correcto]
models.d.ts [Correcto]
models.d.ts.map [Correcto]
models.js [Correcto]
models.js.map [Correcto]
options.d.ts [Correcto]
options.d.ts.map [Correcto]
options.js [Correcto]
options.js.map [Correcto]
tokenExchangeMsi.d.ts [Correcto]
tokenExchangeMsi.d.ts.map [Correcto]
tokenExchangeMsi.js [Correcto]
tokenExchangeMsi.js.map [Correcto]
utils.d.ts [Correcto]
utils.d.ts.map [Correcto]
utils.js [Correcto]
utils.js.map [Correcto]

 Descomprimiendo archivos en C:\controlab-h\backend\node_modules\@azure\identity\dist\esm\msal\

browserFlows [Correcto]
credentials.d.ts [Correcto]
credentials.d.ts.map [Correcto]
credentials.js [Correcto]
credentials.js.map [Correcto]
msal.d.ts [Correcto]
msal.d.ts.map [Correcto]
msal.js [Correcto]
msal.js.map [Correcto]
nodeFlows [Correcto]
types.d.ts [Correcto]
types.d.ts.map [Correcto]
types.js [Correcto]
types.js.map [Correcto]
utils.d.ts [Correcto]
utils.d.ts.map [Correcto]
utils.js [Correcto]
utils.js.map [Correcto]

 Descomprimiendo archivos en C:\controlab-h\backend\node_modules\@azure\identity\dist\esm\msal\browserFlows\

msalBrowserCommon.d.ts [Correcto]
msalBrowserCommon.d.ts.map [Correcto]
msalBrowserCommon.js [Correcto]
msalBrowserCommon.js.map [Correcto]
msalBrowserOptions.d.ts [Correcto]
msalBrowserOptions.d.ts.map [Correcto]
msalBrowserOptions.js [Correcto]
msalBrowserOptions.js.map [Correcto]

 Descomprimiendo archivos en C:\controlab-h\backend\node_modules\@azure\identity\dist\esm\msal\nodeFlows\

brokerOptions.d.ts [Correcto]
brokerOptions.d.ts.map [Correcto]
brokerOptions.js [Correcto]
brokerOptions.js.map [Correcto]
msalClient.d.ts [Correcto]
msalClient.d.ts.map [Correcto]
msalClient.js [Correcto]
msalClient.js.map [Correcto]
msalPlugins.d.ts [Correcto]
msalPlugins.d.ts.map [Correcto]
msalPlugins.js [Correcto]
msalPlugins.js.map [Correcto]
tokenCachePersistenceOptions.d.ts [Correcto]
tokenCachePersistenceOptions.d.ts.map [Correcto]
tokenCachePersistenceOptions.js [Correcto]
tokenCachePersistenceOptions.js.map [Correcto]

 Descomprimiendo archivos en C:\controlab-h\backend\node_modules\@azure\identity\dist\esm\plugins\

consumer.d.ts [Correcto]
consumer.d.ts.map [Correcto]
consumer.js [Correcto]
consumer.js.map [Correcto]
provider.d.ts [Correcto]
provider.d.ts.map [Correcto]
provider.js [Correcto]
provider.js.map [Correcto]

 Descomprimiendo archivos en C:\controlab-h\backend\node_modules\@azure\identity\dist\esm\util\

authHostEnv-browser.d.mts [Correcto]
authHostEnv-browser.d.mts.map [Correcto]
authHostEnv-browser.mjs [Correcto]
authHostEnv-browser.mjs.map [Correcto]
identityTokenEndpoint.d.ts [Correcto]
identityTokenEndpoint.d.ts.map [Correcto]
identityTokenEndpoint.js [Correcto]
identityTokenEndpoint.js.map [Correcto]
logging.d.ts [Correcto]
logging.d.ts.map [Correcto]
logging.js [Correcto]
logging.js.map [Correcto]
processMultiTenantRequest.d.ts [Correcto]
processMultiTenantRequest.d.ts.map [Correcto]
processMultiTenantRequest.js [Correcto]
processMultiTenantRequest.js.map [Correcto]
processUtils.d.ts [Correcto]
processUtils.d.ts.map [Correcto]
processUtils.js [Correcto]
processUtils.js.map [Correcto]
scopeUtils.d.ts [Correcto]
scopeUtils.d.ts.map [Correcto]
scopeUtils.js [Correcto]
scopeUtils.js.map [Correcto]
subscriptionUtils.d.ts [Correcto]
subscriptionUtils.d.ts.map [Correcto]
subscriptionUtils.js [Correcto]
subscriptionUtils.js.map [Correcto]
tenantIdUtils.d.ts [Correcto]
tenantIdUtils.d.ts.map [Correcto]
tenantIdUtils.js [Correcto]
tenantIdUtils.js.map [Correcto]
tracing.d.ts [Correcto]
tracing.d.ts.map [Correcto]
tracing.js [Correcto]
tracing.js.map [Correcto]

 Descomprimiendo archivos en C:\controlab-h\backend\node_modules\@azure\identity\dist\workerd\

client [Correcto]
constants.d.ts [Correcto]
constants.d.ts.map [Correcto]
constants.js [Correcto]
constants.js.map [Correcto]
credentials [Correcto]
errors.d.ts [Correcto]
errors.d.ts.map [Correcto]
errors.js [Correcto]
errors.js.map [Correcto]
index.d.ts [Correcto]
index.d.ts.map [Correcto]
index.js [Correcto]
index.js.map [Correcto]
msal [Correcto]
package.json [Correcto]
plugins [Correcto]
regionalAuthority.d.ts [Correcto]
regionalAuthority.d.ts.map [Correcto]
regionalAuthority.js [Correcto]
regionalAuthority.js.map [Correcto]
tokenCredentialOptions.d.ts [Correcto]
tokenCredentialOptions.d.ts.map [Correcto]
tokenCredentialOptions.js [Correcto]
tokenCredentialOptions.js.map [Correcto]
tokenProvider.d.ts [Correcto]
tokenProvider.d.ts.map [Correcto]
tokenProvider.js [Correcto]
tokenProvider.js.map [Correcto]
util [Correcto]

 Descomprimiendo archivos en C:\controlab-h\backend\node_modules\@azure\identity\dist\workerd\client\

identityClient.d.ts [Correcto]
identityClient.d.ts.map [Correcto]
identityClient.js [Correcto]
identityClient.js.map [Correcto]

 Descomprimiendo archivos en C:\controlab-h\backend\node_modules\@azure\identity\dist\workerd\credentials\

authorityValidationOptions.d.ts [Correcto]
authorityValidationOptions.d.ts.map [Correcto]
authorityValidationOptions.js [Correcto]
authorityValidationOptions.js.map [Correcto]
authorizationCodeCredential.d.ts [Correcto]
authorizationCodeCredential.d.ts.map [Correcto]
authorizationCodeCredential.js [Correcto]
authorizationCodeCredential.js.map [Correcto]
authorizationCodeCredentialOptions.d.ts [Correcto]
authorizationCodeCredentialOptions.d.ts.map [Correcto]
authorizationCodeCredentialOptions.js [Correcto]
authorizationCodeCredentialOptions.js.map [Correcto]
azureCliCredential.d.ts [Correcto]
azureCliCredential.d.ts.map [Correcto]
azureCliCredential.js [Correcto]
azureCliCredential.js.map [Correcto]
azureCliCredentialOptions.d.ts [Correcto]
azureCliCredentialOptions.d.ts.map [Correcto]
azureCliCredentialOptions.js [Correcto]
azureCliCredentialOptions.js.map [Correcto]
azureDeveloperCliCredential.d.ts [Correcto]
azureDeveloperCliCredential.d.ts.map [Correcto]
azureDeveloperCliCredential.js [Correcto]
azureDeveloperCliCredential.js.map [Correcto]
azureDeveloperCliCredentialOptions.d.ts [Correcto]
azureDeveloperCliCredentialOptions.d.ts.map [Correcto]
azureDeveloperCliCredentialOptions.js [Correcto]
azureDeveloperCliCredentialOptions.js.map [Correcto]
azurePipelinesCredential.d.ts [Correcto]
azurePipelinesCredential.d.ts.map [Correcto]
azurePipelinesCredential.js [Correcto]
azurePipelinesCredential.js.map [Correcto]
azurePipelinesCredentialOptions.d.ts [Correcto]
azurePipelinesCredentialOptions.d.ts.map [Correcto]
azurePipelinesCredentialOptions.js [Correcto]
azurePipelinesCredentialOptions.js.map [Correcto]
azurePowerShellCredential.d.ts [Correcto]
azurePowerShellCredential.d.ts.map [Correcto]
azurePowerShellCredential.js [Correcto]
azurePowerShellCredential.js.map [Correcto]
azurePowerShellCredentialOptions.d.ts [Correcto]
azurePowerShellCredentialOptions.d.ts.map [Correcto]
azurePowerShellCredentialOptions.js [Correcto]
azurePowerShellCredentialOptions.js.map [Correcto]
brokerAuthOptions.d.ts [Correcto]
brokerAuthOptions.d.ts.map [Correcto]
brokerAuthOptions.js [Correcto]
brokerAuthOptions.js.map [Correcto]
brokerCredential.d.ts [Correcto]
brokerCredential.d.ts.map [Correcto]
brokerCredential.js [Correcto]
brokerCredential.js.map [Correcto]
browserCustomizationOptions.d.ts [Correcto]
browserCustomizationOptions.d.ts.map [Correcto]
browserCustomizationOptions.js [Correcto]
browserCustomizationOptions.js.map [Correcto]
chainedTokenCredential.d.ts [Correcto]
chainedTokenCredential.d.ts.map [Correcto]
chainedTokenCredential.js [Correcto]
chainedTokenCredential.js.map [Correcto]
clientAssertionCredential.d.ts [Correcto]
clientAssertionCredential.d.ts.map [Correcto]
clientAssertionCredential.js [Correcto]
clientAssertionCredential.js.map [Correcto]
clientAssertionCredentialOptions.d.ts [Correcto]
clientAssertionCredentialOptions.d.ts.map [Correcto]
clientAssertionCredentialOptions.js [Correcto]
clientAssertionCredentialOptions.js.map [Correcto]
clientCertificateCredential.d.ts [Correcto]
clientCertificateCredential.d.ts.map [Correcto]
clientCertificateCredential.js [Correcto]
clientCertificateCredential.js.map [Correcto]
clientCertificateCredentialModels.d.ts [Correcto]
clientCertificateCredentialModels.d.ts.map [Correcto]
clientCertificateCredentialModels.js [Correcto]
clientCertificateCredentialModels.js.map [Correcto]
clientCertificateCredentialOptions.d.ts [Correcto]
clientCertificateCredentialOptions.d.ts.map [Correcto]
clientCertificateCredentialOptions.js [Correcto]
clientCertificateCredentialOptions.js.map [Correcto]
clientSecretCredential.d.ts [Correcto]
clientSecretCredential.d.ts.map [Correcto]
clientSecretCredential.js [Correcto]
clientSecretCredential.js.map [Correcto]
clientSecretCredentialOptions.d.ts [Correcto]
clientSecretCredentialOptions.d.ts.map [Correcto]
clientSecretCredentialOptions.js [Correcto]
clientSecretCredentialOptions.js.map [Correcto]
credentialPersistenceOptions.d.ts [Correcto]
credentialPersistenceOptions.d.ts.map [Correcto]
credentialPersistenceOptions.js [Correcto]
credentialPersistenceOptions.js.map [Correcto]
defaultAzureCredential.d.ts [Correcto]
defaultAzureCredential.d.ts.map [Correcto]
defaultAzureCredential.js [Correcto]
defaultAzureCredential.js.map [Correcto]
defaultAzureCredentialFunctions.d.ts [Correcto]
defaultAzureCredentialFunctions.d.ts.map [Correcto]
defaultAzureCredentialFunctions.js [Correcto]
defaultAzureCredentialFunctions.js.map [Correcto]
defaultAzureCredentialOptions.d.ts [Correcto]
defaultAzureCredentialOptions.d.ts.map [Correcto]
defaultAzureCredentialOptions.js [Correcto]
defaultAzureCredentialOptions.js.map [Correcto]
deviceCodeCredential.d.ts [Correcto]
deviceCodeCredential.d.ts.map [Correcto]
deviceCodeCredential.js [Correcto]
deviceCodeCredential.js.map [Correcto]
deviceCodeCredentialOptions.d.ts [Correcto]
deviceCodeCredentialOptions.d.ts.map [Correcto]
deviceCodeCredentialOptions.js [Correcto]
deviceCodeCredentialOptions.js.map [Correcto]
environmentCredential.d.ts [Correcto]
environmentCredential.d.ts.map [Correcto]
environmentCredential.js [Correcto]
environmentCredential.js.map [Correcto]
environmentCredentialOptions.d.ts [Correcto]
environmentCredentialOptions.d.ts.map [Correcto]
environmentCredentialOptions.js [Correcto]
environmentCredentialOptions.js.map [Correcto]
interactiveBrowserCredential.d.ts [Correcto]
interactiveBrowserCredential.d.ts.map [Correcto]
interactiveBrowserCredential.js [Correcto]
interactiveBrowserCredential.js.map [Correcto]
interactiveBrowserCredentialOptions.d.ts [Correcto]
interactiveBrowserCredentialOptions.d.ts.map [Correcto]
interactiveBrowserCredentialOptions.js [Correcto]
interactiveBrowserCredentialOptions.js.map [Correcto]
interactiveCredentialOptions.d.ts [Correcto]
interactiveCredentialOptions.d.ts.map [Correcto]
interactiveCredentialOptions.js [Correcto]
interactiveCredentialOptions.js.map [Correcto]
managedIdentityCredential [Correcto]
multiTenantTokenCredentialOptions.d.ts [Correcto]
multiTenantTokenCredentialOptions.d.ts.map [Correcto]
multiTenantTokenCredentialOptions.js [Correcto]
multiTenantTokenCredentialOptions.js.map [Correcto]
onBehalfOfCredential.d.ts [Correcto]
onBehalfOfCredential.d.ts.map [Correcto]
onBehalfOfCredential.js [Correcto]
onBehalfOfCredential.js.map [Correcto]
onBehalfOfCredentialOptions.d.ts [Correcto]
onBehalfOfCredentialOptions.d.ts.map [Correcto]
onBehalfOfCredentialOptions.js [Correcto]
onBehalfOfCredentialOptions.js.map [Correcto]
usernamePasswordCredential.d.ts [Correcto]
usernamePasswordCredential.d.ts.map [Correcto]
usernamePasswordCredential.js [Correcto]
usernamePasswordCredential.js.map [Correcto]
usernamePasswordCredentialOptions.d.ts [Correcto]
usernamePasswordCredentialOptions.d.ts.map [Correcto]
usernamePasswordCredentialOptions.js [Correcto]
usernamePasswordCredentialOptions.js.map [Correcto]
visualStudioCodeCredential.d.ts [Correcto]
visualStudioCodeCredential.d.ts.map [Correcto]
visualStudioCodeCredential.js [Correcto]
visualStudioCodeCredential.js.map [Correcto]
visualStudioCodeCredentialOptions.d.ts [Correcto]
visualStudioCodeCredentialOptions.d.ts.map [Correcto]
visualStudioCodeCredentialOptions.js [Correcto]
visualStudioCodeCredentialOptions.js.map [Correcto]
visualStudioCodeCredentialPlugin.d.ts [Correcto]
visualStudioCodeCredentialPlugin.d.ts.map [Correcto]
visualStudioCodeCredentialPlugin.js [Correcto]
visualStudioCodeCredentialPlugin.js.map [Correcto]
workloadIdentityCredential.d.ts [Correcto]
workloadIdentityCredential.d.ts.map [Correcto]
workloadIdentityCredential.js [Correcto]
workloadIdentityCredential.js.map [Correcto]
workloadIdentityCredentialOptions.d.ts [Correcto]
workloadIdentityCredentialOptions.d.ts.map [Correcto]
workloadIdentityCredentialOptions.js [Correcto]
workloadIdentityCredentialOptions.js.map [Correcto]

 Descomprimiendo archivos en C:\controlab-h\backend\node_modules\@azure\identity\dist\workerd\credentials\managedIdentityCredential\

imdsMsi.d.ts [Correcto]
imdsMsi.d.ts.map [Correcto]
imdsMsi.js [Correcto]
imdsMsi.js.map [Correcto]
imdsRetryPolicy.d.ts [Correcto]
imdsRetryPolicy.d.ts.map [Correcto]
imdsRetryPolicy.js [Correcto]
imdsRetryPolicy.js.map [Correcto]
index.d.ts [Correcto]
index.d.ts.map [Correcto]
index.js [Correcto]
index.js.map [Correcto]
models.d.ts [Correcto]
models.d.ts.map [Correcto]
models.js [Correcto]
models.js.map [Correcto]
options.d.ts [Correcto]
options.d.ts.map [Correcto]
options.js [Correcto]
options.js.map [Correcto]
tokenExchangeMsi.d.ts [Correcto]
tokenExchangeMsi.d.ts.map [Correcto]
tokenExchangeMsi.js [Correcto]
tokenExchangeMsi.js.map [Correcto]
utils.d.ts [Correcto]
utils.d.ts.map [Correcto]
utils.js [Correcto]
utils.js.map [Correcto]

 Descomprimiendo archivos en C:\controlab-h\backend\node_modules\@azure\identity\dist\workerd\msal\

browserFlows [Correcto]
credentials.d.ts [Correcto]
credentials.d.ts.map [Correcto]
credentials.js [Correcto]
credentials.js.map [Correcto]
msal.d.ts [Correcto]
msal.d.ts.map [Correcto]
msal.js [Correcto]
msal.js.map [Correcto]
nodeFlows [Correcto]
types.d.ts [Correcto]
types.d.ts.map [Correcto]
types.js [Correcto]
types.js.map [Correcto]
utils.d.ts [Correcto]
utils.d.ts.map [Correcto]
utils.js [Correcto]
utils.js.map [Correcto]

 Descomprimiendo archivos en C:\controlab-h\backend\node_modules\@azure\identity\dist\workerd\msal\browserFlows\

msalBrowserCommon.d.ts [Correcto]
msalBrowserCommon.d.ts.map [Correcto]
msalBrowserCommon.js [Correcto]
msalBrowserCommon.js.map [Correcto]
msalBrowserOptions.d.ts [Correcto]
msalBrowserOptions.d.ts.map [Correcto]
msalBrowserOptions.js [Correcto]
msalBrowserOptions.js.map [Correcto]

 Descomprimiendo archivos en C:\controlab-h\backend\node_modules\@azure\identity\dist\workerd\msal\nodeFlows\

brokerOptions.d.ts [Correcto]
brokerOptions.d.ts.map [Correcto]
brokerOptions.js [Correcto]
brokerOptions.js.map [Correcto]
msalClient.d.ts [Correcto]
msalClient.d.ts.map [Correcto]
msalClient.js [Correcto]
msalClient.js.map [Correcto]
msalPlugins.d.ts [Correcto]
msalPlugins.d.ts.map [Correcto]
msalPlugins.js [Correcto]
msalPlugins.js.map [Correcto]
tokenCachePersistenceOptions.d.ts [Correcto]
tokenCachePersistenceOptions.d.ts.map [Correcto]
tokenCachePersistenceOptions.js [Correcto]
tokenCachePersistenceOptions.js.map [Correcto]

 Descomprimiendo archivos en C:\controlab-h\backend\node_modules\@azure\identity\dist\workerd\plugins\

consumer.d.ts [Correcto]
consumer.d.ts.map [Correcto]
consumer.js [Correcto]
consumer.js.map [Correcto]
provider.d.ts [Correcto]
provider.d.ts.map [Correcto]
provider.js [Correcto]
provider.js.map [Correcto]

 Descomprimiendo archivos en C:\controlab-h\backend\node_modules\@azure\identity\dist\workerd\util\

authHostEnv-browser.d.mts [Correcto]
authHostEnv-browser.d.mts.map [Correcto]
authHostEnv-browser.mjs [Correcto]
authHostEnv-browser.mjs.map [Correcto]
identityTokenEndpoint.d.ts [Correcto]
identityTokenEndpoint.d.ts.map [Correcto]
identityTokenEndpoint.js [Correcto]
identityTokenEndpoint.js.map [Correcto]
logging.d.ts [Correcto]
logging.d.ts.map [Correcto]
logging.js [Correcto]
logging.js.map [Correcto]
processMultiTenantRequest.d.ts [Correcto]
processMultiTenantRequest.d.ts.map [Correcto]
processMultiTenantRequest.js [Correcto]
processMultiTenantRequest.js.map [Correcto]
processUtils.d.ts [Correcto]
processUtils.d.ts.map [Correcto]
processUtils.js [Correcto]
processUtils.js.map [Correcto]
scopeUtils.d.ts [Correcto]
scopeUtils.d.ts.map [Correcto]
scopeUtils.js [Correcto]
scopeUtils.js.map [Correcto]
subscriptionUtils.d.ts [Correcto]
subscriptionUtils.d.ts.map [Correcto]
subscriptionUtils.js [Correcto]
subscriptionUtils.js.map [Correcto]
tenantIdUtils.d.ts [Correcto]
tenantIdUtils.d.ts.map [Correcto]
tenantIdUtils.js [Correcto]
tenantIdUtils.js.map [Correcto]
tracing.d.ts [Correcto]
tracing.d.ts.map [Correcto]
tracing.js [Correcto]
tracing.js.map [Correcto]

 Descomprimiendo archivos en C:\controlab-h\backend\node_modules\@azure\keyvault-common\

dist [Correcto]
LICENSE [Correcto]
package.json [Correcto]
README.md [Correcto]

 Descomprimiendo archivos en C:\controlab-h\backend\node_modules\@azure\keyvault-common\dist\

browser [Correcto]
commonjs [Correcto]
esm [Correcto]

 Descomprimiendo archivos en C:\controlab-h\backend\node_modules\@azure\keyvault-common\dist\browser\

extendedClientOptions.d.ts [Correcto]
extendedClientOptions.d.ts.map [Correcto]
extendedClientOptions.js [Correcto]
extendedClientOptions.js.map [Correcto]
index.d.ts [Correcto]
index.d.ts.map [Correcto]
index.js [Correcto]
index.js.map [Correcto]
keyVaultAuthenticationPolicy.d.ts [Correcto]
keyVaultAuthenticationPolicy.d.ts.map [Correcto]
keyVaultAuthenticationPolicy.js [Correcto]
keyVaultAuthenticationPolicy.js.map [Correcto]
logger.d.ts [Correcto]
logger.d.ts.map [Correcto]
logger.js [Correcto]
logger.js.map [Correcto]
package.json [Correcto]
parseKeyVaultIdentifier.d.ts [Correcto]
parseKeyVaultIdentifier.d.ts.map [Correcto]
parseKeyVaultIdentifier.js [Correcto]
parseKeyVaultIdentifier.js.map [Correcto]
parseWWWAuthenticate.d.ts [Correcto]
parseWWWAuthenticate.d.ts.map [Correcto]
parseWWWAuthenticate.js [Correcto]
parseWWWAuthenticate.js.map [Correcto]
tokenCycler.d.ts [Correcto]
tokenCycler.d.ts.map [Correcto]
tokenCycler.js [Correcto]
tokenCycler.js.map [Correcto]

 Descomprimiendo archivos en C:\controlab-h\backend\node_modules\@azure\keyvault-common\dist\commonjs\

extendedClientOptions.d.ts [Correcto]
extendedClientOptions.d.ts.map [Correcto]
extendedClientOptions.js [Correcto]
extendedClientOptions.js.map [Correcto]
index.d.ts [Correcto]
index.d.ts.map [Correcto]
index.js [Correcto]
index.js.map [Correcto]
keyVaultAuthenticationPolicy.d.ts [Correcto]
keyVaultAuthenticationPolicy.d.ts.map [Correcto]
keyVaultAuthenticationPolicy.js [Correcto]
keyVaultAuthenticationPolicy.js.map [Correcto]
logger.d.ts [Correcto]
logger.d.ts.map [Correcto]
logger.js [Correcto]
logger.js.map [Correcto]
package.json [Correcto]
parseKeyVaultIdentifier.d.ts [Correcto]
parseKeyVaultIdentifier.d.ts.map [Correcto]
parseKeyVaultIdentifier.js [Correcto]
parseKeyVaultIdentifier.js.map [Correcto]
parseWWWAuthenticate.d.ts [Correcto]
parseWWWAuthenticate.d.ts.map [Correcto]
parseWWWAuthenticate.js [Correcto]
parseWWWAuthenticate.js.map [Correcto]
tokenCycler.d.ts [Correcto]
tokenCycler.d.ts.map [Correcto]
tokenCycler.js [Correcto]
tokenCycler.js.map [Correcto]
tsdoc-metadata.json [Correcto]

 Descomprimiendo archivos en C:\controlab-h\backend\node_modules\@azure\keyvault-common\dist\esm\

extendedClientOptions.d.ts [Correcto]
extendedClientOptions.d.ts.map [Correcto]
extendedClientOptions.js [Correcto]
extendedClientOptions.js.map [Correcto]
index.d.ts [Correcto]
index.d.ts.map [Correcto]
index.js [Correcto]
index.js.map [Correcto]
keyVaultAuthenticationPolicy.d.ts [Correcto]
keyVaultAuthenticationPolicy.d.ts.map [Correcto]
keyVaultAuthenticationPolicy.js [Correcto]
keyVaultAuthenticationPolicy.js.map [Correcto]
logger.d.ts [Correcto]
logger.d.ts.map [Correcto]
logger.js [Correcto]
logger.js.map [Correcto]
package.json [Correcto]
parseKeyVaultIdentifier.d.ts [Correcto]
parseKeyVaultIdentifier.d.ts.map [Correcto]
parseKeyVaultIdentifier.js [Correcto]
parseKeyVaultIdentifier.js.map [Correcto]
parseWWWAuthenticate.d.ts [Correcto]
parseWWWAuthenticate.d.ts.map [Correcto]
parseWWWAuthenticate.js [Correcto]
parseWWWAuthenticate.js.map [Correcto]
tokenCycler.d.ts [Correcto]
tokenCycler.d.ts.map [Correcto]
tokenCycler.js [Correcto]
tokenCycler.js.map [Correcto]

 Descomprimiendo archivos en C:\controlab-h\backend\node_modules\@azure\keyvault-keys\

dist [Correcto]
LICENSE [Correcto]
package.json [Correcto]
README.md [Correcto]

 Descomprimiendo archivos en C:\controlab-h\backend\node_modules\@azure\keyvault-keys\dist\

browser [Correcto]
commonjs [Correcto]
esm [Correcto]

 Descomprimiendo archivos en C:\controlab-h\backend\node_modules\@azure\keyvault-keys\dist\browser\

api [Correcto]
constants.d.ts [Correcto]
constants.d.ts.map [Correcto]
constants.js [Correcto]
constants.js.map [Correcto]
cryptography [Correcto]
cryptographyClient.d.ts [Correcto]
cryptographyClient.d.ts.map [Correcto]
cryptographyClient.js [Correcto]
cryptographyClient.js.map [Correcto]
cryptographyClientModels.d.ts [Correcto]
cryptographyClientModels.d.ts.map [Correcto]
cryptographyClientModels.js [Correcto]
cryptographyClientModels.js.map [Correcto]
identifier.d.ts [Correcto]
identifier.d.ts.map [Correcto]
identifier.js [Correcto]
identifier.js.map [Correcto]
index.d.ts [Correcto]
index.d.ts.map [Correcto]
index.js [Correcto]
index.js.map [Correcto]
keysModels.d.ts [Correcto]
keysModels.d.ts.map [Correcto]
keysModels.js [Correcto]
keysModels.js.map [Correcto]
keyVaultClient.d.ts [Correcto]
keyVaultClient.d.ts.map [Correcto]
keyVaultClient.js [Correcto]
keyVaultClient.js.map [Correcto]
logger.d.ts [Correcto]
logger.d.ts.map [Correcto]
logger.js [Correcto]
logger.js.map [Correcto]
lro [Correcto]
models [Correcto]
package.json [Correcto]
static-helpers [Correcto]
tracing.d.ts [Correcto]
tracing.d.ts.map [Correcto]
tracing.js [Correcto]
tracing.js.map [Correcto]
transformations.d.ts [Correcto]
transformations.d.ts.map [Correcto]
transformations.js [Correcto]
transformations.js.map [Correcto]

 Descomprimiendo archivos en C:\controlab-h\backend\node_modules\@azure\keyvault-keys\dist\browser\api\

index.d.ts [Correcto]
index.d.ts.map [Correcto]
index.js [Correcto]
index.js.map [Correcto]
keyVaultContext.d.ts [Correcto]
keyVaultContext.d.ts.map [Correcto]
keyVaultContext.js [Correcto]
keyVaultContext.js.map [Correcto]
operations.d.ts [Correcto]
operations.d.ts.map [Correcto]
operations.js [Correcto]
operations.js.map [Correcto]
options.d.ts [Correcto]
options.d.ts.map [Correcto]
options.js [Correcto]
options.js.map [Correcto]

 Descomprimiendo archivos en C:\controlab-h\backend\node_modules\@azure\keyvault-keys\dist\browser\cryptography\

aesCryptographyProvider-browser.d.mts [Correcto]
aesCryptographyProvider-browser.d.mts.map [Correcto]
aesCryptographyProvider-browser.mjs [Correcto]
aesCryptographyProvider-browser.mjs.map [Correcto]
crypto-browser.d.mts [Correcto]
crypto-browser.d.mts.map [Correcto]
crypto-browser.mjs [Correcto]
crypto-browser.mjs.map [Correcto]
models.d.ts [Correcto]
models.d.ts.map [Correcto]
models.js [Correcto]
models.js.map [Correcto]
remoteCryptographyProvider.d.ts [Correcto]
remoteCryptographyProvider.d.ts.map [Correcto]
remoteCryptographyProvider.js [Correcto]
remoteCryptographyProvider.js.map [Correcto]
rsaCryptographyProvider-browser.d.mts [Correcto]
rsaCryptographyProvider-browser.d.mts.map [Correcto]
rsaCryptographyProvider-browser.mjs [Correcto]
rsaCryptographyProvider-browser.mjs.map [Correcto]

 Descomprimiendo archivos en C:\controlab-h\backend\node_modules\@azure\keyvault-keys\dist\browser\lro\

delete [Correcto]
keyVaultKeyPoller.d.ts [Correcto]
keyVaultKeyPoller.d.ts.map [Correcto]
keyVaultKeyPoller.js [Correcto]
keyVaultKeyPoller.js.map [Correcto]
recover [Correcto]

 Descomprimiendo archivos en C:\controlab-h\backend\node_modules\@azure\keyvault-keys\dist\browser\lro\delete\

operation.d.ts [Correcto]
operation.d.ts.map [Correcto]
operation.js [Correcto]
operation.js.map [Correcto]
poller.d.ts [Correcto]
poller.d.ts.map [Correcto]
poller.js [Correcto]
poller.js.map [Correcto]

 Descomprimiendo archivos en C:\controlab-h\backend\node_modules\@azure\keyvault-keys\dist\browser\lro\recover\

operation.d.ts [Correcto]
operation.d.ts.map [Correcto]
operation.js [Correcto]
operation.js.map [Correcto]
poller.d.ts [Correcto]
poller.d.ts.map [Correcto]
poller.js [Correcto]
poller.js.map [Correcto]

 Descomprimiendo archivos en C:\controlab-h\backend\node_modules\@azure\keyvault-keys\dist\browser\models\

models.d.ts [Correcto]
models.d.ts.map [Correcto]
models.js [Correcto]
models.js.map [Correcto]

 Descomprimiendo archivos en C:\controlab-h\backend\node_modules\@azure\keyvault-keys\dist\browser\static-helpers\

pagingHelpers.d.ts [Correcto]
pagingHelpers.d.ts.map [Correcto]
pagingHelpers.js [Correcto]
pagingHelpers.js.map [Correcto]
urlTemplate.d.ts [Correcto]
urlTemplate.d.ts.map [Correcto]
urlTemplate.js [Correcto]
urlTemplate.js.map [Correcto]

 Descomprimiendo archivos en C:\controlab-h\backend\node_modules\@azure\keyvault-keys\dist\commonjs\

api [Correcto]
constants.d.ts [Correcto]
constants.d.ts.map [Correcto]
constants.js [Correcto]
constants.js.map [Correcto]
cryptography [Correcto]
cryptographyClient.d.ts [Correcto]
cryptographyClient.d.ts.map [Correcto]
cryptographyClient.js [Correcto]
cryptographyClient.js.map [Correcto]
cryptographyClientModels.d.ts [Correcto]
cryptographyClientModels.d.ts.map [Correcto]
cryptographyClientModels.js [Correcto]
cryptographyClientModels.js.map [Correcto]
identifier.d.ts [Correcto]
identifier.d.ts.map [Correcto]
identifier.js [Correcto]
identifier.js.map [Correcto]
index.d.ts [Correcto]
index.d.ts.map [Correcto]
index.js [Correcto]
index.js.map [Correcto]
keysModels.d.ts [Correcto]
keysModels.d.ts.map [Correcto]
keysModels.js [Correcto]
keysModels.js.map [Correcto]
keyVaultClient.d.ts [Correcto]
keyVaultClient.d.ts.map [Correcto]
keyVaultClient.js [Correcto]
keyVaultClient.js.map [Correcto]
logger.d.ts [Correcto]
logger.d.ts.map [Correcto]
logger.js [Correcto]
logger.js.map [Correcto]
lro [Correcto]
models [Correcto]
package.json [Correcto]
static-helpers [Correcto]
tracing.d.ts [Correcto]
tracing.d.ts.map [Correcto]
tracing.js [Correcto]
tracing.js.map [Correcto]
transformations.d.ts [Correcto]
transformations.d.ts.map [Correcto]
transformations.js [Correcto]
transformations.js.map [Correcto]
tsdoc-metadata.json [Correcto]

 Descomprimiendo archivos en C:\controlab-h\backend\node_modules\@azure\keyvault-keys\dist\commonjs\api\

index.d.ts [Correcto]
index.d.ts.map [Correcto]
index.js [Correcto]
index.js.map [Correcto]
keyVaultContext.d.ts [Correcto]
keyVaultContext.d.ts.map [Correcto]
keyVaultContext.js [Correcto]
keyVaultContext.js.map [Correcto]
operations.d.ts [Correcto]
operations.d.ts.map [Correcto]
operations.js [Correcto]
operations.js.map [Correcto]
options.d.ts [Correcto]
options.d.ts.map [Correcto]
options.js [Correcto]
options.js.map [Correcto]

 Descomprimiendo archivos en C:\controlab-h\backend\node_modules\@azure\keyvault-keys\dist\commonjs\cryptography\

aesCryptographyProvider.d.ts [Correcto]
aesCryptographyProvider.d.ts.map [Correcto]
aesCryptographyProvider.js [Correcto]
aesCryptographyProvider.js.map [Correcto]
conversions.d.ts [Correcto]
conversions.d.ts.map [Correcto]
conversions.js [Correcto]
conversions.js.map [Correcto]
crypto.d.ts [Correcto]
crypto.d.ts.map [Correcto]
crypto.js [Correcto]
crypto.js.map [Correcto]
models.d.ts [Correcto]
models.d.ts.map [Correcto]
models.js [Correcto]
models.js.map [Correcto]
remoteCryptographyProvider.d.ts [Correcto]
remoteCryptographyProvider.d.ts.map [Correcto]
remoteCryptographyProvider.js [Correcto]
remoteCryptographyProvider.js.map [Correcto]
rsaCryptographyProvider.d.ts [Correcto]
rsaCryptographyProvider.d.ts.map [Correcto]
rsaCryptographyProvider.js [Correcto]
rsaCryptographyProvider.js.map [Correcto]

 Descomprimiendo archivos en C:\controlab-h\backend\node_modules\@azure\keyvault-keys\dist\commonjs\lro\

delete [Correcto]
keyVaultKeyPoller.d.ts [Correcto]
keyVaultKeyPoller.d.ts.map [Correcto]
keyVaultKeyPoller.js [Correcto]
keyVaultKeyPoller.js.map [Correcto]
recover [Correcto]

 Descomprimiendo archivos en C:\controlab-h\backend\node_modules\@azure\keyvault-keys\dist\commonjs\lro\delete\

operation.d.ts [Correcto]
operation.d.ts.map [Correcto]
operation.js [Correcto]
operation.js.map [Correcto]
poller.d.ts [Correcto]
poller.d.ts.map [Correcto]
poller.js [Correcto]
poller.js.map [Correcto]

 Descomprimiendo archivos en C:\controlab-h\backend\node_modules\@azure\keyvault-keys\dist\commonjs\lro\recover\

operation.d.ts [Correcto]
operation.d.ts.map [Correcto]
operation.js [Correcto]
operation.js.map [Correcto]
poller.d.ts [Correcto]
poller.d.ts.map [Correcto]
poller.js [Correcto]
poller.js.map [Correcto]

 Descomprimiendo archivos en C:\controlab-h\backend\node_modules\@azure\keyvault-keys\dist\commonjs\models\

models.d.ts [Correcto]
models.d.ts.map [Correcto]
models.js [Correcto]
models.js.map [Correcto]

 Descomprimiendo archivos en C:\controlab-h\backend\node_modules\@azure\keyvault-keys\dist\commonjs\static-helpers\

pagingHelpers.d.ts [Correcto]
pagingHelpers.d.ts.map [Correcto]
pagingHelpers.js [Correcto]
pagingHelpers.js.map [Correcto]
urlTemplate.d.ts [Correcto]
urlTemplate.d.ts.map [Correcto]
urlTemplate.js [Correcto]
urlTemplate.js.map [Correcto]

 Descomprimiendo archivos en C:\controlab-h\backend\node_modules\@azure\keyvault-keys\dist\esm\

api [Correcto]
constants.d.ts [Correcto]
constants.d.ts.map [Correcto]
constants.js [Correcto]
constants.js.map [Correcto]
cryptography [Correcto]
cryptographyClient.d.ts [Correcto]
cryptographyClient.d.ts.map [Correcto]
cryptographyClient.js [Correcto]
cryptographyClient.js.map [Correcto]
cryptographyClientModels.d.ts [Correcto]
cryptographyClientModels.d.ts.map [Correcto]
cryptographyClientModels.js [Correcto]
cryptographyClientModels.js.map [Correcto]
identifier.d.ts [Correcto]
identifier.d.ts.map [Correcto]
identifier.js [Correcto]
identifier.js.map [Correcto]
index.d.ts [Correcto]
index.d.ts.map [Correcto]
index.js [Correcto]
index.js.map [Correcto]
keysModels.d.ts [Correcto]
keysModels.d.ts.map [Correcto]
keysModels.js [Correcto]
keysModels.js.map [Correcto]
keyVaultClient.d.ts [Correcto]
keyVaultClient.d.ts.map [Correcto]
keyVaultClient.js [Correcto]
keyVaultClient.js.map [Correcto]
logger.d.ts [Correcto]
logger.d.ts.map [Correcto]
logger.js [Correcto]
logger.js.map [Correcto]
lro [Correcto]
models [Correcto]
package.json [Correcto]
static-helpers [Correcto]
tracing.d.ts [Correcto]
tracing.d.ts.map [Correcto]
tracing.js [Correcto]
tracing.js.map [Correcto]
transformations.d.ts [Correcto]
transformations.d.ts.map [Correcto]
transformations.js [Correcto]
transformations.js.map [Correcto]

 Descomprimiendo archivos en C:\controlab-h\backend\node_modules\@azure\keyvault-keys\dist\esm\api\

index.d.ts [Correcto]
index.d.ts.map [Correcto]
index.js [Correcto]
index.js.map [Correcto]
keyVaultContext.d.ts [Correcto]
keyVaultContext.d.ts.map [Correcto]
keyVaultContext.js [Correcto]
keyVaultContext.js.map [Correcto]
operations.d.ts [Correcto]
operations.d.ts.map [Correcto]
operations.js [Correcto]
operations.js.map [Correcto]
options.d.ts [Correcto]
options.d.ts.map [Correcto]
options.js [Correcto]
options.js.map [Correcto]

 Descomprimiendo archivos en C:\controlab-h\backend\node_modules\@azure\keyvault-keys\dist\esm\cryptography\

aesCryptographyProvider.d.ts [Correcto]
aesCryptographyProvider.d.ts.map [Correcto]
aesCryptographyProvider.js [Correcto]
aesCryptographyProvider.js.map [Correcto]
conversions.d.ts [Correcto]
conversions.d.ts.map [Correcto]
conversions.js [Correcto]
conversions.js.map [Correcto]
crypto.d.ts [Correcto]
crypto.d.ts.map [Correcto]
crypto.js [Correcto]
crypto.js.map [Correcto]
models.d.ts [Correcto]
models.d.ts.map [Correcto]
models.js [Correcto]
models.js.map [Correcto]
remoteCryptographyProvider.d.ts [Correcto]
remoteCryptographyProvider.d.ts.map [Correcto]
remoteCryptographyProvider.js [Correcto]
remoteCryptographyProvider.js.map [Correcto]
rsaCryptographyProvider.d.ts [Correcto]
rsaCryptographyProvider.d.ts.map [Correcto]
rsaCryptographyProvider.js [Correcto]
rsaCryptographyProvider.js.map [Correcto]

 Descomprimiendo archivos en C:\controlab-h\backend\node_modules\@azure\keyvault-keys\dist\esm\lro\

delete [Correcto]
keyVaultKeyPoller.d.ts [Correcto]
keyVaultKeyPoller.d.ts.map [Correcto]
keyVaultKeyPoller.js [Correcto]
keyVaultKeyPoller.js.map [Correcto]
recover [Correcto]

 Descomprimiendo archivos en C:\controlab-h\backend\node_modules\@azure\keyvault-keys\dist\esm\lro\delete\

operation.d.ts [Correcto]
operation.d.ts.map [Correcto]
operation.js [Correcto]
operation.js.map [Correcto]
poller.d.ts [Correcto]
poller.d.ts.map [Correcto]
poller.js [Correcto]
poller.js.map [Correcto]

 Descomprimiendo archivos en C:\controlab-h\backend\node_modules\@azure\keyvault-keys\dist\esm\lro\recover\

operation.d.ts [Correcto]
operation.d.ts.map [Correcto]
operation.js [Correcto]
operation.js.map [Correcto]
poller.d.ts [Correcto]
poller.d.ts.map [Correcto]
poller.js [Correcto]
poller.js.map [Correcto]

 Descomprimiendo archivos en C:\controlab-h\backend\node_modules\@azure\keyvault-keys\dist\esm\models\

models.d.ts [Correcto]
models.d.ts.map [Correcto]
models.js [Correcto]
models.js.map [Correcto]

 Descomprimiendo archivos en C:\controlab-h\backend\node_modules\@azure\keyvault-keys\dist\esm\static-helpers\

pagingHelpers.d.ts [Correcto]
pagingHelpers.d.ts.map [Correcto]
pagingHelpers.js [Correcto]
pagingHelpers.js.map [Correcto]
urlTemplate.d.ts [Correcto]
urlTemplate.d.ts.map [Correcto]
urlTemplate.js [Correcto]
urlTemplate.js.map [Correcto]

 Descomprimiendo archivos en C:\controlab-h\backend\node_modules\@azure\logger\

dist [Correcto]
LICENSE [Correcto]
package.json [Correcto]
README.md [Correcto]

 Descomprimiendo archivos en C:\controlab-h\backend\node_modules\@azure\logger\dist\

browser [Correcto]
commonjs [Correcto]
esm [Correcto]
react-native [Correcto]

 Descomprimiendo archivos en C:\controlab-h\backend\node_modules\@azure\logger\dist\browser\

index.d.ts [Correcto]
index.js [Correcto]
index.js.map [Correcto]
package.json [Correcto]

 Descomprimiendo archivos en C:\controlab-h\backend\node_modules\@azure\logger\dist\commonjs\

index.d.ts [Correcto]
index.js [Correcto]
index.js.map [Correcto]
package.json [Correcto]
tsdoc-metadata.json [Correcto]

 Descomprimiendo archivos en C:\controlab-h\backend\node_modules\@azure\logger\dist\esm\

index.d.ts [Correcto]
index.js [Correcto]
index.js.map [Correcto]
package.json [Correcto]

 Descomprimiendo archivos en C:\controlab-h\backend\node_modules\@azure\logger\dist\react-native\

index.d.ts [Correcto]
index.js [Correcto]
index.js.map [Correcto]
package.json [Correcto]

 Descomprimiendo archivos en C:\controlab-h\backend\node_modules\@azure\msal-browser\

dist [Correcto]
lib [Correcto]
LICENSE [Correcto]
package.json [Correcto]
README.md [Correcto]
src [Correcto]
types [Correcto]

 Descomprimiendo archivos en C:\controlab-h\backend\node_modules\@azure\msal-browser\dist\

app [Correcto]
broker [Correcto]
cache [Correcto]
config [Correcto]
controllers [Correcto]
crypto [Correcto]
custom_auth [Correcto]
encode [Correcto]
error [Correcto]
event [Correcto]
index.mjs [Correcto]
index.mjs.map [Correcto]
interaction_client [Correcto]
interaction_handler [Correcto]
log-strings-mapping.json [Correcto]
naa [Correcto]
navigation [Correcto]
network [Correcto]
operatingcontext [Correcto]
packageMetadata.mjs [Correcto]
packageMetadata.mjs.map [Correcto]
protocol [Correcto]
redirect_bridge [Correcto]
request [Correcto]
response [Correcto]
telemetry [Correcto]
utils [Correcto]

 Descomprimiendo archivos en C:\controlab-h\backend\node_modules\@azure\msal-browser\dist\app\

IPublicClientApplication.mjs [Correcto]
IPublicClientApplication.mjs.map [Correcto]
PublicClientApplication.mjs [Correcto]
PublicClientApplication.mjs.map [Correcto]

 Descomprimiendo archivos en C:\controlab-h\backend\node_modules\@azure\msal-browser\dist\broker\

nativeBroker [Correcto]

 Descomprimiendo archivos en C:\controlab-h\backend\node_modules\@azure\msal-browser\dist\broker\nativeBroker\

NativeStatusCodes.mjs [Correcto]
NativeStatusCodes.mjs.map [Correcto]
PlatformAuthDOMHandler.mjs [Correcto]
PlatformAuthDOMHandler.mjs.map [Correcto]
PlatformAuthExtensionHandler.mjs [Correcto]
PlatformAuthExtensionHandler.mjs.map [Correcto]
PlatformAuthProvider.mjs [Correcto]
PlatformAuthProvider.mjs.map [Correcto]

 Descomprimiendo archivos en C:\controlab-h\backend\node_modules\@azure\msal-browser\dist\cache\

AccountManager.mjs [Correcto]
AccountManager.mjs.map [Correcto]
AsyncMemoryStorage.mjs [Correcto]
AsyncMemoryStorage.mjs.map [Correcto]
BrowserCacheManager.mjs [Correcto]
BrowserCacheManager.mjs.map [Correcto]
CacheHelpers.mjs [Correcto]
CacheHelpers.mjs.map [Correcto]
CacheKeys.mjs [Correcto]
CacheKeys.mjs.map [Correcto]
CookieStorage.mjs [Correcto]
CookieStorage.mjs.map [Correcto]
DatabaseStorage.mjs [Correcto]
DatabaseStorage.mjs.map [Correcto]
EncryptedData.mjs [Correcto]
EncryptedData.mjs.map [Correcto]
LocalStorage.mjs [Correcto]
LocalStorage.mjs.map [Correcto]
MemoryStorage.mjs [Correcto]
MemoryStorage.mjs.map [Correcto]
SessionStorage.mjs [Correcto]
SessionStorage.mjs.map [Correcto]
TokenCache.mjs [Correcto]
TokenCache.mjs.map [Correcto]

 Descomprimiendo archivos en C:\controlab-h\backend\node_modules\@azure\msal-browser\dist\config\

Configuration.mjs [Correcto]
Configuration.mjs.map [Correcto]

 Descomprimiendo archivos en C:\controlab-h\backend\node_modules\@azure\msal-browser\dist\controllers\

NestedAppAuthController.mjs [Correcto]
NestedAppAuthController.mjs.map [Correcto]
StandardController.mjs [Correcto]
StandardController.mjs.map [Correcto]

 Descomprimiendo archivos en C:\controlab-h\backend\node_modules\@azure\msal-browser\dist\crypto\

BrowserCrypto.mjs [Correcto]
BrowserCrypto.mjs.map [Correcto]
CryptoOps.mjs [Correcto]
CryptoOps.mjs.map [Correcto]
PkceGenerator.mjs [Correcto]
PkceGenerator.mjs.map [Correcto]
SignedHttpRequest.mjs [Correcto]
SignedHttpRequest.mjs.map [Correcto]

 Descomprimiendo archivos en C:\controlab-h\backend\node_modules\@azure\msal-browser\dist\custom_auth\

controller [Correcto]
core [Correcto]
CustomAuthConstants.mjs [Correcto]
CustomAuthConstants.mjs.map [Correcto]
CustomAuthPublicClientApplication.mjs [Correcto]
CustomAuthPublicClientApplication.mjs.map [Correcto]
get_account [Correcto]
index.mjs [Correcto]
index.mjs.map [Correcto]
operating_context [Correcto]
reset_password [Correcto]
sign_in [Correcto]
sign_up [Correcto]

 Descomprimiendo archivos en C:\controlab-h\backend\node_modules\@azure\msal-browser\dist\custom_auth\controller\

CustomAuthStandardController.mjs [Correcto]
CustomAuthStandardController.mjs.map [Correcto]

 Descomprimiendo archivos en C:\controlab-h\backend\node_modules\@azure\msal-browser\dist\custom_auth\core\

auth_flow [Correcto]
CustomAuthAuthority.mjs [Correcto]
CustomAuthAuthority.mjs.map [Correcto]
error [Correcto]
interaction_client [Correcto]
network_client [Correcto]
telemetry [Correcto]
utils [Correcto]

 Descomprimiendo archivos en C:\controlab-h\backend\node_modules\@azure\msal-browser\dist\custom_auth\core\auth_flow\

AuthFlowErrorBase.mjs [Correcto]
AuthFlowErrorBase.mjs.map [Correcto]
AuthFlowResultBase.mjs [Correcto]
AuthFlowResultBase.mjs.map [Correcto]
AuthFlowState.mjs [Correcto]
AuthFlowState.mjs.map [Correcto]
AuthFlowStateTypes.mjs [Correcto]
AuthFlowStateTypes.mjs.map [Correcto]
jit [Correcto]
mfa [Correcto]

 Descomprimiendo archivos en C:\controlab-h\backend\node_modules\@azure\msal-browser\dist\custom_auth\core\auth_flow\jit\

error_type [Correcto]
result [Correcto]
state [Correcto]

 Descomprimiendo archivos en C:\controlab-h\backend\node_modules\@azure\msal-browser\dist\custom_auth\core\auth_flow\jit\error_type\

AuthMethodRegistrationError.mjs [Correcto]
AuthMethodRegistrationError.mjs.map [Correcto]

 Descomprimiendo archivos en C:\controlab-h\backend\node_modules\@azure\msal-browser\dist\custom_auth\core\auth_flow\jit\result\

AuthMethodRegistrationChallengeMethodResult.mjs [Correcto]
AuthMethodRegistrationChallengeMethodResult.mjs.map [Correcto]
AuthMethodRegistrationSubmitChallengeResult.mjs [Correcto]
AuthMethodRegistrationSubmitChallengeResult.mjs.map [Correcto]

 Descomprimiendo archivos en C:\controlab-h\backend\node_modules\@azure\msal-browser\dist\custom_auth\core\auth_flow\jit\state\

AuthMethodRegistrationCompletedState.mjs [Correcto]
AuthMethodRegistrationCompletedState.mjs.map [Correcto]
AuthMethodRegistrationFailedState.mjs [Correcto]
AuthMethodRegistrationFailedState.mjs.map [Correcto]
AuthMethodRegistrationState.mjs [Correcto]
AuthMethodRegistrationState.mjs.map [Correcto]

 Descomprimiendo archivos en C:\controlab-h\backend\node_modules\@azure\msal-browser\dist\custom_auth\core\auth_flow\mfa\

error_type [Correcto]
result [Correcto]
state [Correcto]

 Descomprimiendo archivos en C:\controlab-h\backend\node_modules\@azure\msal-browser\dist\custom_auth\core\auth_flow\mfa\error_type\

MfaError.mjs [Correcto]
MfaError.mjs.map [Correcto]

 Descomprimiendo archivos en C:\controlab-h\backend\node_modules\@azure\msal-browser\dist\custom_auth\core\auth_flow\mfa\result\

MfaRequestChallengeResult.mjs [Correcto]
MfaRequestChallengeResult.mjs.map [Correcto]
MfaSubmitChallengeResult.mjs [Correcto]
MfaSubmitChallengeResult.mjs.map [Correcto]

 Descomprimiendo archivos en C:\controlab-h\backend\node_modules\@azure\msal-browser\dist\custom_auth\core\auth_flow\mfa\state\

MfaCompletedState.mjs [Correcto]
MfaCompletedState.mjs.map [Correcto]
MfaFailedState.mjs [Correcto]
MfaFailedState.mjs.map [Correcto]
MfaState.mjs [Correcto]
MfaState.mjs.map [Correcto]

 Descomprimiendo archivos en C:\controlab-h\backend\node_modules\@azure\msal-browser\dist\custom_auth\core\error\

CustomAuthApiError.mjs [Correcto]
CustomAuthApiError.mjs.map [Correcto]
CustomAuthError.mjs [Correcto]
CustomAuthError.mjs.map [Correcto]
HttpError.mjs [Correcto]
HttpError.mjs.map [Correcto]
HttpErrorCodes.mjs [Correcto]
HttpErrorCodes.mjs.map [Correcto]
InvalidArgumentError.mjs [Correcto]
InvalidArgumentError.mjs.map [Correcto]
InvalidConfigurationError.mjs [Correcto]
InvalidConfigurationError.mjs.map [Correcto]
InvalidConfigurationErrorCodes.mjs [Correcto]
InvalidConfigurationErrorCodes.mjs.map [Correcto]
MethodNotImplementedError.mjs [Correcto]
MethodNotImplementedError.mjs.map [Correcto]
MsalCustomAuthError.mjs [Correcto]
MsalCustomAuthError.mjs.map [Correcto]
NoCachedAccountFoundError.mjs [Correcto]
NoCachedAccountFoundError.mjs.map [Correcto]
ParsedUrlError.mjs [Correcto]
ParsedUrlError.mjs.map [Correcto]
ParsedUrlErrorCodes.mjs [Correcto]
ParsedUrlErrorCodes.mjs.map [Correcto]
UnexpectedError.mjs [Correcto]
UnexpectedError.mjs.map [Correcto]
UnsupportedEnvironmentError.mjs [Correcto]
UnsupportedEnvironmentError.mjs.map [Correcto]
UserAccountAttributeError.mjs [Correcto]
UserAccountAttributeError.mjs.map [Correcto]
UserAlreadySignedInError.mjs [Correcto]
UserAlreadySignedInError.mjs.map [Correcto]

 Descomprimiendo archivos en C:\controlab-h\backend\node_modules\@azure\msal-browser\dist\custom_auth\core\interaction_client\

CustomAuthInteractionClientBase.mjs [Correcto]
CustomAuthInteractionClientBase.mjs.map [Correcto]
CustomAuthInterationClientFactory.mjs [Correcto]
CustomAuthInterationClientFactory.mjs.map [Correcto]
jit [Correcto]
mfa [Correcto]

 Descomprimiendo archivos en C:\controlab-h\backend\node_modules\@azure\msal-browser\dist\custom_auth\core\interaction_client\jit\

JitClient.mjs [Correcto]
JitClient.mjs.map [Correcto]
result [Correcto]

 Descomprimiendo archivos en C:\controlab-h\backend\node_modules\@azure\msal-browser\dist\custom_auth\core\interaction_client\jit\result\

JitActionResult.mjs [Correcto]
JitActionResult.mjs.map [Correcto]

 Descomprimiendo archivos en C:\controlab-h\backend\node_modules\@azure\msal-browser\dist\custom_auth\core\interaction_client\mfa\

MfaClient.mjs [Correcto]
MfaClient.mjs.map [Correcto]
result [Correcto]

 Descomprimiendo archivos en C:\controlab-h\backend\node_modules\@azure\msal-browser\dist\custom_auth\core\interaction_client\mfa\result\

MfaActionResult.mjs [Correcto]
MfaActionResult.mjs.map [Correcto]

 Descomprimiendo archivos en C:\controlab-h\backend\node_modules\@azure\msal-browser\dist\custom_auth\core\network_client\

custom_auth_api [Correcto]
http_client [Correcto]

 Descomprimiendo archivos en C:\controlab-h\backend\node_modules\@azure\msal-browser\dist\custom_auth\core\network_client\custom_auth_api\

BaseApiClient.mjs [Correcto]
BaseApiClient.mjs.map [Correcto]
CustomAuthApiClient.mjs [Correcto]
CustomAuthApiClient.mjs.map [Correcto]
CustomAuthApiEndpoint.mjs [Correcto]
CustomAuthApiEndpoint.mjs.map [Correcto]
RegisterApiClient.mjs [Correcto]
RegisterApiClient.mjs.map [Correcto]
ResetPasswordApiClient.mjs [Correcto]
ResetPasswordApiClient.mjs.map [Correcto]
SignInApiClient.mjs [Correcto]
SignInApiClient.mjs.map [Correcto]
SignupApiClient.mjs [Correcto]
SignupApiClient.mjs.map [Correcto]
types [Correcto]

 Descomprimiendo archivos en C:\controlab-h\backend\node_modules\@azure\msal-browser\dist\custom_auth\core\network_client\custom_auth_api\types\

ApiErrorCodes.mjs [Correcto]
ApiErrorCodes.mjs.map [Correcto]
ApiSuberrors.mjs [Correcto]
ApiSuberrors.mjs.map [Correcto]

 Descomprimiendo archivos en C:\controlab-h\backend\node_modules\@azure\msal-browser\dist\custom_auth\core\network_client\http_client\

FetchHttpClient.mjs [Correcto]
FetchHttpClient.mjs.map [Correcto]
IHttpClient.mjs [Correcto]
IHttpClient.mjs.map [Correcto]

 Descomprimiendo archivos en C:\controlab-h\backend\node_modules\@azure\msal-browser\dist\custom_auth\core\telemetry\

PublicApiId.mjs [Correcto]
PublicApiId.mjs.map [Correcto]

 Descomprimiendo archivos en C:\controlab-h\backend\node_modules\@azure\msal-browser\dist\custom_auth\core\utils\

ArgumentValidator.mjs [Correcto]
ArgumentValidator.mjs.map [Correcto]
CustomHeaderUtils.mjs [Correcto]
CustomHeaderUtils.mjs.map [Correcto]
UrlUtils.mjs [Correcto]
UrlUtils.mjs.map [Correcto]

 Descomprimiendo archivos en C:\controlab-h\backend\node_modules\@azure\msal-browser\dist\custom_auth\get_account\

auth_flow [Correcto]
interaction_client [Correcto]

 Descomprimiendo archivos en C:\controlab-h\backend\node_modules\@azure\msal-browser\dist\custom_auth\get_account\auth_flow\

CustomAuthAccountData.mjs [Correcto]
CustomAuthAccountData.mjs.map [Correcto]
error_type [Correcto]
result [Correcto]
state [Correcto]

 Descomprimiendo archivos en C:\controlab-h\backend\node_modules\@azure\msal-browser\dist\custom_auth\get_account\auth_flow\error_type\

GetAccountError.mjs [Correcto]
GetAccountError.mjs.map [Correcto]

 Descomprimiendo archivos en C:\controlab-h\backend\node_modules\@azure\msal-browser\dist\custom_auth\get_account\auth_flow\result\

GetAccessTokenResult.mjs [Correcto]
GetAccessTokenResult.mjs.map [Correcto]
GetAccountResult.mjs [Correcto]
GetAccountResult.mjs.map [Correcto]
SignOutResult.mjs [Correcto]
SignOutResult.mjs.map [Correcto]

 Descomprimiendo archivos en C:\controlab-h\backend\node_modules\@azure\msal-browser\dist\custom_auth\get_account\auth_flow\state\

GetAccessTokenState.mjs [Correcto]
GetAccessTokenState.mjs.map [Correcto]
GetAccountState.mjs [Correcto]
GetAccountState.mjs.map [Correcto]
SignOutState.mjs [Correcto]
SignOutState.mjs.map [Correcto]

 Descomprimiendo archivos en C:\controlab-h\backend\node_modules\@azure\msal-browser\dist\custom_auth\get_account\interaction_client\

CustomAuthSilentCacheClient.mjs [Correcto]
CustomAuthSilentCacheClient.mjs.map [Correcto]

 Descomprimiendo archivos en C:\controlab-h\backend\node_modules\@azure\msal-browser\dist\custom_auth\operating_context\

CustomAuthOperatingContext.mjs [Correcto]
CustomAuthOperatingContext.mjs.map [Correcto]

 Descomprimiendo archivos en C:\controlab-h\backend\node_modules\@azure\msal-browser\dist\custom_auth\reset_password\

auth_flow [Correcto]
interaction_client [Correcto]

 Descomprimiendo archivos en C:\controlab-h\backend\node_modules\@azure\msal-browser\dist\custom_auth\reset_password\auth_flow\

error_type [Correcto]
result [Correcto]
state [Correcto]

 Descomprimiendo archivos en C:\controlab-h\backend\node_modules\@azure\msal-browser\dist\custom_auth\reset_password\auth_flow\error_type\

ResetPasswordError.mjs [Correcto]
ResetPasswordError.mjs.map [Correcto]

 Descomprimiendo archivos en C:\controlab-h\backend\node_modules\@azure\msal-browser\dist\custom_auth\reset_password\auth_flow\result\

ResetPasswordResendCodeResult.mjs [Correcto]
ResetPasswordResendCodeResult.mjs.map [Correcto]
ResetPasswordStartResult.mjs [Correcto]
ResetPasswordStartResult.mjs.map [Correcto]
ResetPasswordSubmitCodeResult.mjs [Correcto]
ResetPasswordSubmitCodeResult.mjs.map [Correcto]
ResetPasswordSubmitPasswordResult.mjs [Correcto]
ResetPasswordSubmitPasswordResult.mjs.map [Correcto]

 Descomprimiendo archivos en C:\controlab-h\backend\node_modules\@azure\msal-browser\dist\custom_auth\reset_password\auth_flow\state\

ResetPasswordCodeRequiredState.mjs [Correcto]
ResetPasswordCodeRequiredState.mjs.map [Correcto]
ResetPasswordCompletedState.mjs [Correcto]
ResetPasswordCompletedState.mjs.map [Correcto]
ResetPasswordFailedState.mjs [Correcto]
ResetPasswordFailedState.mjs.map [Correcto]
ResetPasswordPasswordRequiredState.mjs [Correcto]
ResetPasswordPasswordRequiredState.mjs.map [Correcto]
ResetPasswordState.mjs [Correcto]
ResetPasswordState.mjs.map [Correcto]

 Descomprimiendo archivos en C:\controlab-h\backend\node_modules\@azure\msal-browser\dist\custom_auth\reset_password\interaction_client\

ResetPasswordClient.mjs [Correcto]
ResetPasswordClient.mjs.map [Correcto]

 Descomprimiendo archivos en C:\controlab-h\backend\node_modules\@azure\msal-browser\dist\custom_auth\sign_in\

auth_flow [Correcto]
interaction_client [Correcto]

 Descomprimiendo archivos en C:\controlab-h\backend\node_modules\@azure\msal-browser\dist\custom_auth\sign_in\auth_flow\

error_type [Correcto]
result [Correcto]
SignInScenario.mjs [Correcto]
SignInScenario.mjs.map [Correcto]
state [Correcto]

 Descomprimiendo archivos en C:\controlab-h\backend\node_modules\@azure\msal-browser\dist\custom_auth\sign_in\auth_flow\error_type\

SignInError.mjs [Correcto]
SignInError.mjs.map [Correcto]

 Descomprimiendo archivos en C:\controlab-h\backend\node_modules\@azure\msal-browser\dist\custom_auth\sign_in\auth_flow\result\

SignInResendCodeResult.mjs [Correcto]
SignInResendCodeResult.mjs.map [Correcto]
SignInResult.mjs [Correcto]
SignInResult.mjs.map [Correcto]
SignInSubmitCodeResult.mjs [Correcto]
SignInSubmitCodeResult.mjs.map [Correcto]
SignInSubmitPasswordResult.mjs [Correcto]
SignInSubmitPasswordResult.mjs.map [Correcto]

 Descomprimiendo archivos en C:\controlab-h\backend\node_modules\@azure\msal-browser\dist\custom_auth\sign_in\auth_flow\state\

SignInCodeRequiredState.mjs [Correcto]
SignInCodeRequiredState.mjs.map [Correcto]
SignInCompletedState.mjs [Correcto]
SignInCompletedState.mjs.map [Correcto]
SignInContinuationState.mjs [Correcto]
SignInContinuationState.mjs.map [Correcto]
SignInFailedState.mjs [Correcto]
SignInFailedState.mjs.map [Correcto]
SignInPasswordRequiredState.mjs [Correcto]
SignInPasswordRequiredState.mjs.map [Correcto]
SignInState.mjs [Correcto]
SignInState.mjs.map [Correcto]

 Descomprimiendo archivos en C:\controlab-h\backend\node_modules\@azure\msal-browser\dist\custom_auth\sign_in\interaction_client\

result [Correcto]
SignInClient.mjs [Correcto]
SignInClient.mjs.map [Correcto]

 Descomprimiendo archivos en C:\controlab-h\backend\node_modules\@azure\msal-browser\dist\custom_auth\sign_in\interaction_client\result\

SignInActionResult.mjs [Correcto]
SignInActionResult.mjs.map [Correcto]

 Descomprimiendo archivos en C:\controlab-h\backend\node_modules\@azure\msal-browser\dist\custom_auth\sign_up\

auth_flow [Correcto]
interaction_client [Correcto]

 Descomprimiendo archivos en C:\controlab-h\backend\node_modules\@azure\msal-browser\dist\custom_auth\sign_up\auth_flow\

error_type [Correcto]
result [Correcto]
state [Correcto]

 Descomprimiendo archivos en C:\controlab-h\backend\node_modules\@azure\msal-browser\dist\custom_auth\sign_up\auth_flow\error_type\

SignUpError.mjs [Correcto]
SignUpError.mjs.map [Correcto]

 Descomprimiendo archivos en C:\controlab-h\backend\node_modules\@azure\msal-browser\dist\custom_auth\sign_up\auth_flow\result\

SignUpResendCodeResult.mjs [Correcto]
SignUpResendCodeResult.mjs.map [Correcto]
SignUpResult.mjs [Correcto]
SignUpResult.mjs.map [Correcto]
SignUpSubmitAttributesResult.mjs [Correcto]
SignUpSubmitAttributesResult.mjs.map [Correcto]
SignUpSubmitCodeResult.mjs [Correcto]
SignUpSubmitCodeResult.mjs.map [Correcto]
SignUpSubmitPasswordResult.mjs [Correcto]
SignUpSubmitPasswordResult.mjs.map [Correcto]

 Descomprimiendo archivos en C:\controlab-h\backend\node_modules\@azure\msal-browser\dist\custom_auth\sign_up\auth_flow\state\

SignUpAttributesRequiredState.mjs [Correcto]
SignUpAttributesRequiredState.mjs.map [Correcto]
SignUpCodeRequiredState.mjs [Correcto]
SignUpCodeRequiredState.mjs.map [Correcto]
SignUpCompletedState.mjs [Correcto]
SignUpCompletedState.mjs.map [Correcto]
SignUpFailedState.mjs [Correcto]
SignUpFailedState.mjs.map [Correcto]
SignUpPasswordRequiredState.mjs [Correcto]
SignUpPasswordRequiredState.mjs.map [Correcto]
SignUpState.mjs [Correcto]
SignUpState.mjs.map [Correcto]

 Descomprimiendo archivos en C:\controlab-h\backend\node_modules\@azure\msal-browser\dist\custom_auth\sign_up\interaction_client\

result [Correcto]
SignUpClient.mjs [Correcto]
SignUpClient.mjs.map [Correcto]

 Descomprimiendo archivos en C:\controlab-h\backend\node_modules\@azure\msal-browser\dist\custom_auth\sign_up\interaction_client\result\

SignUpActionResult.mjs [Correcto]
SignUpActionResult.mjs.map [Correcto]

 Descomprimiendo archivos en C:\controlab-h\backend\node_modules\@azure\msal-browser\dist\encode\

Base64Decode.mjs [Correcto]
Base64Decode.mjs.map [Correcto]
Base64Encode.mjs [Correcto]
Base64Encode.mjs.map [Correcto]

 Descomprimiendo archivos en C:\controlab-h\backend\node_modules\@azure\msal-browser\dist\error\

BrowserAuthError.mjs [Correcto]
BrowserAuthError.mjs.map [Correcto]
BrowserAuthErrorCodes.mjs [Correcto]
BrowserAuthErrorCodes.mjs.map [Correcto]
BrowserConfigurationAuthError.mjs [Correcto]
BrowserConfigurationAuthError.mjs.map [Correcto]
BrowserConfigurationAuthErrorCodes.mjs [Correcto]
BrowserConfigurationAuthErrorCodes.mjs.map [Correcto]
NativeAuthError.mjs [Correcto]
NativeAuthError.mjs.map [Correcto]
NativeAuthErrorCodes.mjs [Correcto]
NativeAuthErrorCodes.mjs.map [Correcto]
NestedAppAuthError.mjs [Correcto]
NestedAppAuthError.mjs.map [Correcto]

 Descomprimiendo archivos en C:\controlab-h\backend\node_modules\@azure\msal-browser\dist\event\

EventHandler.mjs [Correcto]
EventHandler.mjs.map [Correcto]
EventMessage.mjs [Correcto]
EventMessage.mjs.map [Correcto]
EventType.mjs [Correcto]
EventType.mjs.map [Correcto]

 Descomprimiendo archivos en C:\controlab-h\backend\node_modules\@azure\msal-browser\dist\interaction_client\

BaseInteractionClient.mjs [Correcto]
BaseInteractionClient.mjs.map [Correcto]
HybridSpaAuthorizationCodeClient.mjs [Correcto]
HybridSpaAuthorizationCodeClient.mjs.map [Correcto]
PlatformAuthInteractionClient.mjs [Correcto]
PlatformAuthInteractionClient.mjs.map [Correcto]
PopupClient.mjs [Correcto]
PopupClient.mjs.map [Correcto]
RedirectClient.mjs [Correcto]
RedirectClient.mjs.map [Correcto]
SilentAuthCodeClient.mjs [Correcto]
SilentAuthCodeClient.mjs.map [Correcto]
SilentCacheClient.mjs [Correcto]
SilentCacheClient.mjs.map [Correcto]
SilentIframeClient.mjs [Correcto]
SilentIframeClient.mjs.map [Correcto]
SilentRefreshClient.mjs [Correcto]
SilentRefreshClient.mjs.map [Correcto]
StandardInteractionClient.mjs [Correcto]
StandardInteractionClient.mjs.map [Correcto]

 Descomprimiendo archivos en C:\controlab-h\backend\node_modules\@azure\msal-browser\dist\interaction_handler\

InteractionHandler.mjs [Correcto]
InteractionHandler.mjs.map [Correcto]
SilentHandler.mjs [Correcto]
SilentHandler.mjs.map [Correcto]

 Descomprimiendo archivos en C:\controlab-h\backend\node_modules\@azure\msal-browser\dist\naa\

BridgeError.mjs [Correcto]
BridgeError.mjs.map [Correcto]
BridgeProxy.mjs [Correcto]
BridgeProxy.mjs.map [Correcto]
BridgeStatusCode.mjs [Correcto]
BridgeStatusCode.mjs.map [Correcto]
mapping [Correcto]

 Descomprimiendo archivos en C:\controlab-h\backend\node_modules\@azure\msal-browser\dist\naa\mapping\

NestedAppAuthAdapter.mjs [Correcto]
NestedAppAuthAdapter.mjs.map [Correcto]

 Descomprimiendo archivos en C:\controlab-h\backend\node_modules\@azure\msal-browser\dist\navigation\

NavigationClient.mjs [Correcto]
NavigationClient.mjs.map [Correcto]

 Descomprimiendo archivos en C:\controlab-h\backend\node_modules\@azure\msal-browser\dist\network\

FetchClient.mjs [Correcto]
FetchClient.mjs.map [Correcto]

 Descomprimiendo archivos en C:\controlab-h\backend\node_modules\@azure\msal-browser\dist\operatingcontext\

BaseOperatingContext.mjs [Correcto]
BaseOperatingContext.mjs.map [Correcto]
NestedAppOperatingContext.mjs [Correcto]
NestedAppOperatingContext.mjs.map [Correcto]
StandardOperatingContext.mjs [Correcto]
StandardOperatingContext.mjs.map [Correcto]

 Descomprimiendo archivos en C:\controlab-h\backend\node_modules\@azure\msal-browser\dist\protocol\

Authorize.mjs [Correcto]
Authorize.mjs.map [Correcto]

 Descomprimiendo archivos en C:\controlab-h\backend\node_modules\@azure\msal-browser\dist\redirect_bridge\

index.mjs [Correcto]
index.mjs.map [Correcto]

 Descomprimiendo archivos en C:\controlab-h\backend\node_modules\@azure\msal-browser\dist\request\

RequestHelpers.mjs [Correcto]
RequestHelpers.mjs.map [Correcto]

 Descomprimiendo archivos en C:\controlab-h\backend\node_modules\@azure\msal-browser\dist\response\

ResponseHandler.mjs [Correcto]
ResponseHandler.mjs.map [Correcto]

 Descomprimiendo archivos en C:\controlab-h\backend\node_modules\@azure\msal-browser\dist\telemetry\

BrowserPerformanceClient.mjs [Correcto]
BrowserPerformanceClient.mjs.map [Correcto]
BrowserPerformanceEvents.mjs [Correcto]
BrowserPerformanceEvents.mjs.map [Correcto]
BrowserPerformanceMeasurement.mjs [Correcto]
BrowserPerformanceMeasurement.mjs.map [Correcto]
BrowserRootPerformanceEvents.mjs [Correcto]
BrowserRootPerformanceEvents.mjs.map [Correcto]

 Descomprimiendo archivos en C:\controlab-h\backend\node_modules\@azure\msal-browser\dist\utils\

BrowserConstants.mjs [Correcto]
BrowserConstants.mjs.map [Correcto]
BrowserProtocolUtils.mjs [Correcto]
BrowserProtocolUtils.mjs.map [Correcto]
BrowserUtils.mjs [Correcto]
BrowserUtils.mjs.map [Correcto]
Helpers.mjs [Correcto]
Helpers.mjs.map [Correcto]
MsalFrameStatsUtils.mjs [Correcto]
MsalFrameStatsUtils.mjs.map [Correcto]

 Descomprimiendo archivos en C:\controlab-h\backend\node_modules\@azure\msal-browser\lib\

custom-auth-path [Correcto]
log-strings-mapping.json [Correcto]
msal-browser.cjs [Correcto]
msal-browser.cjs.map [Correcto]
msal-browser.js [Correcto]
msal-browser.js.map [Correcto]
msal-browser.min.js [Correcto]
package.json [Correcto]
redirect-bridge [Correcto]

 Descomprimiendo archivos en C:\controlab-h\backend\node_modules\@azure\msal-browser\lib\custom-auth-path\

log-strings-mapping.json [Correcto]
msal-custom-auth.cjs [Correcto]
msal-custom-auth.cjs.map [Correcto]
msal-custom-auth.js [Correcto]
msal-custom-auth.js.map [Correcto]

 Descomprimiendo archivos en C:\controlab-h\backend\node_modules\@azure\msal-browser\lib\redirect-bridge\

msal-redirect-bridge.cjs [Correcto]
msal-redirect-bridge.cjs.map [Correcto]
msal-redirect-bridge.js [Correcto]
msal-redirect-bridge.js.map [Correcto]
msal-redirect-bridge.min.js [Correcto]

 Descomprimiendo archivos en C:\controlab-h\backend\node_modules\@azure\msal-browser\src\

app [Correcto]
broker [Correcto]
cache [Correcto]
config [Correcto]
controllers [Correcto]
crypto [Correcto]
custom_auth [Correcto]
encode [Correcto]
error [Correcto]
event [Correcto]
index.ts [Correcto]
interaction_client [Correcto]
interaction_handler [Correcto]
naa [Correcto]
navigation [Correcto]
network [Correcto]
operatingcontext [Correcto]
packageMetadata.ts [Correcto]
protocol [Correcto]
redirect_bridge [Correcto]
request [Correcto]
response [Correcto]
telemetry [Correcto]
utils [Correcto]

 Descomprimiendo archivos en C:\controlab-h\backend\node_modules\@azure\msal-browser\src\app\

IPublicClientApplication.ts [Correcto]
PublicClientApplication.ts [Correcto]

 Descomprimiendo archivos en C:\controlab-h\backend\node_modules\@azure\msal-browser\src\broker\

nativeBroker [Correcto]

 Descomprimiendo archivos en C:\controlab-h\backend\node_modules\@azure\msal-browser\src\broker\nativeBroker\

IPlatformAuthHandler.ts [Correcto]
NativeStatusCodes.ts [Correcto]
PlatformAuthDOMHandler.ts [Correcto]
PlatformAuthExtensionHandler.ts [Correcto]
PlatformAuthProvider.ts [Correcto]
PlatformAuthRequest.ts [Correcto]
PlatformAuthResponse.ts [Correcto]

 Descomprimiendo archivos en C:\controlab-h\backend\node_modules\@azure\msal-browser\src\cache\

AccountManager.ts [Correcto]
AsyncMemoryStorage.ts [Correcto]
BrowserCacheManager.ts [Correcto]
CacheHelpers.ts [Correcto]
CacheKeys.ts [Correcto]
CookieStorage.ts [Correcto]
DatabaseStorage.ts [Correcto]
EncryptedData.ts [Correcto]
IAsyncStorage.ts [Correcto]
IWindowStorage.ts [Correcto]
LocalStorage.ts [Correcto]
MemoryStorage.ts [Correcto]
SessionStorage.ts [Correcto]
TokenCache.ts [Correcto]

 Descomprimiendo archivos en C:\controlab-h\backend\node_modules\@azure\msal-browser\src\config\

Configuration.ts [Correcto]

 Descomprimiendo archivos en C:\controlab-h\backend\node_modules\@azure\msal-browser\src\controllers\

IController.ts [Correcto]
NestedAppAuthController.ts [Correcto]
StandardController.ts [Correcto]
UnknownOperatingContextController.ts [Correcto]

 Descomprimiendo archivos en C:\controlab-h\backend\node_modules\@azure\msal-browser\src\crypto\

BrowserCrypto.ts [Correcto]
CryptoOps.ts [Correcto]
PkceGenerator.ts [Correcto]
SignedHttpRequest.ts [Correcto]

 Descomprimiendo archivos en C:\controlab-h\backend\node_modules\@azure\msal-browser\src\custom_auth\

configuration [Correcto]
controller [Correcto]
core [Correcto]
CustomAuthActionInputs.ts [Correcto]
CustomAuthConstants.ts [Correcto]
CustomAuthPublicClientApplication.ts [Correcto]
get_account [Correcto]
ICustomAuthPublicClientApplication.ts [Correcto]
index.ts [Correcto]
operating_context [Correcto]
reset_password [Correcto]
sign_in [Correcto]
sign_up [Correcto]
UserAccountAttributes.ts [Correcto]

 Descomprimiendo archivos en C:\controlab-h\backend\node_modules\@azure\msal-browser\src\custom_auth\configuration\

CustomAuthConfiguration.ts [Correcto]
CustomAuthRequestInterceptor.ts [Correcto]

 Descomprimiendo archivos en C:\controlab-h\backend\node_modules\@azure\msal-browser\src\custom_auth\controller\

CustomAuthStandardController.ts [Correcto]
ICustomAuthStandardController.ts [Correcto]

 Descomprimiendo archivos en C:\controlab-h\backend\node_modules\@azure\msal-browser\src\custom_auth\core\

auth_flow [Correcto]
CustomAuthAuthority.ts [Correcto]
error [Correcto]
interaction_client [Correcto]
network_client [Correcto]
telemetry [Correcto]
utils [Correcto]

 Descomprimiendo archivos en C:\controlab-h\backend\node_modules\@azure\msal-browser\src\custom_auth\core\auth_flow\

AuthFlowErrorBase.ts [Correcto]
AuthFlowResultBase.ts [Correcto]
AuthFlowState.ts [Correcto]
AuthFlowStateTypes.ts [Correcto]
jit [Correcto]
mfa [Correcto]

 Descomprimiendo archivos en C:\controlab-h\backend\node_modules\@azure\msal-browser\src\custom_auth\core\auth_flow\jit\

AuthMethodDetails.ts [Correcto]
error_type [Correcto]
result [Correcto]
state [Correcto]

 Descomprimiendo archivos en C:\controlab-h\backend\node_modules\@azure\msal-browser\src\custom_auth\core\auth_flow\jit\error_type\

AuthMethodRegistrationError.ts [Correcto]

 Descomprimiendo archivos en C:\controlab-h\backend\node_modules\@azure\msal-browser\src\custom_auth\core\auth_flow\jit\result\

AuthMethodRegistrationChallengeMethodResult.ts [Correcto]
AuthMethodRegistrationSubmitChallengeResult.ts [Correcto]

 Descomprimiendo archivos en C:\controlab-h\backend\node_modules\@azure\msal-browser\src\custom_auth\core\auth_flow\jit\state\

AuthMethodRegistrationCompletedState.ts [Correcto]
AuthMethodRegistrationFailedState.ts [Correcto]
AuthMethodRegistrationState.ts [Correcto]
AuthMethodRegistrationStateParameters.ts [Correcto]

 Descomprimiendo archivos en C:\controlab-h\backend\node_modules\@azure\msal-browser\src\custom_auth\core\auth_flow\mfa\

error_type [Correcto]
result [Correcto]
state [Correcto]

 Descomprimiendo archivos en C:\controlab-h\backend\node_modules\@azure\msal-browser\src\custom_auth\core\auth_flow\mfa\error_type\

MfaError.ts [Correcto]

 Descomprimiendo archivos en C:\controlab-h\backend\node_modules\@azure\msal-browser\src\custom_auth\core\auth_flow\mfa\result\

MfaRequestChallengeResult.ts [Correcto]
MfaSubmitChallengeResult.ts [Correcto]

 Descomprimiendo archivos en C:\controlab-h\backend\node_modules\@azure\msal-browser\src\custom_auth\core\auth_flow\mfa\state\

MfaCompletedState.ts [Correcto]
MfaFailedState.ts [Correcto]
MfaState.ts [Correcto]
MfaStateParameters.ts [Correcto]

 Descomprimiendo archivos en C:\controlab-h\backend\node_modules\@azure\msal-browser\src\custom_auth\core\error\

CustomAuthApiError.ts [Correcto]
CustomAuthError.ts [Correcto]
HttpError.ts [Correcto]
HttpErrorCodes.ts [Correcto]
InvalidArgumentError.ts [Correcto]
InvalidConfigurationError.ts [Correcto]
InvalidConfigurationErrorCodes.ts [Correcto]
MethodNotImplementedError.ts [Correcto]
MsalCustomAuthError.ts [Correcto]
NoCachedAccountFoundError.ts [Correcto]
ParsedUrlError.ts [Correcto]
ParsedUrlErrorCodes.ts [Correcto]
UnexpectedError.ts [Correcto]
UnsupportedEnvironmentError.ts [Correcto]
UserAccountAttributeError.ts [Correcto]
UserAccountAttributeErrorCodes.ts [Correcto]
UserAlreadySignedInError.ts [Correcto]

 Descomprimiendo archivos en C:\controlab-h\backend\node_modules\@azure\msal-browser\src\custom_auth\core\interaction_client\

CustomAuthInteractionClientBase.ts [Correcto]
CustomAuthInterationClientFactory.ts [Correcto]
jit [Correcto]
mfa [Correcto]

 Descomprimiendo archivos en C:\controlab-h\backend\node_modules\@azure\msal-browser\src\custom_auth\core\interaction_client\jit\

JitClient.ts [Correcto]
parameter [Correcto]
result [Correcto]

 Descomprimiendo archivos en C:\controlab-h\backend\node_modules\@azure\msal-browser\src\custom_auth\core\interaction_client\jit\parameter\

JitParams.ts [Correcto]

 Descomprimiendo archivos en C:\controlab-h\backend\node_modules\@azure\msal-browser\src\custom_auth\core\interaction_client\jit\result\

JitActionResult.ts [Correcto]

 Descomprimiendo archivos en C:\controlab-h\backend\node_modules\@azure\msal-browser\src\custom_auth\core\interaction_client\mfa\

MfaClient.ts [Correcto]
parameter [Correcto]
result [Correcto]

 Descomprimiendo archivos en C:\controlab-h\backend\node_modules\@azure\msal-browser\src\custom_auth\core\interaction_client\mfa\parameter\

MfaClientParameters.ts [Correcto]

 Descomprimiendo archivos en C:\controlab-h\backend\node_modules\@azure\msal-browser\src\custom_auth\core\interaction_client\mfa\result\

MfaActionResult.ts [Correcto]

 Descomprimiendo archivos en C:\controlab-h\backend\node_modules\@azure\msal-browser\src\custom_auth\core\network_client\

custom_auth_api [Correcto]
http_client [Correcto]

 Descomprimiendo archivos en C:\controlab-h\backend\node_modules\@azure\msal-browser\src\custom_auth\core\network_client\custom_auth_api\

BaseApiClient.ts [Correcto]
CustomAuthApiClient.ts [Correcto]
CustomAuthApiEndpoint.ts [Correcto]
ICustomAuthApiClient.ts [Correcto]
RegisterApiClient.ts [Correcto]
ResetPasswordApiClient.ts [Correcto]
SignInApiClient.ts [Correcto]
SignupApiClient.ts [Correcto]
types [Correcto]

 Descomprimiendo archivos en C:\controlab-h\backend\node_modules\@azure\msal-browser\src\custom_auth\core\network_client\custom_auth_api\types\

ApiErrorCodes.ts [Correcto]
ApiErrorResponseTypes.ts [Correcto]
ApiRequestTypes.ts [Correcto]
ApiResponseTypes.ts [Correcto]
ApiSuberrors.ts [Correcto]
ApiTypesBase.ts [Correcto]

 Descomprimiendo archivos en C:\controlab-h\backend\node_modules\@azure\msal-browser\src\custom_auth\core\network_client\http_client\

FetchHttpClient.ts [Correcto]
IHttpClient.ts [Correcto]

 Descomprimiendo archivos en C:\controlab-h\backend\node_modules\@azure\msal-browser\src\custom_auth\core\telemetry\

PublicApiId.ts [Correcto]

 Descomprimiendo archivos en C:\controlab-h\backend\node_modules\@azure\msal-browser\src\custom_auth\core\utils\

ArgumentValidator.ts [Correcto]
CustomHeaderUtils.ts [Correcto]
UrlUtils.ts [Correcto]

 Descomprimiendo archivos en C:\controlab-h\backend\node_modules\@azure\msal-browser\src\custom_auth\get_account\

auth_flow [Correcto]
interaction_client [Correcto]

 Descomprimiendo archivos en C:\controlab-h\backend\node_modules\@azure\msal-browser\src\custom_auth\get_account\auth_flow\

CustomAuthAccountData.ts [Correcto]
error_type [Correcto]
result [Correcto]
state [Correcto]

 Descomprimiendo archivos en C:\controlab-h\backend\node_modules\@azure\msal-browser\src\custom_auth\get_account\auth_flow\error_type\

GetAccountError.ts [Correcto]

 Descomprimiendo archivos en C:\controlab-h\backend\node_modules\@azure\msal-browser\src\custom_auth\get_account\auth_flow\result\

GetAccessTokenResult.ts [Correcto]
GetAccountResult.ts [Correcto]
SignOutResult.ts [Correcto]

 Descomprimiendo archivos en C:\controlab-h\backend\node_modules\@azure\msal-browser\src\custom_auth\get_account\auth_flow\state\

GetAccessTokenState.ts [Correcto]
GetAccountState.ts [Correcto]
SignOutState.ts [Correcto]

 Descomprimiendo archivos en C:\controlab-h\backend\node_modules\@azure\msal-browser\src\custom_auth\get_account\interaction_client\

CustomAuthSilentCacheClient.ts [Correcto]

 Descomprimiendo archivos en C:\controlab-h\backend\node_modules\@azure\msal-browser\src\custom_auth\operating_context\

CustomAuthOperatingContext.ts [Correcto]

 Descomprimiendo archivos en C:\controlab-h\backend\node_modules\@azure\msal-browser\src\custom_auth\reset_password\

auth_flow [Correcto]
interaction_client [Correcto]

 Descomprimiendo archivos en C:\controlab-h\backend\node_modules\@azure\msal-browser\src\custom_auth\reset_password\auth_flow\

error_type [Correcto]
result [Correcto]
state [Correcto]

 Descomprimiendo archivos en C:\controlab-h\backend\node_modules\@azure\msal-browser\src\custom_auth\reset_password\auth_flow\error_type\

ResetPasswordError.ts [Correcto]

 Descomprimiendo archivos en C:\controlab-h\backend\node_modules\@azure\msal-browser\src\custom_auth\reset_password\auth_flow\result\

ResetPasswordResendCodeResult.ts [Correcto]
ResetPasswordStartResult.ts [Correcto]
ResetPasswordSubmitCodeResult.ts [Correcto]
ResetPasswordSubmitPasswordResult.ts [Correcto]

 Descomprimiendo archivos en C:\controlab-h\backend\node_modules\@azure\msal-browser\src\custom_auth\reset_password\auth_flow\state\

ResetPasswordCodeRequiredState.ts [Correcto]
ResetPasswordCompletedState.ts [Correcto]
ResetPasswordFailedState.ts [Correcto]
ResetPasswordPasswordRequiredState.ts [Correcto]
ResetPasswordState.ts [Correcto]
ResetPasswordStateParameters.ts [Correcto]

 Descomprimiendo archivos en C:\controlab-h\backend\node_modules\@azure\msal-browser\src\custom_auth\reset_password\interaction_client\

parameter [Correcto]
ResetPasswordClient.ts [Correcto]
result [Correcto]

 Descomprimiendo archivos en C:\controlab-h\backend\node_modules\@azure\msal-browser\src\custom_auth\reset_password\interaction_client\parameter\

ResetPasswordParams.ts [Correcto]

 Descomprimiendo archivos en C:\controlab-h\backend\node_modules\@azure\msal-browser\src\custom_auth\reset_password\interaction_client\result\

ResetPasswordActionResult.ts [Correcto]

 Descomprimiendo archivos en C:\controlab-h\backend\node_modules\@azure\msal-browser\src\custom_auth\sign_in\

auth_flow [Correcto]
interaction_client [Correcto]

 Descomprimiendo archivos en C:\controlab-h\backend\node_modules\@azure\msal-browser\src\custom_auth\sign_in\auth_flow\

error_type [Correcto]
result [Correcto]
SignInScenario.ts [Correcto]
state [Correcto]

 Descomprimiendo archivos en C:\controlab-h\backend\node_modules\@azure\msal-browser\src\custom_auth\sign_in\auth_flow\error_type\

SignInError.ts [Correcto]

 Descomprimiendo archivos en C:\controlab-h\backend\node_modules\@azure\msal-browser\src\custom_auth\sign_in\auth_flow\result\

SignInResendCodeResult.ts [Correcto]
SignInResult.ts [Correcto]
SignInSubmitCodeResult.ts [Correcto]
SignInSubmitPasswordResult.ts [Correcto]

 Descomprimiendo archivos en C:\controlab-h\backend\node_modules\@azure\msal-browser\src\custom_auth\sign_in\auth_flow\state\

SignInCodeRequiredState.ts [Correcto]
SignInCompletedState.ts [Correcto]
SignInContinuationState.ts [Correcto]
SignInFailedState.ts [Correcto]
SignInPasswordRequiredState.ts [Correcto]
SignInState.ts [Correcto]
SignInStateParameters.ts [Correcto]

 Descomprimiendo archivos en C:\controlab-h\backend\node_modules\@azure\msal-browser\src\custom_auth\sign_in\interaction_client\

parameter [Correcto]
result [Correcto]
SignInClient.ts [Correcto]

 Descomprimiendo archivos en C:\controlab-h\backend\node_modules\@azure\msal-browser\src\custom_auth\sign_in\interaction_client\parameter\

SignInParams.ts [Correcto]

 Descomprimiendo archivos en C:\controlab-h\backend\node_modules\@azure\msal-browser\src\custom_auth\sign_in\interaction_client\result\

SignInActionResult.ts [Correcto]

 Descomprimiendo archivos en C:\controlab-h\backend\node_modules\@azure\msal-browser\src\custom_auth\sign_up\

auth_flow [Correcto]
interaction_client [Correcto]

 Descomprimiendo archivos en C:\controlab-h\backend\node_modules\@azure\msal-browser\src\custom_auth\sign_up\auth_flow\

error_type [Correcto]
result [Correcto]
state [Correcto]

 Descomprimiendo archivos en C:\controlab-h\backend\node_modules\@azure\msal-browser\src\custom_auth\sign_up\auth_flow\error_type\

SignUpError.ts [Correcto]

 Descomprimiendo archivos en C:\controlab-h\backend\node_modules\@azure\msal-browser\src\custom_auth\sign_up\auth_flow\result\

SignUpResendCodeResult.ts [Correcto]
SignUpResult.ts [Correcto]
SignUpSubmitAttributesResult.ts [Correcto]
SignUpSubmitCodeResult.ts [Correcto]
SignUpSubmitPasswordResult.ts [Correcto]

 Descomprimiendo archivos en C:\controlab-h\backend\node_modules\@azure\msal-browser\src\custom_auth\sign_up\auth_flow\state\

SignUpAttributesRequiredState.ts [Correcto]
SignUpCodeRequiredState.ts [Correcto]
SignUpCompletedState.ts [Correcto]
SignUpFailedState.ts [Correcto]
SignUpPasswordRequiredState.ts [Correcto]
SignUpState.ts [Correcto]
SignUpStateParameters.ts [Correcto]

 Descomprimiendo archivos en C:\controlab-h\backend\node_modules\@azure\msal-browser\src\custom_auth\sign_up\interaction_client\

parameter [Correcto]
result [Correcto]
SignUpClient.ts [Correcto]

 Descomprimiendo archivos en C:\controlab-h\backend\node_modules\@azure\msal-browser\src\custom_auth\sign_up\interaction_client\parameter\

SignUpParams.ts [Correcto]

 Descomprimiendo archivos en C:\controlab-h\backend\node_modules\@azure\msal-browser\src\custom_auth\sign_up\interaction_client\result\

SignUpActionResult.ts [Correcto]

 Descomprimiendo archivos en C:\controlab-h\backend\node_modules\@azure\msal-browser\src\encode\

Base64Decode.ts [Correcto]
Base64Encode.ts [Correcto]

 Descomprimiendo archivos en C:\controlab-h\backend\node_modules\@azure\msal-browser\src\error\

BrowserAuthError.ts [Correcto]
BrowserAuthErrorCodes.ts [Correcto]
BrowserConfigurationAuthError.ts [Correcto]
BrowserConfigurationAuthErrorCodes.ts [Correcto]
NativeAuthError.ts [Correcto]
NativeAuthErrorCodes.ts [Correcto]
NestedAppAuthError.ts [Correcto]

 Descomprimiendo archivos en C:\controlab-h\backend\node_modules\@azure\msal-browser\src\event\

EventHandler.ts [Correcto]
EventMessage.ts [Correcto]
EventType.ts [Correcto]

 Descomprimiendo archivos en C:\controlab-h\backend\node_modules\@azure\msal-browser\src\interaction_client\

BaseInteractionClient.ts [Correcto]
HybridSpaAuthorizationCodeClient.ts [Correcto]
PlatformAuthInteractionClient.ts [Correcto]
PopupClient.ts [Correcto]
RedirectClient.ts [Correcto]
SilentAuthCodeClient.ts [Correcto]
SilentCacheClient.ts [Correcto]
SilentIframeClient.ts [Correcto]
SilentRefreshClient.ts [Correcto]
StandardInteractionClient.ts [Correcto]

 Descomprimiendo archivos en C:\controlab-h\backend\node_modules\@azure\msal-browser\src\interaction_handler\

InteractionHandler.ts [Correcto]
SilentHandler.ts [Correcto]

 Descomprimiendo archivos en C:\controlab-h\backend\node_modules\@azure\msal-browser\src\naa\

AccountInfo.ts [Correcto]
AuthBridge.ts [Correcto]
AuthResult.ts [Correcto]
BridgeAccountContext.ts [Correcto]
BridgeCapabilities.ts [Correcto]
BridgeError.ts [Correcto]
BridgeProxy.ts [Correcto]
BridgeRequest.ts [Correcto]
BridgeRequestEnvelope.ts [Correcto]
BridgeResponseEnvelope.ts [Correcto]
BridgeStatusCode.ts [Correcto]
IBridgeProxy.ts [Correcto]
InitContext.ts [Correcto]
mapping [Correcto]
TokenRequest.ts [Correcto]
TokenResponse.ts [Correcto]

 Descomprimiendo archivos en C:\controlab-h\backend\node_modules\@azure\msal-browser\src\naa\mapping\

NestedAppAuthAdapter.ts [Correcto]

 Descomprimiendo archivos en C:\controlab-h\backend\node_modules\@azure\msal-browser\src\navigation\

INavigationClient.ts [Correcto]
NavigationClient.ts [Correcto]
NavigationOptions.ts [Correcto]

 Descomprimiendo archivos en C:\controlab-h\backend\node_modules\@azure\msal-browser\src\network\

FetchClient.ts [Correcto]

 Descomprimiendo archivos en C:\controlab-h\backend\node_modules\@azure\msal-browser\src\operatingcontext\

BaseOperatingContext.ts [Correcto]
NestedAppOperatingContext.ts [Correcto]
StandardOperatingContext.ts [Correcto]
UnknownOperatingContext.ts [Correcto]

 Descomprimiendo archivos en C:\controlab-h\backend\node_modules\@azure\msal-browser\src\protocol\

Authorize.ts [Correcto]

 Descomprimiendo archivos en C:\controlab-h\backend\node_modules\@azure\msal-browser\src\redirect_bridge\

index.ts [Correcto]

 Descomprimiendo archivos en C:\controlab-h\backend\node_modules\@azure\msal-browser\src\request\

AuthorizationCodeRequest.ts [Correcto]
ClearCacheRequest.ts [Correcto]
EndSessionPopupRequest.ts [Correcto]
EndSessionRequest.ts [Correcto]
HandleRedirectPromiseOptions.ts [Correcto]
InitializeApplicationRequest.ts [Correcto]
PopupRequest.ts [Correcto]
PopupWindowAttributes.ts [Correcto]
RedirectRequest.ts [Correcto]
RequestHelpers.ts [Correcto]
SilentRequest.ts [Correcto]
SsoSilentRequest.ts [Correcto]

 Descomprimiendo archivos en C:\controlab-h\backend\node_modules\@azure\msal-browser\src\response\

AuthenticationResult.ts [Correcto]
ResponseHandler.ts [Correcto]

 Descomprimiendo archivos en C:\controlab-h\backend\node_modules\@azure\msal-browser\src\telemetry\

BrowserPerformanceClient.ts [Correcto]
BrowserPerformanceEvents.ts [Correcto]
BrowserPerformanceMeasurement.ts [Correcto]
BrowserRootPerformanceEvents.ts [Correcto]

 Descomprimiendo archivos en C:\controlab-h\backend\node_modules\@azure\msal-browser\src\utils\

BrowserConstants.ts [Correcto]
BrowserProtocolUtils.ts [Correcto]
BrowserUtils.ts [Correcto]
Helpers.ts [Correcto]
MsalFrameStatsUtils.ts [Correcto]

 Descomprimiendo archivos en C:\controlab-h\backend\node_modules\@azure\msal-browser\types\

app [Correcto]
broker [Correcto]
cache [Correcto]
config [Correcto]
controllers [Correcto]
crypto [Correcto]
custom_auth [Correcto]
encode [Correcto]
error [Correcto]
event [Correcto]
index.d.cts [Correcto]
index.d.ts [Correcto]
index.d.ts.map [Correcto]
interaction_client [Correcto]
interaction_handler [Correcto]
naa [Correcto]
navigation [Correcto]
network [Correcto]
operatingcontext [Correcto]
packageMetadata.d.ts [Correcto]
packageMetadata.d.ts.map [Correcto]
protocol [Correcto]
redirect_bridge [Correcto]
request [Correcto]
response [Correcto]
telemetry [Correcto]
utils [Correcto]

 Descomprimiendo archivos en C:\controlab-h\backend\node_modules\@azure\msal-browser\types\app\

IPublicClientApplication.d.ts [Correcto]
IPublicClientApplication.d.ts.map [Correcto]
PublicClientApplication.d.ts [Correcto]
PublicClientApplication.d.ts.map [Correcto]

 Descomprimiendo archivos en C:\controlab-h\backend\node_modules\@azure\msal-browser\types\broker\

nativeBroker [Correcto]

 Descomprimiendo archivos en C:\controlab-h\backend\node_modules\@azure\msal-browser\types\broker\nativeBroker\

IPlatformAuthHandler.d.ts [Correcto]
IPlatformAuthHandler.d.ts.map [Correcto]
NativeStatusCodes.d.ts [Correcto]
NativeStatusCodes.d.ts.map [Correcto]
PlatformAuthDOMHandler.d.ts [Correcto]
PlatformAuthDOMHandler.d.ts.map [Correcto]
PlatformAuthExtensionHandler.d.ts [Correcto]
PlatformAuthExtensionHandler.d.ts.map [Correcto]
PlatformAuthProvider.d.ts [Correcto]
PlatformAuthProvider.d.ts.map [Correcto]
PlatformAuthRequest.d.ts [Correcto]
PlatformAuthRequest.d.ts.map [Correcto]
PlatformAuthResponse.d.ts [Correcto]
PlatformAuthResponse.d.ts.map [Correcto]

 Descomprimiendo archivos en C:\controlab-h\backend\node_modules\@azure\msal-browser\types\cache\

AccountManager.d.ts [Correcto]
AccountManager.d.ts.map [Correcto]
AsyncMemoryStorage.d.ts [Correcto]
AsyncMemoryStorage.d.ts.map [Correcto]
BrowserCacheManager.d.ts [Correcto]
BrowserCacheManager.d.ts.map [Correcto]
CacheHelpers.d.ts [Correcto]
CacheHelpers.d.ts.map [Correcto]
CacheKeys.d.ts [Correcto]
CacheKeys.d.ts.map [Correcto]
CookieStorage.d.ts [Correcto]
CookieStorage.d.ts.map [Correcto]
DatabaseStorage.d.ts [Correcto]
DatabaseStorage.d.ts.map [Correcto]
EncryptedData.d.ts [Correcto]
EncryptedData.d.ts.map [Correcto]
IAsyncStorage.d.ts [Correcto]
IAsyncStorage.d.ts.map [Correcto]
IWindowStorage.d.ts [Correcto]
IWindowStorage.d.ts.map [Correcto]
LocalStorage.d.ts [Correcto]
LocalStorage.d.ts.map [Correcto]
MemoryStorage.d.ts [Correcto]
MemoryStorage.d.ts.map [Correcto]
SessionStorage.d.ts [Correcto]
SessionStorage.d.ts.map [Correcto]
TokenCache.d.ts [Correcto]
TokenCache.d.ts.map [Correcto]

 Descomprimiendo archivos en C:\controlab-h\backend\node_modules\@azure\msal-browser\types\config\

Configuration.d.ts [Correcto]
Configuration.d.ts.map [Correcto]

 Descomprimiendo archivos en C:\controlab-h\backend\node_modules\@azure\msal-browser\types\controllers\

IController.d.ts [Correcto]
IController.d.ts.map [Correcto]
NestedAppAuthController.d.ts [Correcto]
NestedAppAuthController.d.ts.map [Correcto]
StandardController.d.ts [Correcto]
StandardController.d.ts.map [Correcto]
UnknownOperatingContextController.d.ts [Correcto]
UnknownOperatingContextController.d.ts.map [Correcto]

 Descomprimiendo archivos en C:\controlab-h\backend\node_modules\@azure\msal-browser\types\crypto\

BrowserCrypto.d.ts [Correcto]
BrowserCrypto.d.ts.map [Correcto]
CryptoOps.d.ts [Correcto]
CryptoOps.d.ts.map [Correcto]
PkceGenerator.d.ts [Correcto]
PkceGenerator.d.ts.map [Correcto]
SignedHttpRequest.d.ts [Correcto]
SignedHttpRequest.d.ts.map [Correcto]

 Descomprimiendo archivos en C:\controlab-h\backend\node_modules\@azure\msal-browser\types\custom_auth\

configuration [Correcto]
controller [Correcto]
core [Correcto]
CustomAuthActionInputs.d.ts [Correcto]
CustomAuthActionInputs.d.ts.map [Correcto]
CustomAuthConstants.d.ts [Correcto]
CustomAuthConstants.d.ts.map [Correcto]
CustomAuthPublicClientApplication.d.ts [Correcto]
CustomAuthPublicClientApplication.d.ts.map [Correcto]
get_account [Correcto]
ICustomAuthPublicClientApplication.d.ts [Correcto]
ICustomAuthPublicClientApplication.d.ts.map [Correcto]
index.d.cts [Correcto]
index.d.ts [Correcto]
index.d.ts.map [Correcto]
operating_context [Correcto]
reset_password [Correcto]
sign_in [Correcto]
sign_up [Correcto]
UserAccountAttributes.d.ts [Correcto]
UserAccountAttributes.d.ts.map [Correcto]

 Descomprimiendo archivos en C:\controlab-h\backend\node_modules\@azure\msal-browser\types\custom_auth\configuration\

CustomAuthConfiguration.d.ts [Correcto]
CustomAuthConfiguration.d.ts.map [Correcto]
CustomAuthRequestInterceptor.d.ts [Correcto]
CustomAuthRequestInterceptor.d.ts.map [Correcto]

 Descomprimiendo archivos en C:\controlab-h\backend\node_modules\@azure\msal-browser\types\custom_auth\controller\

CustomAuthStandardController.d.ts [Correcto]
CustomAuthStandardController.d.ts.map [Correcto]
ICustomAuthStandardController.d.ts [Correcto]
ICustomAuthStandardController.d.ts.map [Correcto]

 Descomprimiendo archivos en C:\controlab-h\backend\node_modules\@azure\msal-browser\types\custom_auth\core\

auth_flow [Correcto]
CustomAuthAuthority.d.ts [Correcto]
CustomAuthAuthority.d.ts.map [Correcto]
error [Correcto]
interaction_client [Correcto]
network_client [Correcto]
telemetry [Correcto]
utils [Correcto]

 Descomprimiendo archivos en C:\controlab-h\backend\node_modules\@azure\msal-browser\types\custom_auth\core\auth_flow\

AuthFlowErrorBase.d.ts [Correcto]
AuthFlowErrorBase.d.ts.map [Correcto]
AuthFlowResultBase.d.ts [Correcto]
AuthFlowResultBase.d.ts.map [Correcto]
AuthFlowState.d.ts [Correcto]
AuthFlowState.d.ts.map [Correcto]
AuthFlowStateTypes.d.ts [Correcto]
AuthFlowStateTypes.d.ts.map [Correcto]
jit [Correcto]
mfa [Correcto]

 Descomprimiendo archivos en C:\controlab-h\backend\node_modules\@azure\msal-browser\types\custom_auth\core\auth_flow\jit\

AuthMethodDetails.d.ts [Correcto]
AuthMethodDetails.d.ts.map [Correcto]
error_type [Correcto]
result [Correcto]
state [Correcto]

 Descomprimiendo archivos en C:\controlab-h\backend\node_modules\@azure\msal-browser\types\custom_auth\core\auth_flow\jit\error_type\

AuthMethodRegistrationError.d.ts [Correcto]
AuthMethodRegistrationError.d.ts.map [Correcto]

 Descomprimiendo archivos en C:\controlab-h\backend\node_modules\@azure\msal-browser\types\custom_auth\core\auth_flow\jit\result\

AuthMethodRegistrationChallengeMethodResult.d.ts [Correcto]
AuthMethodRegistrationChallengeMethodResult.d.ts.map [Correcto]
AuthMethodRegistrationSubmitChallengeResult.d.ts [Correcto]
AuthMethodRegistrationSubmitChallengeResult.d.ts.map [Correcto]

 Descomprimiendo archivos en C:\controlab-h\backend\node_modules\@azure\msal-browser\types\custom_auth\core\auth_flow\jit\state\

AuthMethodRegistrationCompletedState.d.ts [Correcto]
AuthMethodRegistrationCompletedState.d.ts.map [Correcto]
AuthMethodRegistrationFailedState.d.ts [Correcto]
AuthMethodRegistrationFailedState.d.ts.map [Correcto]
AuthMethodRegistrationState.d.ts [Correcto]
AuthMethodRegistrationState.d.ts.map [Correcto]
AuthMethodRegistrationStateParameters.d.ts [Correcto]
AuthMethodRegistrationStateParameters.d.ts.map [Correcto]

 Descomprimiendo archivos en C:\controlab-h\backend\node_modules\@azure\msal-browser\types\custom_auth\core\auth_flow\mfa\

error_type [Correcto]
result [Correcto]
state [Correcto]

 Descomprimiendo archivos en C:\controlab-h\backend\node_modules\@azure\msal-browser\types\custom_auth\core\auth_flow\mfa\error_type\

MfaError.d.ts [Correcto]
MfaError.d.ts.map [Correcto]

 Descomprimiendo archivos en C:\controlab-h\backend\node_modules\@azure\msal-browser\types\custom_auth\core\auth_flow\mfa\result\

MfaRequestChallengeResult.d.ts [Correcto]
MfaRequestChallengeResult.d.ts.map [Correcto]
MfaSubmitChallengeResult.d.ts [Correcto]
MfaSubmitChallengeResult.d.ts.map [Correcto]

 Descomprimiendo archivos en C:\controlab-h\backend\node_modules\@azure\msal-browser\types\custom_auth\core\auth_flow\mfa\state\

MfaCompletedState.d.ts [Correcto]
MfaCompletedState.d.ts.map [Correcto]
MfaFailedState.d.ts [Correcto]
MfaFailedState.d.ts.map [Correcto]
MfaState.d.ts [Correcto]
MfaState.d.ts.map [Correcto]
MfaStateParameters.d.ts [Correcto]
MfaStateParameters.d.ts.map [Correcto]

 Descomprimiendo archivos en C:\controlab-h\backend\node_modules\@azure\msal-browser\types\custom_auth\core\error\

CustomAuthApiError.d.ts [Correcto]
CustomAuthApiError.d.ts.map [Correcto]
CustomAuthError.d.ts [Correcto]
CustomAuthError.d.ts.map [Correcto]
HttpError.d.ts [Correcto]
HttpError.d.ts.map [Correcto]
HttpErrorCodes.d.ts [Correcto]
HttpErrorCodes.d.ts.map [Correcto]
InvalidArgumentError.d.ts [Correcto]
InvalidArgumentError.d.ts.map [Correcto]
InvalidConfigurationError.d.ts [Correcto]
InvalidConfigurationError.d.ts.map [Correcto]
InvalidConfigurationErrorCodes.d.ts [Correcto]
InvalidConfigurationErrorCodes.d.ts.map [Correcto]
MethodNotImplementedError.d.ts [Correcto]
MethodNotImplementedError.d.ts.map [Correcto]
MsalCustomAuthError.d.ts [Correcto]
MsalCustomAuthError.d.ts.map [Correcto]
NoCachedAccountFoundError.d.ts [Correcto]
NoCachedAccountFoundError.d.ts.map [Correcto]
ParsedUrlError.d.ts [Correcto]
ParsedUrlError.d.ts.map [Correcto]
ParsedUrlErrorCodes.d.ts [Correcto]
ParsedUrlErrorCodes.d.ts.map [Correcto]
UnexpectedError.d.ts [Correcto]
UnexpectedError.d.ts.map [Correcto]
UnsupportedEnvironmentError.d.ts [Correcto]
UnsupportedEnvironmentError.d.ts.map [Correcto]
UserAccountAttributeError.d.ts [Correcto]
UserAccountAttributeError.d.ts.map [Correcto]
UserAccountAttributeErrorCodes.d.ts [Correcto]
UserAccountAttributeErrorCodes.d.ts.map [Correcto]
UserAlreadySignedInError.d.ts [Correcto]
UserAlreadySignedInError.d.ts.map [Correcto]

 Descomprimiendo archivos en C:\controlab-h\backend\node_modules\@azure\msal-browser\types\custom_auth\core\interaction_client\

CustomAuthInteractionClientBase.d.ts [Correcto]
CustomAuthInteractionClientBase.d.ts.map [Correcto]
CustomAuthInterationClientFactory.d.ts [Correcto]
CustomAuthInterationClientFactory.d.ts.map [Correcto]
jit [Correcto]
mfa [Correcto]

 Descomprimiendo archivos en C:\controlab-h\backend\node_modules\@azure\msal-browser\types\custom_auth\core\interaction_client\jit\

JitClient.d.ts [Correcto]
JitClient.d.ts.map [Correcto]
parameter [Correcto]
result [Correcto]

 Descomprimiendo archivos en C:\controlab-h\backend\node_modules\@azure\msal-browser\types\custom_auth\core\interaction_client\jit\parameter\

JitParams.d.ts [Correcto]
JitParams.d.ts.map [Correcto]

 Descomprimiendo archivos en C:\controlab-h\backend\node_modules\@azure\msal-browser\types\custom_auth\core\interaction_client\jit\result\

JitActionResult.d.ts [Correcto]
JitActionResult.d.ts.map [Correcto]

 Descomprimiendo archivos en C:\controlab-h\backend\node_modules\@azure\msal-browser\types\custom_auth\core\interaction_client\mfa\

MfaClient.d.ts [Correcto]
MfaClient.d.ts.map [Correcto]
parameter [Correcto]
result [Correcto]

 Descomprimiendo archivos en C:\controlab-h\backend\node_modules\@azure\msal-browser\types\custom_auth\core\interaction_client\mfa\parameter\

MfaClientParameters.d.ts [Correcto]
MfaClientParameters.d.ts.map [Correcto]

 Descomprimiendo archivos en C:\controlab-h\backend\node_modules\@azure\msal-browser\types\custom_auth\core\interaction_client\mfa\result\

MfaActionResult.d.ts [Correcto]
MfaActionResult.d.ts.map [Correcto]

 Descomprimiendo archivos en C:\controlab-h\backend\node_modules\@azure\msal-browser\types\custom_auth\core\network_client\

custom_auth_api [Correcto]
http_client [Correcto]

 Descomprimiendo archivos en C:\controlab-h\backend\node_modules\@azure\msal-browser\types\custom_auth\core\network_client\custom_auth_api\

BaseApiClient.d.ts [Correcto]
BaseApiClient.d.ts.map [Correcto]
CustomAuthApiClient.d.ts [Correcto]
CustomAuthApiClient.d.ts.map [Correcto]
CustomAuthApiEndpoint.d.ts [Correcto]
CustomAuthApiEndpoint.d.ts.map [Correcto]
ICustomAuthApiClient.d.ts [Correcto]
ICustomAuthApiClient.d.ts.map [Correcto]
RegisterApiClient.d.ts [Correcto]
RegisterApiClient.d.ts.map [Correcto]
ResetPasswordApiClient.d.ts [Correcto]
ResetPasswordApiClient.d.ts.map [Correcto]
SignInApiClient.d.ts [Correcto]
SignInApiClient.d.ts.map [Correcto]
SignupApiClient.d.ts [Correcto]
SignupApiClient.d.ts.map [Correcto]
types [Correcto]

 Descomprimiendo archivos en C:\controlab-h\backend\node_modules\@azure\msal-browser\types\custom_auth\core\network_client\custom_auth_api\types\

ApiErrorCodes.d.ts [Correcto]
ApiErrorCodes.d.ts.map [Correcto]
ApiErrorResponseTypes.d.ts [Correcto]
ApiErrorResponseTypes.d.ts.map [Correcto]
ApiRequestTypes.d.ts [Correcto]
ApiRequestTypes.d.ts.map [Correcto]
ApiResponseTypes.d.ts [Correcto]
ApiResponseTypes.d.ts.map [Correcto]
ApiSuberrors.d.ts [Correcto]
ApiSuberrors.d.ts.map [Correcto]
ApiTypesBase.d.ts [Correcto]
ApiTypesBase.d.ts.map [Correcto]

 Descomprimiendo archivos en C:\controlab-h\backend\node_modules\@azure\msal-browser\types\custom_auth\core\network_client\http_client\

FetchHttpClient.d.ts [Correcto]
FetchHttpClient.d.ts.map [Correcto]
IHttpClient.d.ts [Correcto]
IHttpClient.d.ts.map [Correcto]

 Descomprimiendo archivos en C:\controlab-h\backend\node_modules\@azure\msal-browser\types\custom_auth\core\telemetry\

PublicApiId.d.ts [Correcto]
PublicApiId.d.ts.map [Correcto]

 Descomprimiendo archivos en C:\controlab-h\backend\node_modules\@azure\msal-browser\types\custom_auth\core\utils\

ArgumentValidator.d.ts [Correcto]
ArgumentValidator.d.ts.map [Correcto]
CustomHeaderUtils.d.ts [Correcto]
CustomHeaderUtils.d.ts.map [Correcto]
UrlUtils.d.ts [Correcto]
UrlUtils.d.ts.map [Correcto]

 Descomprimiendo archivos en C:\controlab-h\backend\node_modules\@azure\msal-browser\types\custom_auth\get_account\

auth_flow [Correcto]
interaction_client [Correcto]

 Descomprimiendo archivos en C:\controlab-h\backend\node_modules\@azure\msal-browser\types\custom_auth\get_account\auth_flow\

CustomAuthAccountData.d.ts [Correcto]
CustomAuthAccountData.d.ts.map [Correcto]
error_type [Correcto]
result [Correcto]
state [Correcto]

 Descomprimiendo archivos en C:\controlab-h\backend\node_modules\@azure\msal-browser\types\custom_auth\get_account\auth_flow\error_type\

GetAccountError.d.ts [Correcto]
GetAccountError.d.ts.map [Correcto]

 Descomprimiendo archivos en C:\controlab-h\backend\node_modules\@azure\msal-browser\types\custom_auth\get_account\auth_flow\result\

GetAccessTokenResult.d.ts [Correcto]
GetAccessTokenResult.d.ts.map [Correcto]
GetAccountResult.d.ts [Correcto]
GetAccountResult.d.ts.map [Correcto]
SignOutResult.d.ts [Correcto]
SignOutResult.d.ts.map [Correcto]

 Descomprimiendo archivos en C:\controlab-h\backend\node_modules\@azure\msal-browser\types\custom_auth\get_account\auth_flow\state\

GetAccessTokenState.d.ts [Correcto]
GetAccessTokenState.d.ts.map [Correcto]
GetAccountState.d.ts [Correcto]
GetAccountState.d.ts.map [Correcto]
SignOutState.d.ts [Correcto]
SignOutState.d.ts.map [Correcto]

 Descomprimiendo archivos en C:\controlab-h\backend\node_modules\@azure\msal-browser\types\custom_auth\get_account\interaction_client\

CustomAuthSilentCacheClient.d.ts [Correcto]
CustomAuthSilentCacheClient.d.ts.map [Correcto]

 Descomprimiendo archivos en C:\controlab-h\backend\node_modules\@azure\msal-browser\types\custom_auth\operating_context\

CustomAuthOperatingContext.d.ts [Correcto]
CustomAuthOperatingContext.d.ts.map [Correcto]

 Descomprimiendo archivos en C:\controlab-h\backend\node_modules\@azure\msal-browser\types\custom_auth\reset_password\

auth_flow [Correcto]
interaction_client [Correcto]

 Descomprimiendo archivos en C:\controlab-h\backend\node_modules\@azure\msal-browser\types\custom_auth\reset_password\auth_flow\

error_type [Correcto]
result [Correcto]
state [Correcto]

 Descomprimiendo archivos en C:\controlab-h\backend\node_modules\@azure\msal-browser\types\custom_auth\reset_password\auth_flow\error_type\

ResetPasswordError.d.ts [Correcto]
ResetPasswordError.d.ts.map [Correcto]

 Descomprimiendo archivos en C:\controlab-h\backend\node_modules\@azure\msal-browser\types\custom_auth\reset_password\auth_flow\result\

ResetPasswordResendCodeResult.d.ts [Correcto]
ResetPasswordResendCodeResult.d.ts.map [Correcto]
ResetPasswordStartResult.d.ts [Correcto]
ResetPasswordStartResult.d.ts.map [Correcto]
ResetPasswordSubmitCodeResult.d.ts [Correcto]
ResetPasswordSubmitCodeResult.d.ts.map [Correcto]
ResetPasswordSubmitPasswordResult.d.ts [Correcto]
ResetPasswordSubmitPasswordResult.d.ts.map [Correcto]

 Descomprimiendo archivos en C:\controlab-h\backend\node_modules\@azure\msal-browser\types\custom_auth\reset_password\auth_flow\state\

ResetPasswordCodeRequiredState.d.ts [Correcto]
ResetPasswordCodeRequiredState.d.ts.map [Correcto]
ResetPasswordCompletedState.d.ts [Correcto]
ResetPasswordCompletedState.d.ts.map [Correcto]
ResetPasswordFailedState.d.ts [Correcto]
ResetPasswordFailedState.d.ts.map [Correcto]
ResetPasswordPasswordRequiredState.d.ts [Correcto]
ResetPasswordPasswordRequiredState.d.ts.map [Correcto]
ResetPasswordState.d.ts [Correcto]
ResetPasswordState.d.ts.map [Correcto]
ResetPasswordStateParameters.d.ts [Correcto]
ResetPasswordStateParameters.d.ts.map [Correcto]

 Descomprimiendo archivos en C:\controlab-h\backend\node_modules\@azure\msal-browser\types\custom_auth\reset_password\interaction_client\

parameter [Correcto]
ResetPasswordClient.d.ts [Correcto]
ResetPasswordClient.d.ts.map [Correcto]
result [Correcto]

 Descomprimiendo archivos en C:\controlab-h\backend\node_modules\@azure\msal-browser\types\custom_auth\reset_password\interaction_client\parameter\

ResetPasswordParams.d.ts [Correcto]
ResetPasswordParams.d.ts.map [Correcto]

 Descomprimiendo archivos en C:\controlab-h\backend\node_modules\@azure\msal-browser\types\custom_auth\reset_password\interaction_client\result\

ResetPasswordActionResult.d.ts [Correcto]
ResetPasswordActionResult.d.ts.map [Correcto]

 Descomprimiendo archivos en C:\controlab-h\backend\node_modules\@azure\msal-browser\types\custom_auth\sign_in\

auth_flow [Correcto]
interaction_client [Correcto]

 Descomprimiendo archivos en C:\controlab-h\backend\node_modules\@azure\msal-browser\types\custom_auth\sign_in\auth_flow\

error_type [Correcto]
result [Correcto]
SignInScenario.d.ts [Correcto]
SignInScenario.d.ts.map [Correcto]
state [Correcto]

 Descomprimiendo archivos en C:\controlab-h\backend\node_modules\@azure\msal-browser\types\custom_auth\sign_in\auth_flow\error_type\

SignInError.d.ts [Correcto]
SignInError.d.ts.map [Correcto]

 Descomprimiendo archivos en C:\controlab-h\backend\node_modules\@azure\msal-browser\types\custom_auth\sign_in\auth_flow\result\

SignInResendCodeResult.d.ts [Correcto]
SignInResendCodeResult.d.ts.map [Correcto]
SignInResult.d.ts [Correcto]
SignInResult.d.ts.map [Correcto]
SignInSubmitCodeResult.d.ts [Correcto]
SignInSubmitCodeResult.d.ts.map [Correcto]
SignInSubmitPasswordResult.d.ts [Correcto]
SignInSubmitPasswordResult.d.ts.map [Correcto]

 Descomprimiendo archivos en C:\controlab-h\backend\node_modules\@azure\msal-browser\types\custom_auth\sign_in\auth_flow\state\

SignInCodeRequiredState.d.ts [Correcto]
SignInCodeRequiredState.d.ts.map [Correcto]
SignInCompletedState.d.ts [Correcto]
SignInCompletedState.d.ts.map [Correcto]
SignInContinuationState.d.ts [Correcto]
SignInContinuationState.d.ts.map [Correcto]
SignInFailedState.d.ts [Correcto]
SignInFailedState.d.ts.map [Correcto]
SignInPasswordRequiredState.d.ts [Correcto]
SignInPasswordRequiredState.d.ts.map [Correcto]
SignInState.d.ts [Correcto]
SignInState.d.ts.map [Correcto]
SignInStateParameters.d.ts [Correcto]
SignInStateParameters.d.ts.map [Correcto]

 Descomprimiendo archivos en C:\controlab-h\backend\node_modules\@azure\msal-browser\types\custom_auth\sign_in\interaction_client\

parameter [Correcto]
result [Correcto]
SignInClient.d.ts [Correcto]
SignInClient.d.ts.map [Correcto]

 Descomprimiendo archivos en C:\controlab-h\backend\node_modules\@azure\msal-browser\types\custom_auth\sign_in\interaction_client\parameter\

SignInParams.d.ts [Correcto]
SignInParams.d.ts.map [Correcto]

 Descomprimiendo archivos en C:\controlab-h\backend\node_modules\@azure\msal-browser\types\custom_auth\sign_in\interaction_client\result\

SignInActionResult.d.ts [Correcto]
SignInActionResult.d.ts.map [Correcto]

 Descomprimiendo archivos en C:\controlab-h\backend\node_modules\@azure\msal-browser\types\custom_auth\sign_up\

auth_flow [Correcto]
interaction_client [Correcto]

 Descomprimiendo archivos en C:\controlab-h\backend\node_modules\@azure\msal-browser\types\custom_auth\sign_up\auth_flow\

error_type [Correcto]
result [Correcto]
state [Correcto]

 Descomprimiendo archivos en C:\controlab-h\backend\node_modules\@azure\msal-browser\types\custom_auth\sign_up\auth_flow\error_type\

SignUpError.d.ts [Correcto]
SignUpError.d.ts.map [Correcto]

 Descomprimiendo archivos en C:\controlab-h\backend\node_modules\@azure\msal-browser\types\custom_auth\sign_up\auth_flow\result\

SignUpResendCodeResult.d.ts [Correcto]
SignUpResendCodeResult.d.ts.map [Correcto]
SignUpResult.d.ts [Correcto]
SignUpResult.d.ts.map [Correcto]
SignUpSubmitAttributesResult.d.ts [Correcto]
SignUpSubmitAttributesResult.d.ts.map [Correcto]
SignUpSubmitCodeResult.d.ts [Correcto]
SignUpSubmitCodeResult.d.ts.map [Correcto]
SignUpSubmitPasswordResult.d.ts [Correcto]
SignUpSubmitPasswordResult.d.ts.map [Correcto]

 Descomprimiendo archivos en C:\controlab-h\backend\node_modules\@azure\msal-browser\types\custom_auth\sign_up\auth_flow\state\

SignUpAttributesRequiredState.d.ts [Correcto]
SignUpAttributesRequiredState.d.ts.map [Correcto]
SignUpCodeRequiredState.d.ts [Correcto]
SignUpCodeRequiredState.d.ts.map [Correcto]
SignUpCompletedState.d.ts [Correcto]
SignUpCompletedState.d.ts.map [Correcto]
SignUpFailedState.d.ts [Correcto]
SignUpFailedState.d.ts.map [Correcto]
SignUpPasswordRequiredState.d.ts [Correcto]
SignUpPasswordRequiredState.d.ts.map [Correcto]
SignUpState.d.ts [Correcto]
SignUpState.d.ts.map [Correcto]
SignUpStateParameters.d.ts [Correcto]
SignUpStateParameters.d.ts.map [Correcto]

 Descomprimiendo archivos en C:\controlab-h\backend\node_modules\@azure\msal-browser\types\custom_auth\sign_up\interaction_client\

parameter [Correcto]
result [Correcto]
SignUpClient.d.ts [Correcto]
SignUpClient.d.ts.map [Correcto]

 Descomprimiendo archivos en C:\controlab-h\backend\node_modules\@azure\msal-browser\types\custom_auth\sign_up\interaction_client\parameter\

SignUpParams.d.ts [Correcto]
SignUpParams.d.ts.map [Correcto]

 Descomprimiendo archivos en C:\controlab-h\backend\node_modules\@azure\msal-browser\types\custom_auth\sign_up\interaction_client\result\

SignUpActionResult.d.ts [Correcto]
SignUpActionResult.d.ts.map [Correcto]

 Descomprimiendo archivos en C:\controlab-h\backend\node_modules\@azure\msal-browser\types\encode\

Base64Decode.d.ts [Correcto]
Base64Decode.d.ts.map [Correcto]
Base64Encode.d.ts [Correcto]
Base64Encode.d.ts.map [Correcto]

 Descomprimiendo archivos en C:\controlab-h\backend\node_modules\@azure\msal-browser\types\error\

BrowserAuthError.d.ts [Correcto]
BrowserAuthError.d.ts.map [Correcto]
BrowserAuthErrorCodes.d.ts [Correcto]
BrowserAuthErrorCodes.d.ts.map [Correcto]
BrowserConfigurationAuthError.d.ts [Correcto]
BrowserConfigurationAuthError.d.ts.map [Correcto]
BrowserConfigurationAuthErrorCodes.d.ts [Correcto]
BrowserConfigurationAuthErrorCodes.d.ts.map [Correcto]
NativeAuthError.d.ts [Correcto]
NativeAuthError.d.ts.map [Correcto]
NativeAuthErrorCodes.d.ts [Correcto]
NativeAuthErrorCodes.d.ts.map [Correcto]
NestedAppAuthError.d.ts [Correcto]
NestedAppAuthError.d.ts.map [Correcto]

 Descomprimiendo archivos en C:\controlab-h\backend\node_modules\@azure\msal-browser\types\event\

EventHandler.d.ts [Correcto]
EventHandler.d.ts.map [Correcto]
EventMessage.d.ts [Correcto]
EventMessage.d.ts.map [Correcto]
EventType.d.ts [Correcto]
EventType.d.ts.map [Correcto]

 Descomprimiendo archivos en C:\controlab-h\backend\node_modules\@azure\msal-browser\types\interaction_client\

BaseInteractionClient.d.ts [Correcto]
BaseInteractionClient.d.ts.map [Correcto]
HybridSpaAuthorizationCodeClient.d.ts [Correcto]
HybridSpaAuthorizationCodeClient.d.ts.map [Correcto]
PlatformAuthInteractionClient.d.ts [Correcto]
PlatformAuthInteractionClient.d.ts.map [Correcto]
PopupClient.d.ts [Correcto]
PopupClient.d.ts.map [Correcto]
RedirectClient.d.ts [Correcto]
RedirectClient.d.ts.map [Correcto]
SilentAuthCodeClient.d.ts [Correcto]
SilentAuthCodeClient.d.ts.map [Correcto]
SilentCacheClient.d.ts [Correcto]
SilentCacheClient.d.ts.map [Correcto]
SilentIframeClient.d.ts [Correcto]
SilentIframeClient.d.ts.map [Correcto]
SilentRefreshClient.d.ts [Correcto]
SilentRefreshClient.d.ts.map [Correcto]
StandardInteractionClient.d.ts [Correcto]
StandardInteractionClient.d.ts.map [Correcto]

 Descomprimiendo archivos en C:\controlab-h\backend\node_modules\@azure\msal-browser\types\interaction_handler\

InteractionHandler.d.ts [Correcto]
InteractionHandler.d.ts.map [Correcto]
SilentHandler.d.ts [Correcto]
SilentHandler.d.ts.map [Correcto]

 Descomprimiendo archivos en C:\controlab-h\backend\node_modules\@azure\msal-browser\types\naa\

AccountInfo.d.ts [Correcto]
AccountInfo.d.ts.map [Correcto]
AuthBridge.d.ts [Correcto]
AuthBridge.d.ts.map [Correcto]
AuthResult.d.ts [Correcto]
AuthResult.d.ts.map [Correcto]
BridgeAccountContext.d.ts [Correcto]
BridgeAccountContext.d.ts.map [Correcto]
BridgeCapabilities.d.ts [Correcto]
BridgeCapabilities.d.ts.map [Correcto]
BridgeError.d.ts [Correcto]
BridgeError.d.ts.map [Correcto]
BridgeProxy.d.ts [Correcto]
BridgeProxy.d.ts.map [Correcto]
BridgeRequest.d.ts [Correcto]
BridgeRequest.d.ts.map [Correcto]
BridgeRequestEnvelope.d.ts [Correcto]
BridgeRequestEnvelope.d.ts.map [Correcto]
BridgeResponseEnvelope.d.ts [Correcto]
BridgeResponseEnvelope.d.ts.map [Correcto]
BridgeStatusCode.d.ts [Correcto]
BridgeStatusCode.d.ts.map [Correcto]
IBridgeProxy.d.ts [Correcto]
IBridgeProxy.d.ts.map [Correcto]
InitContext.d.ts [Correcto]
InitContext.d.ts.map [Correcto]
mapping [Correcto]
TokenRequest.d.ts [Correcto]
TokenRequest.d.ts.map [Correcto]
TokenResponse.d.ts [Correcto]
TokenResponse.d.ts.map [Correcto]

 Descomprimiendo archivos en C:\controlab-h\backend\node_modules\@azure\msal-browser\types\naa\mapping\

NestedAppAuthAdapter.d.ts [Correcto]
NestedAppAuthAdapter.d.ts.map [Correcto]

 Descomprimiendo archivos en C:\controlab-h\backend\node_modules\@azure\msal-browser\types\navigation\

INavigationClient.d.ts [Correcto]
INavigationClient.d.ts.map [Correcto]
NavigationClient.d.ts [Correcto]
NavigationClient.d.ts.map [Correcto]
NavigationOptions.d.ts [Correcto]
NavigationOptions.d.ts.map [Correcto]

 Descomprimiendo archivos en C:\controlab-h\backend\node_modules\@azure\msal-browser\types\network\

FetchClient.d.ts [Correcto]
FetchClient.d.ts.map [Correcto]

 Descomprimiendo archivos en C:\controlab-h\backend\node_modules\@azure\msal-browser\types\operatingcontext\

BaseOperatingContext.d.ts [Correcto]
BaseOperatingContext.d.ts.map [Correcto]
NestedAppOperatingContext.d.ts [Correcto]
NestedAppOperatingContext.d.ts.map [Correcto]
StandardOperatingContext.d.ts [Correcto]
StandardOperatingContext.d.ts.map [Correcto]
UnknownOperatingContext.d.ts [Correcto]
UnknownOperatingContext.d.ts.map [Correcto]

 Descomprimiendo archivos en C:\controlab-h\backend\node_modules\@azure\msal-browser\types\protocol\

Authorize.d.ts [Correcto]
Authorize.d.ts.map [Correcto]

 Descomprimiendo archivos en C:\controlab-h\backend\node_modules\@azure\msal-browser\types\redirect_bridge\

index.d.cts [Correcto]
index.d.ts [Correcto]
index.d.ts.map [Correcto]

 Descomprimiendo archivos en C:\controlab-h\backend\node_modules\@azure\msal-browser\types\request\

AuthorizationCodeRequest.d.ts [Correcto]
AuthorizationCodeRequest.d.ts.map [Correcto]
ClearCacheRequest.d.ts [Correcto]
ClearCacheRequest.d.ts.map [Correcto]
EndSessionPopupRequest.d.ts [Correcto]
EndSessionPopupRequest.d.ts.map [Correcto]
EndSessionRequest.d.ts [Correcto]
EndSessionRequest.d.ts.map [Correcto]
HandleRedirectPromiseOptions.d.ts [Correcto]
HandleRedirectPromiseOptions.d.ts.map [Correcto]
InitializeApplicationRequest.d.ts [Correcto]
InitializeApplicationRequest.d.ts.map [Correcto]
PopupRequest.d.ts [Correcto]
PopupRequest.d.ts.map [Correcto]
PopupWindowAttributes.d.ts [Correcto]
PopupWindowAttributes.d.ts.map [Correcto]
RedirectRequest.d.ts [Correcto]
RedirectRequest.d.ts.map [Correcto]
RequestHelpers.d.ts [Correcto]
RequestHelpers.d.ts.map [Correcto]
SilentRequest.d.ts [Correcto]
SilentRequest.d.ts.map [Correcto]
SsoSilentRequest.d.ts [Correcto]
SsoSilentRequest.d.ts.map [Correcto]

 Descomprimiendo archivos en C:\controlab-h\backend\node_modules\@azure\msal-browser\types\response\

AuthenticationResult.d.ts [Correcto]
AuthenticationResult.d.ts.map [Correcto]
ResponseHandler.d.ts [Correcto]
ResponseHandler.d.ts.map [Correcto]

 Descomprimiendo archivos en C:\controlab-h\backend\node_modules\@azure\msal-browser\types\telemetry\

BrowserPerformanceClient.d.ts [Correcto]
BrowserPerformanceClient.d.ts.map [Correcto]
BrowserPerformanceEvents.d.ts [Correcto]
BrowserPerformanceEvents.d.ts.map [Correcto]
BrowserPerformanceMeasurement.d.ts [Correcto]
BrowserPerformanceMeasurement.d.ts.map [Correcto]
BrowserRootPerformanceEvents.d.ts [Correcto]
BrowserRootPerformanceEvents.d.ts.map [Correcto]

 Descomprimiendo archivos en C:\controlab-h\backend\node_modules\@azure\msal-browser\types\utils\

BrowserConstants.d.ts [Correcto]
BrowserConstants.d.ts.map [Correcto]
BrowserProtocolUtils.d.ts [Correcto]
BrowserProtocolUtils.d.ts.map [Correcto]
BrowserUtils.d.ts [Correcto]
BrowserUtils.d.ts.map [Correcto]
Helpers.d.ts [Correcto]
Helpers.d.ts.map [Correcto]
MsalFrameStatsUtils.d.ts [Correcto]
MsalFrameStatsUtils.d.ts.map [Correcto]

 Descomprimiendo archivos en C:\controlab-h\backend\node_modules\@azure\msal-common\

browser [Correcto]
dist [Correcto]
dist-browser [Correcto]
lib [Correcto]
LICENSE [Correcto]
node [Correcto]
package.json [Correcto]
README.md [Correcto]
src [Correcto]
types [Correcto]

 Descomprimiendo archivos en C:\controlab-h\backend\node_modules\@azure\msal-common\browser\

package.json [Correcto]
README.md [Correcto]

 Descomprimiendo archivos en C:\controlab-h\backend\node_modules\@azure\msal-common\dist\

account [Correcto]
authority [Correcto]
cache [Correcto]
client [Correcto]
config [Correcto]
constants [Correcto]
crypto [Correcto]
error [Correcto]
index-node.mjs [Correcto]
index-node.mjs.map [Correcto]
index.mjs [Correcto]
index.mjs.map [Correcto]
logger [Correcto]
network [Correcto]
packageMetadata.mjs [Correcto]
packageMetadata.mjs.map [Correcto]
protocol [Correcto]
request [Correcto]
response [Correcto]
telemetry [Correcto]
url [Correcto]
utils [Correcto]

 Descomprimiendo archivos en C:\controlab-h\backend\node_modules\@azure\msal-common\dist\account\

AccountInfo.mjs [Correcto]
AccountInfo.mjs.map [Correcto]
AuthToken.mjs [Correcto]
AuthToken.mjs.map [Correcto]
CcsCredential.mjs [Correcto]
CcsCredential.mjs.map [Correcto]
ClientInfo.mjs [Correcto]
ClientInfo.mjs.map [Correcto]
TokenClaims.mjs [Correcto]
TokenClaims.mjs.map [Correcto]

 Descomprimiendo archivos en C:\controlab-h\backend\node_modules\@azure\msal-common\dist\authority\

Authority.mjs [Correcto]
Authority.mjs.map [Correcto]
AuthorityFactory.mjs [Correcto]
AuthorityFactory.mjs.map [Correcto]
AuthorityMetadata.mjs [Correcto]
AuthorityMetadata.mjs.map [Correcto]
AuthorityOptions.mjs [Correcto]
AuthorityOptions.mjs.map [Correcto]
AuthorityType.mjs [Correcto]
AuthorityType.mjs.map [Correcto]
CloudInstanceDiscoveryErrorResponse.mjs [Correcto]
CloudInstanceDiscoveryErrorResponse.mjs.map [Correcto]
CloudInstanceDiscoveryResponse.mjs [Correcto]
CloudInstanceDiscoveryResponse.mjs.map [Correcto]
OpenIdConfigResponse.mjs [Correcto]
OpenIdConfigResponse.mjs.map [Correcto]
ProtocolMode.mjs [Correcto]
ProtocolMode.mjs.map [Correcto]
RegionDiscovery.mjs [Correcto]
RegionDiscovery.mjs.map [Correcto]

 Descomprimiendo archivos en C:\controlab-h\backend\node_modules\@azure\msal-common\dist\cache\

CacheManager.mjs [Correcto]
CacheManager.mjs.map [Correcto]
persistence [Correcto]
utils [Correcto]

 Descomprimiendo archivos en C:\controlab-h\backend\node_modules\@azure\msal-common\dist\cache\persistence\

TokenCacheContext.mjs [Correcto]
TokenCacheContext.mjs.map [Correcto]

 Descomprimiendo archivos en C:\controlab-h\backend\node_modules\@azure\msal-common\dist\cache\utils\

AccountEntityUtils.mjs [Correcto]
AccountEntityUtils.mjs.map [Correcto]
CacheHelpers.mjs [Correcto]
CacheHelpers.mjs.map [Correcto]

 Descomprimiendo archivos en C:\controlab-h\backend\node_modules\@azure\msal-common\dist\client\

AuthorizationCodeClient.mjs [Correcto]
AuthorizationCodeClient.mjs.map [Correcto]
RefreshTokenClient.mjs [Correcto]
RefreshTokenClient.mjs.map [Correcto]
SilentFlowClient.mjs [Correcto]
SilentFlowClient.mjs.map [Correcto]

 Descomprimiendo archivos en C:\controlab-h\backend\node_modules\@azure\msal-common\dist\config\

ClientConfiguration.mjs [Correcto]
ClientConfiguration.mjs.map [Correcto]

 Descomprimiendo archivos en C:\controlab-h\backend\node_modules\@azure\msal-common\dist\constants\

AADServerParamKeys.mjs [Correcto]
AADServerParamKeys.mjs.map [Correcto]

 Descomprimiendo archivos en C:\controlab-h\backend\node_modules\@azure\msal-common\dist\crypto\

ICrypto.mjs [Correcto]
ICrypto.mjs.map [Correcto]
JoseHeader.mjs [Correcto]
JoseHeader.mjs.map [Correcto]
PopTokenGenerator.mjs [Correcto]
PopTokenGenerator.mjs.map [Correcto]

 Descomprimiendo archivos en C:\controlab-h\backend\node_modules\@azure\msal-common\dist\error\

AuthError.mjs [Correcto]
AuthError.mjs.map [Correcto]
AuthErrorCodes.mjs [Correcto]
AuthErrorCodes.mjs.map [Correcto]
CacheError.mjs [Correcto]
CacheError.mjs.map [Correcto]
CacheErrorCodes.mjs [Correcto]
CacheErrorCodes.mjs.map [Correcto]
ClientAuthError.mjs [Correcto]
ClientAuthError.mjs.map [Correcto]
ClientAuthErrorCodes.mjs [Correcto]
ClientAuthErrorCodes.mjs.map [Correcto]
ClientConfigurationError.mjs [Correcto]
ClientConfigurationError.mjs.map [Correcto]
ClientConfigurationErrorCodes.mjs [Correcto]
ClientConfigurationErrorCodes.mjs.map [Correcto]
InteractionRequiredAuthError.mjs [Correcto]
InteractionRequiredAuthError.mjs.map [Correcto]
InteractionRequiredAuthErrorCodes.mjs [Correcto]
InteractionRequiredAuthErrorCodes.mjs.map [Correcto]
JoseHeaderError.mjs [Correcto]
JoseHeaderError.mjs.map [Correcto]
JoseHeaderErrorCodes.mjs [Correcto]
JoseHeaderErrorCodes.mjs.map [Correcto]
NetworkError.mjs [Correcto]
NetworkError.mjs.map [Correcto]
PlatformBrokerError.mjs [Correcto]
PlatformBrokerError.mjs.map [Correcto]
ServerError.mjs [Correcto]
ServerError.mjs.map [Correcto]

 Descomprimiendo archivos en C:\controlab-h\backend\node_modules\@azure\msal-common\dist\logger\

Logger.mjs [Correcto]
Logger.mjs.map [Correcto]

 Descomprimiendo archivos en C:\controlab-h\backend\node_modules\@azure\msal-common\dist\network\

INetworkModule.mjs [Correcto]
INetworkModule.mjs.map [Correcto]
RequestThumbprint.mjs [Correcto]
RequestThumbprint.mjs.map [Correcto]
ThrottlingUtils.mjs [Correcto]
ThrottlingUtils.mjs.map [Correcto]

 Descomprimiendo archivos en C:\controlab-h\backend\node_modules\@azure\msal-common\dist\protocol\

Authorize.mjs [Correcto]
Authorize.mjs.map [Correcto]
Token.mjs [Correcto]
Token.mjs.map [Correcto]

 Descomprimiendo archivos en C:\controlab-h\backend\node_modules\@azure\msal-common\dist\request\

AuthenticationHeaderParser.mjs [Correcto]
AuthenticationHeaderParser.mjs.map [Correcto]
BaseAuthRequest.mjs [Correcto]
BaseAuthRequest.mjs.map [Correcto]
RequestParameterBuilder.mjs [Correcto]
RequestParameterBuilder.mjs.map [Correcto]
ScopeSet.mjs [Correcto]
ScopeSet.mjs.map [Correcto]

 Descomprimiendo archivos en C:\controlab-h\backend\node_modules\@azure\msal-common\dist\response\

ResponseHandler.mjs [Correcto]
ResponseHandler.mjs.map [Correcto]

 Descomprimiendo archivos en C:\controlab-h\backend\node_modules\@azure\msal-common\dist\telemetry\

performance [Correcto]
server [Correcto]

 Descomprimiendo archivos en C:\controlab-h\backend\node_modules\@azure\msal-common\dist\telemetry\performance\

PerformanceClient.mjs [Correcto]
PerformanceClient.mjs.map [Correcto]
PerformanceEvent.mjs [Correcto]
PerformanceEvent.mjs.map [Correcto]
PerformanceEvents.mjs [Correcto]
PerformanceEvents.mjs.map [Correcto]
StubPerformanceClient.mjs [Correcto]
StubPerformanceClient.mjs.map [Correcto]

 Descomprimiendo archivos en C:\controlab-h\backend\node_modules\@azure\msal-common\dist\telemetry\server\

ServerTelemetryManager.mjs [Correcto]
ServerTelemetryManager.mjs.map [Correcto]

 Descomprimiendo archivos en C:\controlab-h\backend\node_modules\@azure\msal-common\dist\url\

UrlString.mjs [Correcto]
UrlString.mjs.map [Correcto]

 Descomprimiendo archivos en C:\controlab-h\backend\node_modules\@azure\msal-common\dist\utils\

ClientAssertionUtils.mjs [Correcto]
ClientAssertionUtils.mjs.map [Correcto]
Constants.mjs [Correcto]
Constants.mjs.map [Correcto]
FunctionWrappers.mjs [Correcto]
FunctionWrappers.mjs.map [Correcto]
ProtocolUtils.mjs [Correcto]
ProtocolUtils.mjs.map [Correcto]
StringUtils.mjs [Correcto]
StringUtils.mjs.map [Correcto]
TimeUtils.mjs [Correcto]
TimeUtils.mjs.map [Correcto]
UrlUtils.mjs [Correcto]
UrlUtils.mjs.map [Correcto]

 Descomprimiendo archivos en C:\controlab-h\backend\node_modules\@azure\msal-common\dist-browser\

account [Correcto]
authority [Correcto]
cache [Correcto]
client [Correcto]
config [Correcto]
constants [Correcto]
crypto [Correcto]
error [Correcto]
index-browser.mjs [Correcto]
index-browser.mjs.map [Correcto]
index.mjs [Correcto]
index.mjs.map [Correcto]
log-strings-mapping.json [Correcto]
logger [Correcto]
network [Correcto]
packageMetadata.mjs [Correcto]
packageMetadata.mjs.map [Correcto]
protocol [Correcto]
request [Correcto]
response [Correcto]
telemetry [Correcto]
url [Correcto]
utils [Correcto]

 Descomprimiendo archivos en C:\controlab-h\backend\node_modules\@azure\msal-common\dist-browser\account\

AccountInfo.mjs [Correcto]
AccountInfo.mjs.map [Correcto]
AuthToken.mjs [Correcto]
AuthToken.mjs.map [Correcto]
CcsCredential.mjs [Correcto]
CcsCredential.mjs.map [Correcto]
ClientInfo.mjs [Correcto]
ClientInfo.mjs.map [Correcto]
TokenClaims.mjs [Correcto]
TokenClaims.mjs.map [Correcto]

 Descomprimiendo archivos en C:\controlab-h\backend\node_modules\@azure\msal-common\dist-browser\authority\

Authority.mjs [Correcto]
Authority.mjs.map [Correcto]
AuthorityFactory.mjs [Correcto]
AuthorityFactory.mjs.map [Correcto]
AuthorityMetadata.mjs [Correcto]
AuthorityMetadata.mjs.map [Correcto]
AuthorityOptions.mjs [Correcto]
AuthorityOptions.mjs.map [Correcto]
AuthorityType.mjs [Correcto]
AuthorityType.mjs.map [Correcto]
CloudInstanceDiscoveryErrorResponse.mjs [Correcto]
CloudInstanceDiscoveryErrorResponse.mjs.map [Correcto]
CloudInstanceDiscoveryResponse.mjs [Correcto]
CloudInstanceDiscoveryResponse.mjs.map [Correcto]
OpenIdConfigResponse.mjs [Correcto]
OpenIdConfigResponse.mjs.map [Correcto]
ProtocolMode.mjs [Correcto]
ProtocolMode.mjs.map [Correcto]
RegionDiscovery.mjs [Correcto]
RegionDiscovery.mjs.map [Correcto]

 Descomprimiendo archivos en C:\controlab-h\backend\node_modules\@azure\msal-common\dist-browser\cache\

CacheManager.mjs [Correcto]
CacheManager.mjs.map [Correcto]
persistence [Correcto]
utils [Correcto]

 Descomprimiendo archivos en C:\controlab-h\backend\node_modules\@azure\msal-common\dist-browser\cache\persistence\

TokenCacheContext.mjs [Correcto]
TokenCacheContext.mjs.map [Correcto]

 Descomprimiendo archivos en C:\controlab-h\backend\node_modules\@azure\msal-common\dist-browser\cache\utils\

AccountEntityUtils.mjs [Correcto]
AccountEntityUtils.mjs.map [Correcto]
CacheHelpers.mjs [Correcto]
CacheHelpers.mjs.map [Correcto]

 Descomprimiendo archivos en C:\controlab-h\backend\node_modules\@azure\msal-common\dist-browser\client\

AuthorizationCodeClient.mjs [Correcto]
AuthorizationCodeClient.mjs.map [Correcto]
RefreshTokenClient.mjs [Correcto]
RefreshTokenClient.mjs.map [Correcto]
SilentFlowClient.mjs [Correcto]
SilentFlowClient.mjs.map [Correcto]

 Descomprimiendo archivos en C:\controlab-h\backend\node_modules\@azure\msal-common\dist-browser\config\

ClientConfiguration.mjs [Correcto]
ClientConfiguration.mjs.map [Correcto]

 Descomprimiendo archivos en C:\controlab-h\backend\node_modules\@azure\msal-common\dist-browser\constants\

AADServerParamKeys.mjs [Correcto]
AADServerParamKeys.mjs.map [Correcto]

 Descomprimiendo archivos en C:\controlab-h\backend\node_modules\@azure\msal-common\dist-browser\crypto\

ICrypto.mjs [Correcto]
ICrypto.mjs.map [Correcto]
JoseHeader.mjs [Correcto]
JoseHeader.mjs.map [Correcto]
PopTokenGenerator.mjs [Correcto]
PopTokenGenerator.mjs.map [Correcto]

 Descomprimiendo archivos en C:\controlab-h\backend\node_modules\@azure\msal-common\dist-browser\error\

AuthError.mjs [Correcto]
AuthError.mjs.map [Correcto]
AuthErrorCodes.mjs [Correcto]
AuthErrorCodes.mjs.map [Correcto]
CacheError.mjs [Correcto]
CacheError.mjs.map [Correcto]
CacheErrorCodes.mjs [Correcto]
CacheErrorCodes.mjs.map [Correcto]
ClientAuthError.mjs [Correcto]
ClientAuthError.mjs.map [Correcto]
ClientAuthErrorCodes.mjs [Correcto]
ClientAuthErrorCodes.mjs.map [Correcto]
ClientConfigurationError.mjs [Correcto]
ClientConfigurationError.mjs.map [Correcto]
ClientConfigurationErrorCodes.mjs [Correcto]
ClientConfigurationErrorCodes.mjs.map [Correcto]
InteractionRequiredAuthError.mjs [Correcto]
InteractionRequiredAuthError.mjs.map [Correcto]
InteractionRequiredAuthErrorCodes.mjs [Correcto]
InteractionRequiredAuthErrorCodes.mjs.map [Correcto]
JoseHeaderError.mjs [Correcto]
JoseHeaderError.mjs.map [Correcto]
JoseHeaderErrorCodes.mjs [Correcto]
JoseHeaderErrorCodes.mjs.map [Correcto]
NetworkError.mjs [Correcto]
NetworkError.mjs.map [Correcto]
PlatformBrokerError.mjs [Correcto]
PlatformBrokerError.mjs.map [Correcto]
ServerError.mjs [Correcto]
ServerError.mjs.map [Correcto]

 Descomprimiendo archivos en C:\controlab-h\backend\node_modules\@azure\msal-common\dist-browser\logger\

Logger.mjs [Correcto]
Logger.mjs.map [Correcto]

 Descomprimiendo archivos en C:\controlab-h\backend\node_modules\@azure\msal-common\dist-browser\network\

INetworkModule.mjs [Correcto]
INetworkModule.mjs.map [Correcto]
RequestThumbprint.mjs [Correcto]
RequestThumbprint.mjs.map [Correcto]
ThrottlingUtils.mjs [Correcto]
ThrottlingUtils.mjs.map [Correcto]

 Descomprimiendo archivos en C:\controlab-h\backend\node_modules\@azure\msal-common\dist-browser\protocol\

Authorize.mjs [Correcto]
Authorize.mjs.map [Correcto]
Token.mjs [Correcto]
Token.mjs.map [Correcto]

 Descomprimiendo archivos en C:\controlab-h\backend\node_modules\@azure\msal-common\dist-browser\request\

AuthenticationHeaderParser.mjs [Correcto]
AuthenticationHeaderParser.mjs.map [Correcto]
BaseAuthRequest.mjs [Correcto]
BaseAuthRequest.mjs.map [Correcto]
RequestParameterBuilder.mjs [Correcto]
RequestParameterBuilder.mjs.map [Correcto]
ScopeSet.mjs [Correcto]
ScopeSet.mjs.map [Correcto]

 Descomprimiendo archivos en C:\controlab-h\backend\node_modules\@azure\msal-common\dist-browser\response\

ResponseHandler.mjs [Correcto]
ResponseHandler.mjs.map [Correcto]

 Descomprimiendo archivos en C:\controlab-h\backend\node_modules\@azure\msal-common\dist-browser\telemetry\

performance [Correcto]
server [Correcto]

 Descomprimiendo archivos en C:\controlab-h\backend\node_modules\@azure\msal-common\dist-browser\telemetry\performance\

PerformanceClient.mjs [Correcto]
PerformanceClient.mjs.map [Correcto]
PerformanceEvent.mjs [Correcto]
PerformanceEvent.mjs.map [Correcto]
PerformanceEvents.mjs [Correcto]
PerformanceEvents.mjs.map [Correcto]
StubPerformanceClient.mjs [Correcto]
StubPerformanceClient.mjs.map [Correcto]

 Descomprimiendo archivos en C:\controlab-h\backend\node_modules\@azure\msal-common\dist-browser\telemetry\server\

ServerTelemetryManager.mjs [Correcto]
ServerTelemetryManager.mjs.map [Correcto]

 Descomprimiendo archivos en C:\controlab-h\backend\node_modules\@azure\msal-common\dist-browser\url\

UrlString.mjs [Correcto]
UrlString.mjs.map [Correcto]

 Descomprimiendo archivos en C:\controlab-h\backend\node_modules\@azure\msal-common\dist-browser\utils\

ClientAssertionUtils.mjs [Correcto]
ClientAssertionUtils.mjs.map [Correcto]
Constants.mjs [Correcto]
Constants.mjs.map [Correcto]
FunctionWrappers.mjs [Correcto]
FunctionWrappers.mjs.map [Correcto]
ProtocolUtils.mjs [Correcto]
ProtocolUtils.mjs.map [Correcto]
StringUtils.mjs [Correcto]
StringUtils.mjs.map [Correcto]
TimeUtils.mjs [Correcto]
TimeUtils.mjs.map [Correcto]
UrlUtils.mjs [Correcto]
UrlUtils.mjs.map [Correcto]

 Descomprimiendo archivos en C:\controlab-h\backend\node_modules\@azure\msal-common\lib\

index-browser.cjs [Correcto]
index-browser.cjs.map [Correcto]
index-node-C_uKaUiZ.js [Correcto]
index-node-C_uKaUiZ.js.map [Correcto]
index-node.cjs [Correcto]
index-node.cjs.map [Correcto]
index.cjs [Correcto]
index.cjs.map [Correcto]
package.json [Correcto]

 Descomprimiendo archivos en C:\controlab-h\backend\node_modules\@azure\msal-common\node\

package.json [Correcto]
README.md [Correcto]

 Descomprimiendo archivos en C:\controlab-h\backend\node_modules\@azure\msal-common\src\

account [Correcto]
authority [Correcto]
broker [Correcto]
cache [Correcto]
client [Correcto]
config [Correcto]
constants [Correcto]
crypto [Correcto]
error [Correcto]
exports-browser-only.ts [Correcto]
exports-common.ts [Correcto]
exports-node-only.ts [Correcto]
index-browser.ts [Correcto]
index-node.ts [Correcto]
index.ts [Correcto]
logger [Correcto]
network [Correcto]
packageMetadata.ts [Correcto]
protocol [Correcto]
request [Correcto]
response [Correcto]
telemetry [Correcto]
url [Correcto]
utils [Correcto]

 Descomprimiendo archivos en C:\controlab-h\backend\node_modules\@azure\msal-common\src\account\

AccountInfo.ts [Correcto]
AuthToken.ts [Correcto]
CcsCredential.ts [Correcto]
ClientCredentials.ts [Correcto]
ClientInfo.ts [Correcto]
TokenClaims.ts [Correcto]

 Descomprimiendo archivos en C:\controlab-h\backend\node_modules\@azure\msal-common\src\authority\

Authority.ts [Correcto]
AuthorityFactory.ts [Correcto]
AuthorityMetadata.ts [Correcto]
AuthorityOptions.ts [Correcto]
AuthorityType.ts [Correcto]
AzureRegion.ts [Correcto]
AzureRegionConfiguration.ts [Correcto]
CloudDiscoveryMetadata.ts [Correcto]
CloudInstanceDiscoveryErrorResponse.ts [Correcto]
CloudInstanceDiscoveryResponse.ts [Correcto]
ImdsOptions.ts [Correcto]
OIDCOptions.ts [Correcto]
OpenIdConfigResponse.ts [Correcto]
ProtocolMode.ts [Correcto]
RegionDiscovery.ts [Correcto]
RegionDiscoveryMetadata.ts [Correcto]

 Descomprimiendo archivos en C:\controlab-h\backend\node_modules\@azure\msal-common\src\broker\

nativeBroker [Correcto]

 Descomprimiendo archivos en C:\controlab-h\backend\node_modules\@azure\msal-common\src\broker\nativeBroker\

INativeBrokerPlugin.ts [Correcto]

 Descomprimiendo archivos en C:\controlab-h\backend\node_modules\@azure\msal-common\src\cache\

CacheManager.ts [Correcto]
entities [Correcto]
interface [Correcto]
persistence [Correcto]
utils [Correcto]

 Descomprimiendo archivos en C:\controlab-h\backend\node_modules\@azure\msal-common\src\cache\entities\

AccessTokenEntity.ts [Correcto]
AccountEntity.ts [Correcto]
AppMetadataEntity.ts [Correcto]
AuthorityMetadataEntity.ts [Correcto]
CacheRecord.ts [Correcto]
CredentialEntity.ts [Correcto]
IdTokenEntity.ts [Correcto]
RefreshTokenEntity.ts [Correcto]
ServerTelemetryEntity.ts [Correcto]
ThrottlingEntity.ts [Correcto]

 Descomprimiendo archivos en C:\controlab-h\backend\node_modules\@azure\msal-common\src\cache\interface\

ICacheManager.ts [Correcto]
ICachePlugin.ts [Correcto]
ISerializableTokenCache.ts [Correcto]

 Descomprimiendo archivos en C:\controlab-h\backend\node_modules\@azure\msal-common\src\cache\persistence\

TokenCacheContext.ts [Correcto]

 Descomprimiendo archivos en C:\controlab-h\backend\node_modules\@azure\msal-common\src\cache\utils\

AccountEntityUtils.ts [Correcto]
CacheHelpers.ts [Correcto]
CacheTypes.ts [Correcto]

 Descomprimiendo archivos en C:\controlab-h\backend\node_modules\@azure\msal-common\src\client\

AuthorizationCodeClient.ts [Correcto]
RefreshTokenClient.ts [Correcto]
SilentFlowClient.ts [Correcto]

 Descomprimiendo archivos en C:\controlab-h\backend\node_modules\@azure\msal-common\src\config\

AppTokenProvider.ts [Correcto]
ClientConfiguration.ts [Correcto]

 Descomprimiendo archivos en C:\controlab-h\backend\node_modules\@azure\msal-common\src\constants\

AADServerParamKeys.ts [Correcto]

 Descomprimiendo archivos en C:\controlab-h\backend\node_modules\@azure\msal-common\src\crypto\

ICrypto.ts [Correcto]
IGuidGenerator.ts [Correcto]
JoseHeader.ts [Correcto]
PopTokenGenerator.ts [Correcto]
SignedHttpRequest.ts [Correcto]

 Descomprimiendo archivos en C:\controlab-h\backend\node_modules\@azure\msal-common\src\error\

AuthError.ts [Correcto]
AuthErrorCodes.ts [Correcto]
CacheError.ts [Correcto]
CacheErrorCodes.ts [Correcto]
ClientAuthError.ts [Correcto]
ClientAuthErrorCodes.ts [Correcto]
ClientConfigurationError.ts [Correcto]
ClientConfigurationErrorCodes.ts [Correcto]
InteractionRequiredAuthError.ts [Correcto]
InteractionRequiredAuthErrorCodes.ts [Correcto]
JoseHeaderError.ts [Correcto]
JoseHeaderErrorCodes.ts [Correcto]
NetworkError.ts [Correcto]
PlatformBrokerError.ts [Correcto]
ServerError.ts [Correcto]

 Descomprimiendo archivos en C:\controlab-h\backend\node_modules\@azure\msal-common\src\logger\

Logger.ts [Correcto]

 Descomprimiendo archivos en C:\controlab-h\backend\node_modules\@azure\msal-common\src\network\

INetworkModule.ts [Correcto]
NetworkResponse.ts [Correcto]
RequestThumbprint.ts [Correcto]
ThrottlingUtils.ts [Correcto]

 Descomprimiendo archivos en C:\controlab-h\backend\node_modules\@azure\msal-common\src\protocol\

Authorize.ts [Correcto]
Token.ts [Correcto]

 Descomprimiendo archivos en C:\controlab-h\backend\node_modules\@azure\msal-common\src\request\

AuthenticationHeaderParser.ts [Correcto]
BaseAuthRequest.ts [Correcto]
CommonAuthorizationCodeRequest.ts [Correcto]
CommonAuthorizationUrlRequest.ts [Correcto]
CommonEndSessionRequest.ts [Correcto]
CommonRefreshTokenRequest.ts [Correcto]
CommonSilentFlowRequest.ts [Correcto]
NativeRequest.ts [Correcto]
NativeSignOutRequest.ts [Correcto]
RequestParameterBuilder.ts [Correcto]
ScopeSet.ts [Correcto]
StoreInCache.ts [Correcto]

 Descomprimiendo archivos en C:\controlab-h\backend\node_modules\@azure\msal-common\src\response\

AuthenticationResult.ts [Correcto]
AuthorizationCodePayload.ts [Correcto]
AuthorizeResponse.ts [Correcto]
DeviceCodeResponse.ts [Correcto]
ExternalTokenResponse.ts [Correcto]
IMDSBadResponse.ts [Correcto]
ImdsComputeResponse.ts [Correcto]
ResponseHandler.ts [Correcto]
ServerAuthorizationTokenResponse.ts [Correcto]

 Descomprimiendo archivos en C:\controlab-h\backend\node_modules\@azure\msal-common\src\telemetry\

performance [Correcto]
server [Correcto]

 Descomprimiendo archivos en C:\controlab-h\backend\node_modules\@azure\msal-common\src\telemetry\performance\

IPerformanceClient.ts [Correcto]
IPerformanceMeasurement.ts [Correcto]
PerformanceClient.ts [Correcto]
PerformanceEvent.ts [Correcto]
PerformanceEvents.ts [Correcto]
StubPerformanceClient.ts [Correcto]

 Descomprimiendo archivos en C:\controlab-h\backend\node_modules\@azure\msal-common\src\telemetry\server\

ServerTelemetryManager.ts [Correcto]
ServerTelemetryRequest.ts [Correcto]

 Descomprimiendo archivos en C:\controlab-h\backend\node_modules\@azure\msal-common\src\url\

IUri.ts [Correcto]
UrlString.ts [Correcto]

 Descomprimiendo archivos en C:\controlab-h\backend\node_modules\@azure\msal-common\src\utils\

ClientAssertionUtils.ts [Correcto]
Constants.ts [Correcto]
FunctionWrappers.ts [Correcto]
MsalTypes.ts [Correcto]
ProtocolUtils.ts [Correcto]
StateTypes.ts [Correcto]
StringUtils.ts [Correcto]
TimeUtils.ts [Correcto]
UrlUtils.ts [Correcto]

 Descomprimiendo archivos en C:\controlab-h\backend\node_modules\@azure\msal-common\types\

account [Correcto]
authority [Correcto]
broker [Correcto]
cache [Correcto]
client [Correcto]
config [Correcto]
constants [Correcto]
crypto [Correcto]
error [Correcto]
exports-browser-only.d.ts [Correcto]
exports-browser-only.d.ts.map [Correcto]
exports-common.d.ts [Correcto]
exports-common.d.ts.map [Correcto]
exports-node-only.d.ts [Correcto]
exports-node-only.d.ts.map [Correcto]
index-browser.d.cts [Correcto]
index-browser.d.ts [Correcto]
index-browser.d.ts.map [Correcto]
index-node.d.cts [Correcto]
index-node.d.ts [Correcto]
index-node.d.ts.map [Correcto]
index.d.cts [Correcto]
index.d.ts [Correcto]
index.d.ts.map [Correcto]
logger [Correcto]
network [Correcto]
packageMetadata.d.ts [Correcto]
packageMetadata.d.ts.map [Correcto]
protocol [Correcto]
request [Correcto]
response [Correcto]
telemetry [Correcto]
url [Correcto]
utils [Correcto]

 Descomprimiendo archivos en C:\controlab-h\backend\node_modules\@azure\msal-common\types\account\

AccountInfo.d.ts [Correcto]
AccountInfo.d.ts.map [Correcto]
AuthToken.d.ts [Correcto]
AuthToken.d.ts.map [Correcto]
CcsCredential.d.ts [Correcto]
CcsCredential.d.ts.map [Correcto]
ClientCredentials.d.ts [Correcto]
ClientCredentials.d.ts.map [Correcto]
ClientInfo.d.ts [Correcto]
ClientInfo.d.ts.map [Correcto]
TokenClaims.d.ts [Correcto]
TokenClaims.d.ts.map [Correcto]

 Descomprimiendo archivos en C:\controlab-h\backend\node_modules\@azure\msal-common\types\authority\

Authority.d.ts [Correcto]
Authority.d.ts.map [Correcto]
AuthorityFactory.d.ts [Correcto]
AuthorityFactory.d.ts.map [Correcto]
AuthorityMetadata.d.ts [Correcto]
AuthorityMetadata.d.ts.map [Correcto]
AuthorityOptions.d.ts [Correcto]
AuthorityOptions.d.ts.map [Correcto]
AuthorityType.d.ts [Correcto]
AuthorityType.d.ts.map [Correcto]
AzureRegion.d.ts [Correcto]
AzureRegion.d.ts.map [Correcto]
AzureRegionConfiguration.d.ts [Correcto]
AzureRegionConfiguration.d.ts.map [Correcto]
CloudDiscoveryMetadata.d.ts [Correcto]
CloudDiscoveryMetadata.d.ts.map [Correcto]
CloudInstanceDiscoveryErrorResponse.d.ts [Correcto]
CloudInstanceDiscoveryErrorResponse.d.ts.map [Correcto]
CloudInstanceDiscoveryResponse.d.ts [Correcto]
CloudInstanceDiscoveryResponse.d.ts.map [Correcto]
ImdsOptions.d.ts [Correcto]
ImdsOptions.d.ts.map [Correcto]
OIDCOptions.d.ts [Correcto]
OIDCOptions.d.ts.map [Correcto]
OpenIdConfigResponse.d.ts [Correcto]
OpenIdConfigResponse.d.ts.map [Correcto]
ProtocolMode.d.ts [Correcto]
ProtocolMode.d.ts.map [Correcto]
RegionDiscovery.d.ts [Correcto]
RegionDiscovery.d.ts.map [Correcto]
RegionDiscoveryMetadata.d.ts [Correcto]
RegionDiscoveryMetadata.d.ts.map [Correcto]

 Descomprimiendo archivos en C:\controlab-h\backend\node_modules\@azure\msal-common\types\broker\

nativeBroker [Correcto]

 Descomprimiendo archivos en C:\controlab-h\backend\node_modules\@azure\msal-common\types\broker\nativeBroker\

INativeBrokerPlugin.d.ts [Correcto]
INativeBrokerPlugin.d.ts.map [Correcto]

 Descomprimiendo archivos en C:\controlab-h\backend\node_modules\@azure\msal-common\types\cache\

CacheManager.d.ts [Correcto]
CacheManager.d.ts.map [Correcto]
entities [Correcto]
interface [Correcto]
persistence [Correcto]
utils [Correcto]

 Descomprimiendo archivos en C:\controlab-h\backend\node_modules\@azure\msal-common\types\cache\entities\

AccessTokenEntity.d.ts [Correcto]
AccessTokenEntity.d.ts.map [Correcto]
AccountEntity.d.ts [Correcto]
AccountEntity.d.ts.map [Correcto]
AppMetadataEntity.d.ts [Correcto]
AppMetadataEntity.d.ts.map [Correcto]
AuthorityMetadataEntity.d.ts [Correcto]
AuthorityMetadataEntity.d.ts.map [Correcto]
CacheRecord.d.ts [Correcto]
CacheRecord.d.ts.map [Correcto]
CredentialEntity.d.ts [Correcto]
CredentialEntity.d.ts.map [Correcto]
IdTokenEntity.d.ts [Correcto]
IdTokenEntity.d.ts.map [Correcto]
RefreshTokenEntity.d.ts [Correcto]
RefreshTokenEntity.d.ts.map [Correcto]
ServerTelemetryEntity.d.ts [Correcto]
ServerTelemetryEntity.d.ts.map [Correcto]
ThrottlingEntity.d.ts [Correcto]
ThrottlingEntity.d.ts.map [Correcto]

 Descomprimiendo archivos en C:\controlab-h\backend\node_modules\@azure\msal-common\types\cache\interface\

ICacheManager.d.ts [Correcto]
ICacheManager.d.ts.map [Correcto]
ICachePlugin.d.ts [Correcto]
ICachePlugin.d.ts.map [Correcto]
ISerializableTokenCache.d.ts [Correcto]
ISerializableTokenCache.d.ts.map [Correcto]

 Descomprimiendo archivos en C:\controlab-h\backend\node_modules\@azure\msal-common\types\cache\persistence\

TokenCacheContext.d.ts [Correcto]
TokenCacheContext.d.ts.map [Correcto]

 Descomprimiendo archivos en C:\controlab-h\backend\node_modules\@azure\msal-common\types\cache\utils\

AccountEntityUtils.d.ts [Correcto]
AccountEntityUtils.d.ts.map [Correcto]
CacheHelpers.d.ts [Correcto]
CacheHelpers.d.ts.map [Correcto]
CacheTypes.d.ts [Correcto]
CacheTypes.d.ts.map [Correcto]

 Descomprimiendo archivos en C:\controlab-h\backend\node_modules\@azure\msal-common\types\client\

AuthorizationCodeClient.d.ts [Correcto]
AuthorizationCodeClient.d.ts.map [Correcto]
RefreshTokenClient.d.ts [Correcto]
RefreshTokenClient.d.ts.map [Correcto]
SilentFlowClient.d.ts [Correcto]
SilentFlowClient.d.ts.map [Correcto]

 Descomprimiendo archivos en C:\controlab-h\backend\node_modules\@azure\msal-common\types\config\

AppTokenProvider.d.ts [Correcto]
AppTokenProvider.d.ts.map [Correcto]
ClientConfiguration.d.ts [Correcto]
ClientConfiguration.d.ts.map [Correcto]

 Descomprimiendo archivos en C:\controlab-h\backend\node_modules\@azure\msal-common\types\constants\

AADServerParamKeys.d.ts [Correcto]
AADServerParamKeys.d.ts.map [Correcto]

 Descomprimiendo archivos en C:\controlab-h\backend\node_modules\@azure\msal-common\types\crypto\

ICrypto.d.ts [Correcto]
ICrypto.d.ts.map [Correcto]
IGuidGenerator.d.ts [Correcto]
IGuidGenerator.d.ts.map [Correcto]
JoseHeader.d.ts [Correcto]
JoseHeader.d.ts.map [Correcto]
PopTokenGenerator.d.ts [Correcto]
PopTokenGenerator.d.ts.map [Correcto]
SignedHttpRequest.d.ts [Correcto]
SignedHttpRequest.d.ts.map [Correcto]

 Descomprimiendo archivos en C:\controlab-h\backend\node_modules\@azure\msal-common\types\error\

AuthError.d.ts [Correcto]
AuthError.d.ts.map [Correcto]
AuthErrorCodes.d.ts [Correcto]
AuthErrorCodes.d.ts.map [Correcto]
CacheError.d.ts [Correcto]
CacheError.d.ts.map [Correcto]
CacheErrorCodes.d.ts [Correcto]
CacheErrorCodes.d.ts.map [Correcto]
ClientAuthError.d.ts [Correcto]
ClientAuthError.d.ts.map [Correcto]
ClientAuthErrorCodes.d.ts [Correcto]
ClientAuthErrorCodes.d.ts.map [Correcto]
ClientConfigurationError.d.ts [Correcto]
ClientConfigurationError.d.ts.map [Correcto]
ClientConfigurationErrorCodes.d.ts [Correcto]
ClientConfigurationErrorCodes.d.ts.map [Correcto]
InteractionRequiredAuthError.d.ts [Correcto]
InteractionRequiredAuthError.d.ts.map [Correcto]
InteractionRequiredAuthErrorCodes.d.ts [Correcto]
InteractionRequiredAuthErrorCodes.d.ts.map [Correcto]
JoseHeaderError.d.ts [Correcto]
JoseHeaderError.d.ts.map [Correcto]
JoseHeaderErrorCodes.d.ts [Correcto]
JoseHeaderErrorCodes.d.ts.map [Correcto]
NetworkError.d.ts [Correcto]
NetworkError.d.ts.map [Correcto]
PlatformBrokerError.d.ts [Correcto]
PlatformBrokerError.d.ts.map [Correcto]
ServerError.d.ts [Correcto]
ServerError.d.ts.map [Correcto]

 Descomprimiendo archivos en C:\controlab-h\backend\node_modules\@azure\msal-common\types\logger\

Logger.d.ts [Correcto]
Logger.d.ts.map [Correcto]

 Descomprimiendo archivos en C:\controlab-h\backend\node_modules\@azure\msal-common\types\network\

INetworkModule.d.ts [Correcto]
INetworkModule.d.ts.map [Correcto]
NetworkResponse.d.ts [Correcto]
NetworkResponse.d.ts.map [Correcto]
RequestThumbprint.d.ts [Correcto]
RequestThumbprint.d.ts.map [Correcto]
ThrottlingUtils.d.ts [Correcto]
ThrottlingUtils.d.ts.map [Correcto]

 Descomprimiendo archivos en C:\controlab-h\backend\node_modules\@azure\msal-common\types\protocol\

Authorize.d.ts [Correcto]
Authorize.d.ts.map [Correcto]
Token.d.ts [Correcto]
Token.d.ts.map [Correcto]

 Descomprimiendo archivos en C:\controlab-h\backend\node_modules\@azure\msal-common\types\request\

AuthenticationHeaderParser.d.ts [Correcto]
AuthenticationHeaderParser.d.ts.map [Correcto]
BaseAuthRequest.d.ts [Correcto]
BaseAuthRequest.d.ts.map [Correcto]
CommonAuthorizationCodeRequest.d.ts [Correcto]
CommonAuthorizationCodeRequest.d.ts.map [Correcto]
CommonAuthorizationUrlRequest.d.ts [Correcto]
CommonAuthorizationUrlRequest.d.ts.map [Correcto]
CommonEndSessionRequest.d.ts [Correcto]
CommonEndSessionRequest.d.ts.map [Correcto]
CommonRefreshTokenRequest.d.ts [Correcto]
CommonRefreshTokenRequest.d.ts.map [Correcto]
CommonSilentFlowRequest.d.ts [Correcto]
CommonSilentFlowRequest.d.ts.map [Correcto]
NativeRequest.d.ts [Correcto]
NativeRequest.d.ts.map [Correcto]
NativeSignOutRequest.d.ts [Correcto]
NativeSignOutRequest.d.ts.map [Correcto]
RequestParameterBuilder.d.ts [Correcto]
RequestParameterBuilder.d.ts.map [Correcto]
ScopeSet.d.ts [Correcto]
ScopeSet.d.ts.map [Correcto]
StoreInCache.d.ts [Correcto]
StoreInCache.d.ts.map [Correcto]

 Descomprimiendo archivos en C:\controlab-h\backend\node_modules\@azure\msal-common\types\response\

AuthenticationResult.d.ts [Correcto]
AuthenticationResult.d.ts.map [Correcto]
AuthorizationCodePayload.d.ts [Correcto]
AuthorizationCodePayload.d.ts.map [Correcto]
AuthorizeResponse.d.ts [Correcto]
AuthorizeResponse.d.ts.map [Correcto]
DeviceCodeResponse.d.ts [Correcto]
DeviceCodeResponse.d.ts.map [Correcto]
ExternalTokenResponse.d.ts [Correcto]
ExternalTokenResponse.d.ts.map [Correcto]
IMDSBadResponse.d.ts [Correcto]
IMDSBadResponse.d.ts.map [Correcto]
ImdsComputeResponse.d.ts [Correcto]
ImdsComputeResponse.d.ts.map [Correcto]
ResponseHandler.d.ts [Correcto]
ResponseHandler.d.ts.map [Correcto]
ServerAuthorizationTokenResponse.d.ts [Correcto]
ServerAuthorizationTokenResponse.d.ts.map [Correcto]

 Descomprimiendo archivos en C:\controlab-h\backend\node_modules\@azure\msal-common\types\telemetry\

performance [Correcto]
server [Correcto]

 Descomprimiendo archivos en C:\controlab-h\backend\node_modules\@azure\msal-common\types\telemetry\performance\

IPerformanceClient.d.ts [Correcto]
IPerformanceClient.d.ts.map [Correcto]
IPerformanceMeasurement.d.ts [Correcto]
IPerformanceMeasurement.d.ts.map [Correcto]
PerformanceClient.d.ts [Correcto]
PerformanceClient.d.ts.map [Correcto]
PerformanceEvent.d.ts [Correcto]
PerformanceEvent.d.ts.map [Correcto]
PerformanceEvents.d.ts [Correcto]
PerformanceEvents.d.ts.map [Correcto]
StubPerformanceClient.d.ts [Correcto]
StubPerformanceClient.d.ts.map [Correcto]

 Descomprimiendo archivos en C:\controlab-h\backend\node_modules\@azure\msal-common\types\telemetry\server\

ServerTelemetryManager.d.ts [Correcto]
ServerTelemetryManager.d.ts.map [Correcto]
ServerTelemetryRequest.d.ts [Correcto]
ServerTelemetryRequest.d.ts.map [Correcto]

 Descomprimiendo archivos en C:\controlab-h\backend\node_modules\@azure\msal-common\types\url\

IUri.d.ts [Correcto]
IUri.d.ts.map [Correcto]
UrlString.d.ts [Correcto]
UrlString.d.ts.map [Correcto]

 Descomprimiendo archivos en C:\controlab-h\backend\node_modules\@azure\msal-common\types\utils\

ClientAssertionUtils.d.ts [Correcto]
ClientAssertionUtils.d.ts.map [Correcto]
Constants.d.ts [Correcto]
Constants.d.ts.map [Correcto]
FunctionWrappers.d.ts [Correcto]
FunctionWrappers.d.ts.map [Correcto]
MsalTypes.d.ts [Correcto]
MsalTypes.d.ts.map [Correcto]
ProtocolUtils.d.ts [Correcto]
ProtocolUtils.d.ts.map [Correcto]
StateTypes.d.ts [Correcto]
StateTypes.d.ts.map [Correcto]
StringUtils.d.ts [Correcto]
StringUtils.d.ts.map [Correcto]
TimeUtils.d.ts [Correcto]
TimeUtils.d.ts.map [Correcto]
UrlUtils.d.ts [Correcto]
UrlUtils.d.ts.map [Correcto]

 Descomprimiendo archivos en C:\controlab-h\backend\node_modules\@azure\msal-node\

dist [Correcto]
lib [Correcto]
LICENSE [Correcto]
package.json [Correcto]
README.md [Correcto]
src [Correcto]
types [Correcto]

 Descomprimiendo archivos en C:\controlab-h\backend\node_modules\@azure\msal-node\dist\

cache [Correcto]
client [Correcto]
config [Correcto]
crypto [Correcto]
error [Correcto]
index.mjs [Correcto]
index.mjs.map [Correcto]
internals.mjs [Correcto]
internals.mjs.map [Correcto]
network [Correcto]
packageMetadata.mjs [Correcto]
packageMetadata.mjs.map [Correcto]
protocol [Correcto]
retry [Correcto]
utils [Correcto]

 Descomprimiendo archivos en C:\controlab-h\backend\node_modules\@azure\msal-node\dist\cache\

CacheHelpers.mjs [Correcto]
CacheHelpers.mjs.map [Correcto]
distributed [Correcto]
NodeStorage.mjs [Correcto]
NodeStorage.mjs.map [Correcto]
serializer [Correcto]
TokenCache.mjs [Correcto]
TokenCache.mjs.map [Correcto]

 Descomprimiendo archivos en C:\controlab-h\backend\node_modules\@azure\msal-node\dist\cache\distributed\

DistributedCachePlugin.mjs [Correcto]
DistributedCachePlugin.mjs.map [Correcto]

 Descomprimiendo archivos en C:\controlab-h\backend\node_modules\@azure\msal-node\dist\cache\serializer\

Deserializer.mjs [Correcto]
Deserializer.mjs.map [Correcto]
Serializer.mjs [Correcto]
Serializer.mjs.map [Correcto]

 Descomprimiendo archivos en C:\controlab-h\backend\node_modules\@azure\msal-node\dist\client\

BaseClient.mjs [Correcto]
BaseClient.mjs.map [Correcto]
ClientApplication.mjs [Correcto]
ClientApplication.mjs.map [Correcto]
ClientAssertion.mjs [Correcto]
ClientAssertion.mjs.map [Correcto]
ClientCredentialClient.mjs [Correcto]
ClientCredentialClient.mjs.map [Correcto]
ConfidentialClientApplication.mjs [Correcto]
ConfidentialClientApplication.mjs.map [Correcto]
DeviceCodeClient.mjs [Correcto]
DeviceCodeClient.mjs.map [Correcto]
ManagedIdentityApplication.mjs [Correcto]
ManagedIdentityApplication.mjs.map [Correcto]
ManagedIdentityClient.mjs [Correcto]
ManagedIdentityClient.mjs.map [Correcto]
ManagedIdentitySources [Correcto]
OnBehalfOfClient.mjs [Correcto]
OnBehalfOfClient.mjs.map [Correcto]
PublicClientApplication.mjs [Correcto]
PublicClientApplication.mjs.map [Correcto]
UserFederatedIdentityCredentialClient.mjs [Correcto]
UserFederatedIdentityCredentialClient.mjs.map [Correcto]
UsernamePasswordClient.mjs [Correcto]
UsernamePasswordClient.mjs.map [Correcto]

 Descomprimiendo archivos en C:\controlab-h\backend\node_modules\@azure\msal-node\dist\client\ManagedIdentitySources\

AppService.mjs [Correcto]
AppService.mjs.map [Correcto]
AzureArc.mjs [Correcto]
AzureArc.mjs.map [Correcto]
BaseManagedIdentitySource.mjs [Correcto]
BaseManagedIdentitySource.mjs.map [Correcto]
CloudShell.mjs [Correcto]
CloudShell.mjs.map [Correcto]
Imds.mjs [Correcto]
Imds.mjs.map [Correcto]
MachineLearning.mjs [Correcto]
MachineLearning.mjs.map [Correcto]
ServiceFabric.mjs [Correcto]
ServiceFabric.mjs.map [Correcto]

 Descomprimiendo archivos en C:\controlab-h\backend\node_modules\@azure\msal-node\dist\config\

Configuration.mjs [Correcto]
Configuration.mjs.map [Correcto]
ManagedIdentityId.mjs [Correcto]
ManagedIdentityId.mjs.map [Correcto]
ManagedIdentityRequestParameters.mjs [Correcto]
ManagedIdentityRequestParameters.mjs.map [Correcto]

 Descomprimiendo archivos en C:\controlab-h\backend\node_modules\@azure\msal-node\dist\crypto\

CryptoProvider.mjs [Correcto]
CryptoProvider.mjs.map [Correcto]
GuidGenerator.mjs [Correcto]
GuidGenerator.mjs.map [Correcto]
HashUtils.mjs [Correcto]
HashUtils.mjs.map [Correcto]
PkceGenerator.mjs [Correcto]
PkceGenerator.mjs.map [Correcto]

 Descomprimiendo archivos en C:\controlab-h\backend\node_modules\@azure\msal-node\dist\error\

ClientAuthErrorCodes.mjs [Correcto]
ClientAuthErrorCodes.mjs.map [Correcto]
ManagedIdentityError.mjs [Correcto]
ManagedIdentityError.mjs.map [Correcto]
ManagedIdentityErrorCodes.mjs [Correcto]
ManagedIdentityErrorCodes.mjs.map [Correcto]
NodeAuthError.mjs [Correcto]
NodeAuthError.mjs.map [Correcto]

 Descomprimiendo archivos en C:\controlab-h\backend\node_modules\@azure\msal-node\dist\network\

HttpClient.mjs [Correcto]
HttpClient.mjs.map [Correcto]
HttpClientWithRetries.mjs [Correcto]
HttpClientWithRetries.mjs.map [Correcto]
LoopbackClient.mjs [Correcto]
LoopbackClient.mjs.map [Correcto]

 Descomprimiendo archivos en C:\controlab-h\backend\node_modules\@azure\msal-node\dist\protocol\

Authorize.mjs [Correcto]
Authorize.mjs.map [Correcto]

 Descomprimiendo archivos en C:\controlab-h\backend\node_modules\@azure\msal-node\dist\retry\

DefaultManagedIdentityRetryPolicy.mjs [Correcto]
DefaultManagedIdentityRetryPolicy.mjs.map [Correcto]
ExponentialRetryStrategy.mjs [Correcto]
ExponentialRetryStrategy.mjs.map [Correcto]
ImdsRetryPolicy.mjs [Correcto]
ImdsRetryPolicy.mjs.map [Correcto]
LinearRetryStrategy.mjs [Correcto]
LinearRetryStrategy.mjs.map [Correcto]

 Descomprimiendo archivos en C:\controlab-h\backend\node_modules\@azure\msal-node\dist\utils\

Constants.mjs [Correcto]
Constants.mjs.map [Correcto]
EncodingUtils.mjs [Correcto]
EncodingUtils.mjs.map [Correcto]
TimeUtils.mjs [Correcto]
TimeUtils.mjs.map [Correcto]

 Descomprimiendo archivos en C:\controlab-h\backend\node_modules\@azure\msal-node\lib\

msal-node.cjs [Correcto]
msal-node.cjs.map [Correcto]
package.json [Correcto]

 Descomprimiendo archivos en C:\controlab-h\backend\node_modules\@azure\msal-node\src\

cache [Correcto]
client [Correcto]
config [Correcto]
crypto [Correcto]
error [Correcto]
index.ts [Correcto]
internals.ts [Correcto]
network [Correcto]
packageMetadata.ts [Correcto]
protocol [Correcto]
request [Correcto]
response [Correcto]
retry [Correcto]
utils [Correcto]

 Descomprimiendo archivos en C:\controlab-h\backend\node_modules\@azure\msal-node\src\cache\

CacheHelpers.ts [Correcto]
distributed [Correcto]
ITokenCache.ts [Correcto]
NodeStorage.ts [Correcto]
serializer [Correcto]
TokenCache.ts [Correcto]

 Descomprimiendo archivos en C:\controlab-h\backend\node_modules\@azure\msal-node\src\cache\distributed\

DistributedCachePlugin.ts [Correcto]
ICacheClient.ts [Correcto]
IPartitionManager.ts [Correcto]

 Descomprimiendo archivos en C:\controlab-h\backend\node_modules\@azure\msal-node\src\cache\serializer\

Deserializer.ts [Correcto]
Serializer.ts [Correcto]
SerializerTypes.ts [Correcto]

 Descomprimiendo archivos en C:\controlab-h\backend\node_modules\@azure\msal-node\src\client\

BaseClient.ts [Correcto]
ClientApplication.ts [Correcto]
ClientAssertion.ts [Correcto]
ClientCredentialClient.ts [Correcto]
ConfidentialClientApplication.ts [Correcto]
DeviceCodeClient.ts [Correcto]
IConfidentialClientApplication.ts [Correcto]
IPublicClientApplication.ts [Correcto]
ManagedIdentityApplication.ts [Correcto]
ManagedIdentityClient.ts [Correcto]
ManagedIdentitySources [Correcto]
OnBehalfOfClient.ts [Correcto]
PublicClientApplication.ts [Correcto]
UserFederatedIdentityCredentialClient.ts [Correcto]
UsernamePasswordClient.ts [Correcto]

 Descomprimiendo archivos en C:\controlab-h\backend\node_modules\@azure\msal-node\src\client\ManagedIdentitySources\

AppService.ts [Correcto]
AzureArc.ts [Correcto]
BaseManagedIdentitySource.ts [Correcto]
CloudShell.ts [Correcto]
Imds.ts [Correcto]
MachineLearning.ts [Correcto]
ServiceFabric.ts [Correcto]

 Descomprimiendo archivos en C:\controlab-h\backend\node_modules\@azure\msal-node\src\config\

Configuration.ts [Correcto]
ManagedIdentityId.ts [Correcto]
ManagedIdentityRequestParameters.ts [Correcto]

 Descomprimiendo archivos en C:\controlab-h\backend\node_modules\@azure\msal-node\src\crypto\

CryptoProvider.ts [Correcto]
GuidGenerator.ts [Correcto]
HashUtils.ts [Correcto]
PkceGenerator.ts [Correcto]

 Descomprimiendo archivos en C:\controlab-h\backend\node_modules\@azure\msal-node\src\error\

ClientAuthErrorCodes.ts [Correcto]
ManagedIdentityError.ts [Correcto]
ManagedIdentityErrorCodes.ts [Correcto]
NodeAuthError.ts [Correcto]

 Descomprimiendo archivos en C:\controlab-h\backend\node_modules\@azure\msal-node\src\network\

HttpClient.ts [Correcto]
HttpClientWithRetries.ts [Correcto]
ILoopbackClient.ts [Correcto]
LoopbackClient.ts [Correcto]

 Descomprimiendo archivos en C:\controlab-h\backend\node_modules\@azure\msal-node\src\protocol\

Authorize.ts [Correcto]

 Descomprimiendo archivos en C:\controlab-h\backend\node_modules\@azure\msal-node\src\request\

AuthorizationCodeRequest.ts [Correcto]
AuthorizationUrlRequest.ts [Correcto]
ClientCredentialRequest.ts [Correcto]
CommonClientCredentialRequest.ts [Correcto]
CommonDeviceCodeRequest.ts [Correcto]
CommonOnBehalfOfRequest.ts [Correcto]
CommonUserFederatedIdentityCredentialRequest.ts [Correcto]
CommonUsernamePasswordRequest.ts [Correcto]
DeviceCodeRequest.ts [Correcto]
InteractiveRequest.ts [Correcto]
ManagedIdentityRequest.ts [Correcto]
ManagedIdentityRequestParams.ts [Correcto]
OnBehalfOfRequest.ts [Correcto]
RefreshTokenRequest.ts [Correcto]
SignOutRequest.ts [Correcto]
SilentFlowRequest.ts [Correcto]
UserFederatedIdentityCredentialRequest.ts [Correcto]
UsernamePasswordRequest.ts [Correcto]

 Descomprimiendo archivos en C:\controlab-h\backend\node_modules\@azure\msal-node\src\response\

ManagedIdentityTokenResponse.ts [Correcto]

 Descomprimiendo archivos en C:\controlab-h\backend\node_modules\@azure\msal-node\src\retry\

DefaultManagedIdentityRetryPolicy.ts [Correcto]
ExponentialRetryStrategy.ts [Correcto]
IHttpRetryPolicy.ts [Correcto]
ImdsRetryPolicy.ts [Correcto]
LinearRetryStrategy.ts [Correcto]

 Descomprimiendo archivos en C:\controlab-h\backend\node_modules\@azure\msal-node\src\utils\

Constants.ts [Correcto]
EncodingUtils.ts [Correcto]
NetworkUtils.ts [Correcto]
TimeUtils.ts [Correcto]

 Descomprimiendo archivos en C:\controlab-h\backend\node_modules\@azure\msal-node\types\

cache [Correcto]
client [Correcto]
config [Correcto]
crypto [Correcto]
error [Correcto]
index.d.cts [Correcto]
index.d.ts [Correcto]
index.d.ts.map [Correcto]
internals.d.ts [Correcto]
internals.d.ts.map [Correcto]
network [Correcto]
packageMetadata.d.ts [Correcto]
packageMetadata.d.ts.map [Correcto]
protocol [Correcto]
request [Correcto]
response [Correcto]
retry [Correcto]
utils [Correcto]

 Descomprimiendo archivos en C:\controlab-h\backend\node_modules\@azure\msal-node\types\cache\

CacheHelpers.d.ts [Correcto]
CacheHelpers.d.ts.map [Correcto]
distributed [Correcto]
ITokenCache.d.ts [Correcto]
ITokenCache.d.ts.map [Correcto]
NodeStorage.d.ts [Correcto]
NodeStorage.d.ts.map [Correcto]
serializer [Correcto]
TokenCache.d.ts [Correcto]
TokenCache.d.ts.map [Correcto]

 Descomprimiendo archivos en C:\controlab-h\backend\node_modules\@azure\msal-node\types\cache\distributed\

DistributedCachePlugin.d.ts [Correcto]
DistributedCachePlugin.d.ts.map [Correcto]
ICacheClient.d.ts [Correcto]
ICacheClient.d.ts.map [Correcto]
IPartitionManager.d.ts [Correcto]
IPartitionManager.d.ts.map [Correcto]

 Descomprimiendo archivos en C:\controlab-h\backend\node_modules\@azure\msal-node\types\cache\serializer\

Deserializer.d.ts [Correcto]
Deserializer.d.ts.map [Correcto]
Serializer.d.ts [Correcto]
Serializer.d.ts.map [Correcto]
SerializerTypes.d.ts [Correcto]
SerializerTypes.d.ts.map [Correcto]

 Descomprimiendo archivos en C:\controlab-h\backend\node_modules\@azure\msal-node\types\client\

BaseClient.d.ts [Correcto]
BaseClient.d.ts.map [Correcto]
ClientApplication.d.ts [Correcto]
ClientApplication.d.ts.map [Correcto]
ClientAssertion.d.ts [Correcto]
ClientAssertion.d.ts.map [Correcto]
ClientCredentialClient.d.ts [Correcto]
ClientCredentialClient.d.ts.map [Correcto]
ConfidentialClientApplication.d.ts [Correcto]
ConfidentialClientApplication.d.ts.map [Correcto]
DeviceCodeClient.d.ts [Correcto]
DeviceCodeClient.d.ts.map [Correcto]
IConfidentialClientApplication.d.ts [Correcto]
IConfidentialClientApplication.d.ts.map [Correcto]
IPublicClientApplication.d.ts [Correcto]
IPublicClientApplication.d.ts.map [Correcto]
ManagedIdentityApplication.d.ts [Correcto]
ManagedIdentityApplication.d.ts.map [Correcto]
ManagedIdentityClient.d.ts [Correcto]
ManagedIdentityClient.d.ts.map [Correcto]
ManagedIdentitySources [Correcto]
OnBehalfOfClient.d.ts [Correcto]
OnBehalfOfClient.d.ts.map [Correcto]
PublicClientApplication.d.ts [Correcto]
PublicClientApplication.d.ts.map [Correcto]
UserFederatedIdentityCredentialClient.d.ts [Correcto]
UserFederatedIdentityCredentialClient.d.ts.map [Correcto]
UsernamePasswordClient.d.ts [Correcto]
UsernamePasswordClient.d.ts.map [Correcto]

 Descomprimiendo archivos en C:\controlab-h\backend\node_modules\@azure\msal-node\types\client\ManagedIdentitySources\

AppService.d.ts [Correcto]
AppService.d.ts.map [Correcto]
AzureArc.d.ts [Correcto]
AzureArc.d.ts.map [Correcto]
BaseManagedIdentitySource.d.ts [Correcto]
BaseManagedIdentitySource.d.ts.map [Correcto]
CloudShell.d.ts [Correcto]
CloudShell.d.ts.map [Correcto]
Imds.d.ts [Correcto]
Imds.d.ts.map [Correcto]
MachineLearning.d.ts [Correcto]
MachineLearning.d.ts.map [Correcto]
ServiceFabric.d.ts [Correcto]
ServiceFabric.d.ts.map [Correcto]

 Descomprimiendo archivos en C:\controlab-h\backend\node_modules\@azure\msal-node\types\config\

Configuration.d.ts [Correcto]
Configuration.d.ts.map [Correcto]
ManagedIdentityId.d.ts [Correcto]
ManagedIdentityId.d.ts.map [Correcto]
ManagedIdentityRequestParameters.d.ts [Correcto]
ManagedIdentityRequestParameters.d.ts.map [Correcto]

 Descomprimiendo archivos en C:\controlab-h\backend\node_modules\@azure\msal-node\types\crypto\

CryptoProvider.d.ts [Correcto]
CryptoProvider.d.ts.map [Correcto]
GuidGenerator.d.ts [Correcto]
GuidGenerator.d.ts.map [Correcto]
HashUtils.d.ts [Correcto]
HashUtils.d.ts.map [Correcto]
PkceGenerator.d.ts [Correcto]
PkceGenerator.d.ts.map [Correcto]

 Descomprimiendo archivos en C:\controlab-h\backend\node_modules\@azure\msal-node\types\error\

ClientAuthErrorCodes.d.ts [Correcto]
ClientAuthErrorCodes.d.ts.map [Correcto]
ManagedIdentityError.d.ts [Correcto]
ManagedIdentityError.d.ts.map [Correcto]
ManagedIdentityErrorCodes.d.ts [Correcto]
ManagedIdentityErrorCodes.d.ts.map [Correcto]
NodeAuthError.d.ts [Correcto]
NodeAuthError.d.ts.map [Correcto]

 Descomprimiendo archivos en C:\controlab-h\backend\node_modules\@azure\msal-node\types\network\

HttpClient.d.ts [Correcto]
HttpClient.d.ts.map [Correcto]
HttpClientWithRetries.d.ts [Correcto]
HttpClientWithRetries.d.ts.map [Correcto]
ILoopbackClient.d.ts [Correcto]
ILoopbackClient.d.ts.map [Correcto]
LoopbackClient.d.ts [Correcto]
LoopbackClient.d.ts.map [Correcto]

 Descomprimiendo archivos en C:\controlab-h\backend\node_modules\@azure\msal-node\types\protocol\

Authorize.d.ts [Correcto]
Authorize.d.ts.map [Correcto]

 Descomprimiendo archivos en C:\controlab-h\backend\node_modules\@azure\msal-node\types\request\

AuthorizationCodeRequest.d.ts [Correcto]
AuthorizationCodeRequest.d.ts.map [Correcto]
AuthorizationUrlRequest.d.ts [Correcto]
AuthorizationUrlRequest.d.ts.map [Correcto]
ClientCredentialRequest.d.ts [Correcto]
ClientCredentialRequest.d.ts.map [Correcto]
CommonClientCredentialRequest.d.ts [Correcto]
CommonClientCredentialRequest.d.ts.map [Correcto]
CommonDeviceCodeRequest.d.ts [Correcto]
CommonDeviceCodeRequest.d.ts.map [Correcto]
CommonOnBehalfOfRequest.d.ts [Correcto]
CommonOnBehalfOfRequest.d.ts.map [Correcto]
CommonUserFederatedIdentityCredentialRequest.d.ts [Correcto]
CommonUserFederatedIdentityCredentialRequest.d.ts.map [Correcto]
CommonUsernamePasswordRequest.d.ts [Correcto]
CommonUsernamePasswordRequest.d.ts.map [Correcto]
DeviceCodeRequest.d.ts [Correcto]
DeviceCodeRequest.d.ts.map [Correcto]
InteractiveRequest.d.ts [Correcto]
InteractiveRequest.d.ts.map [Correcto]
ManagedIdentityRequest.d.ts [Correcto]
ManagedIdentityRequest.d.ts.map [Correcto]
ManagedIdentityRequestParams.d.ts [Correcto]
ManagedIdentityRequestParams.d.ts.map [Correcto]
OnBehalfOfRequest.d.ts [Correcto]
OnBehalfOfRequest.d.ts.map [Correcto]
RefreshTokenRequest.d.ts [Correcto]
RefreshTokenRequest.d.ts.map [Correcto]
SignOutRequest.d.ts [Correcto]
SignOutRequest.d.ts.map [Correcto]
SilentFlowRequest.d.ts [Correcto]
SilentFlowRequest.d.ts.map [Correcto]
UserFederatedIdentityCredentialRequest.d.ts [Correcto]
UserFederatedIdentityCredentialRequest.d.ts.map [Correcto]
UsernamePasswordRequest.d.ts [Correcto]
UsernamePasswordRequest.d.ts.map [Correcto]

 Descomprimiendo archivos en C:\controlab-h\backend\node_modules\@azure\msal-node\types\response\

ManagedIdentityTokenResponse.d.ts [Correcto]
ManagedIdentityTokenResponse.d.ts.map [Correcto]

 Descomprimiendo archivos en C:\controlab-h\backend\node_modules\@azure\msal-node\types\retry\

DefaultManagedIdentityRetryPolicy.d.ts [Correcto]
DefaultManagedIdentityRetryPolicy.d.ts.map [Correcto]
ExponentialRetryStrategy.d.ts [Correcto]
ExponentialRetryStrategy.d.ts.map [Correcto]
IHttpRetryPolicy.d.ts [Correcto]
IHttpRetryPolicy.d.ts.map [Correcto]
ImdsRetryPolicy.d.ts [Correcto]
ImdsRetryPolicy.d.ts.map [Correcto]
LinearRetryStrategy.d.ts [Correcto]
LinearRetryStrategy.d.ts.map [Correcto]

 Descomprimiendo archivos en C:\controlab-h\backend\node_modules\@azure\msal-node\types\utils\

Constants.d.ts [Correcto]
Constants.d.ts.map [Correcto]
EncodingUtils.d.ts [Correcto]
EncodingUtils.d.ts.map [Correcto]
NetworkUtils.d.ts [Correcto]
NetworkUtils.d.ts.map [Correcto]
TimeUtils.d.ts [Correcto]
TimeUtils.d.ts.map [Correcto]

 Descomprimiendo archivos en C:\controlab-h\backend\node_modules\@azure-rest\

core-client [Correcto]

 Descomprimiendo archivos en C:\controlab-h\backend\node_modules\@azure-rest\core-client\

dist [Correcto]
LICENSE [Correcto]
package.json [Correcto]
README.md [Correcto]

 Descomprimiendo archivos en C:\controlab-h\backend\node_modules\@azure-rest\core-client\dist\

browser [Correcto]
commonjs [Correcto]
esm [Correcto]
react-native [Correcto]

 Descomprimiendo archivos en C:\controlab-h\backend\node_modules\@azure-rest\core-client\dist\browser\

apiVersionPolicy.d.ts [Correcto]
apiVersionPolicy.js [Correcto]
apiVersionPolicy.js.map [Correcto]
clientHelpers.d.ts [Correcto]
clientHelpers.js [Correcto]
clientHelpers.js.map [Correcto]
common.d.ts [Correcto]
common.js [Correcto]
common.js.map [Correcto]
getBinaryStreamResponse-web.d.mts [Correcto]
getBinaryStreamResponse-web.mjs [Correcto]
getBinaryStreamResponse-web.mjs.map [Correcto]
getClient.d.ts [Correcto]
getClient.js [Correcto]
getClient.js.map [Correcto]
index.d.ts [Correcto]
index.js [Correcto]
index.js.map [Correcto]
keyCredentialAuthenticationPolicy.d.ts [Correcto]
keyCredentialAuthenticationPolicy.js [Correcto]
keyCredentialAuthenticationPolicy.js.map [Correcto]
operationOptionHelpers.d.ts [Correcto]
operationOptionHelpers.js [Correcto]
operationOptionHelpers.js.map [Correcto]
package.json [Correcto]
restError.d.ts [Correcto]
restError.js [Correcto]
restError.js.map [Correcto]
types-web.d.mts [Correcto]
types-web.mjs [Correcto]
types-web.mjs.map [Correcto]

 Descomprimiendo archivos en C:\controlab-h\backend\node_modules\@azure-rest\core-client\dist\commonjs\

apiVersionPolicy.d.ts [Correcto]
apiVersionPolicy.js [Correcto]
apiVersionPolicy.js.map [Correcto]
clientHelpers.d.ts [Correcto]
clientHelpers.js [Correcto]
clientHelpers.js.map [Correcto]
common.d.ts [Correcto]
common.js [Correcto]
common.js.map [Correcto]
getBinaryStreamResponse.d.ts [Correcto]
getBinaryStreamResponse.js [Correcto]
getBinaryStreamResponse.js.map [Correcto]
getClient.d.ts [Correcto]
getClient.js [Correcto]
getClient.js.map [Correcto]
index.d.ts [Correcto]
index.js [Correcto]
index.js.map [Correcto]
keyCredentialAuthenticationPolicy.d.ts [Correcto]
keyCredentialAuthenticationPolicy.js [Correcto]
keyCredentialAuthenticationPolicy.js.map [Correcto]
operationOptionHelpers.d.ts [Correcto]
operationOptionHelpers.js [Correcto]
operationOptionHelpers.js.map [Correcto]
package.json [Correcto]
restError.d.ts [Correcto]
restError.js [Correcto]
restError.js.map [Correcto]
tsdoc-metadata.json [Correcto]
types.d.ts [Correcto]
types.js [Correcto]
types.js.map [Correcto]

 Descomprimiendo archivos en C:\controlab-h\backend\node_modules\@azure-rest\core-client\dist\esm\

apiVersionPolicy.d.ts [Correcto]
apiVersionPolicy.js [Correcto]
apiVersionPolicy.js.map [Correcto]
clientHelpers.d.ts [Correcto]
clientHelpers.js [Correcto]
clientHelpers.js.map [Correcto]
common.d.ts [Correcto]
common.js [Correcto]
common.js.map [Correcto]
getBinaryStreamResponse.d.ts [Correcto]
getBinaryStreamResponse.js [Correcto]
getBinaryStreamResponse.js.map [Correcto]
getClient.d.ts [Correcto]
getClient.js [Correcto]
getClient.js.map [Correcto]
index.d.ts [Correcto]
index.js [Correcto]
index.js.map [Correcto]
keyCredentialAuthenticationPolicy.d.ts [Correcto]
keyCredentialAuthenticationPolicy.js [Correcto]
keyCredentialAuthenticationPolicy.js.map [Correcto]
operationOptionHelpers.d.ts [Correcto]
operationOptionHelpers.js [Correcto]
operationOptionHelpers.js.map [Correcto]
package.json [Correcto]
restError.d.ts [Correcto]
restError.js [Correcto]
restError.js.map [Correcto]
types.d.ts [Correcto]
types.js [Correcto]
types.js.map [Correcto]

 Descomprimiendo archivos en C:\controlab-h\backend\node_modules\@azure-rest\core-client\dist\react-native\

apiVersionPolicy.d.ts [Correcto]
apiVersionPolicy.js [Correcto]
apiVersionPolicy.js.map [Correcto]
clientHelpers.d.ts [Correcto]
clientHelpers.js [Correcto]
clientHelpers.js.map [Correcto]
common.d.ts [Correcto]
common.js [Correcto]
common.js.map [Correcto]
getBinaryStreamResponse-rn.d.mts [Correcto]
getBinaryStreamResponse-rn.mjs [Correcto]
getBinaryStreamResponse-rn.mjs.map [Correcto]
getBinaryStreamResponse-web.d.mts [Correcto]
getBinaryStreamResponse-web.mjs [Correcto]
getBinaryStreamResponse-web.mjs.map [Correcto]
getClient.d.ts [Correcto]
getClient.js [Correcto]
getClient.js.map [Correcto]
index.d.ts [Correcto]
index.js [Correcto]
index.js.map [Correcto]
keyCredentialAuthenticationPolicy.d.ts [Correcto]
keyCredentialAuthenticationPolicy.js [Correcto]
keyCredentialAuthenticationPolicy.js.map [Correcto]
operationOptionHelpers.d.ts [Correcto]
operationOptionHelpers.js [Correcto]
operationOptionHelpers.js.map [Correcto]
package.json [Correcto]
restError.d.ts [Correcto]
restError.js [Correcto]
restError.js.map [Correcto]
types-rn.d.mts [Correcto]
types-rn.mjs [Correcto]
types-rn.mjs.map [Correcto]

 Descomprimiendo archivos en C:\controlab-h\backend\node_modules\@electric-sql\

pglite [Correcto]
pglite-socket [Correcto]
pglite-tools [Correcto]

 Descomprimiendo archivos en C:\controlab-h\backend\node_modules\@electric-sql\pglite\

dist [Correcto]
LICENSE [Correcto]
package.json [Correcto]
README.md [Correcto]

 Descomprimiendo archivos en C:\controlab-h\backend\node_modules\@electric-sql\pglite\dist\

age [Correcto]
age.tar.gz [Correcto]
amcheck.tar.gz [Correcto]
auto_explain.tar.gz [Correcto]
bloom.tar.gz [Correcto]
btree_gin.tar.gz [Correcto]
btree_gist.tar.gz [Correcto]
chunk-AI6QGAXS.js [Correcto]
chunk-AI6QGAXS.js.map [Correcto]
chunk-F4GETNPB.js [Correcto]
chunk-F4GETNPB.js.map [Correcto]
chunk-QDPEV33M.js [Correcto]
chunk-QDPEV33M.js.map [Correcto]
chunk-QWXI4IVL.js [Correcto]
chunk-QWXI4IVL.js.map [Correcto]
chunk-QY3QWFKW.js [Correcto]
chunk-QY3QWFKW.js.map [Correcto]
citext.tar.gz [Correcto]
contrib [Correcto]
cube.tar.gz [Correcto]
dict_int.tar.gz [Correcto]
dict_xsyn.tar.gz [Correcto]
earthdistance.tar.gz [Correcto]
file_fdw.tar.gz [Correcto]
fs [Correcto]
fuzzystrmatch.tar.gz [Correcto]
hstore.tar.gz [Correcto]
index.cjs [Correcto]
index.cjs.map [Correcto]
index.d.cts [Correcto]
index.d.ts [Correcto]
index.js [Correcto]
index.js.map [Correcto]
initdb.js [Correcto]
initdb.wasm [Correcto]
intarray.tar.gz [Correcto]
isn.tar.gz [Correcto]
live [Correcto]
lo.tar.gz [Correcto]
ltree.tar.gz [Correcto]
pageinspect.tar.gz [Correcto]
passwordcheck.tar.gz [Correcto]
pgcrypto.tar.gz [Correcto]
pglite-SIPwY9Cm.d.cts [Correcto]
pglite-SIPwY9Cm.d.ts [Correcto]
pglite.cjs [Correcto]
pglite.data [Correcto]
pglite.js [Correcto]
pglite.wasm [Correcto]
pgtap [Correcto]
pgtap.tar.gz [Correcto]
pg_buffercache.tar.gz [Correcto]
pg_freespacemap.tar.gz [Correcto]
pg_hashids [Correcto]
pg_hashids.tar.gz [Correcto]
pg_ivm [Correcto]
pg_ivm.tar.gz [Correcto]
pg_surgery.tar.gz [Correcto]
pg_textsearch [Correcto]
pg_textsearch.tar.gz [Correcto]
pg_trgm.tar.gz [Correcto]
pg_uuidv7 [Correcto]
pg_uuidv7.tar.gz [Correcto]
pg_visibility.tar.gz [Correcto]
pg_walinspect.tar.gz [Correcto]
postgres_fdw.tar.gz [Correcto]
seg.tar.gz [Correcto]
tablefunc.tar.gz [Correcto]
tcn.tar.gz [Correcto]
templating.cjs [Correcto]
templating.cjs.map [Correcto]
templating.d.cts [Correcto]
templating.d.ts [Correcto]
templating.js [Correcto]
templating.js.map [Correcto]
tsm_system_rows.tar.gz [Correcto]
tsm_system_time.tar.gz [Correcto]
unaccent.tar.gz [Correcto]
uuid-ossp.tar.gz [Correcto]
vector [Correcto]
vector.tar.gz [Correcto]
worker [Correcto]

 Descomprimiendo archivos en C:\controlab-h\backend\node_modules\@electric-sql\pglite\dist\age\

index.cjs [Correcto]
index.cjs.map [Correcto]
index.d.cts [Correcto]
index.d.ts [Correcto]
index.js [Correcto]
index.js.map [Correcto]

 Descomprimiendo archivos en C:\controlab-h\backend\node_modules\@electric-sql\pglite\dist\contrib\

amcheck.cjs [Correcto]
amcheck.cjs.map [Correcto]
amcheck.d.cts [Correcto]
amcheck.d.ts [Correcto]
amcheck.js [Correcto]
amcheck.js.map [Correcto]
auto_explain.cjs [Correcto]
auto_explain.cjs.map [Correcto]
auto_explain.d.cts [Correcto]
auto_explain.d.ts [Correcto]
auto_explain.js [Correcto]
auto_explain.js.map [Correcto]
bloom.cjs [Correcto]
bloom.cjs.map [Correcto]
bloom.d.cts [Correcto]
bloom.d.ts [Correcto]
bloom.js [Correcto]
bloom.js.map [Correcto]
btree_gin.cjs [Correcto]
btree_gin.cjs.map [Correcto]
btree_gin.d.cts [Correcto]
btree_gin.d.ts [Correcto]
btree_gin.js [Correcto]
btree_gin.js.map [Correcto]
btree_gist.cjs [Correcto]
btree_gist.cjs.map [Correcto]
btree_gist.d.cts [Correcto]
btree_gist.d.ts [Correcto]
btree_gist.js [Correcto]
btree_gist.js.map [Correcto]
citext.cjs [Correcto]
citext.cjs.map [Correcto]
citext.d.cts [Correcto]
citext.d.ts [Correcto]
citext.js [Correcto]
citext.js.map [Correcto]
cube.cjs [Correcto]
cube.cjs.map [Correcto]
cube.d.cts [Correcto]
cube.d.ts [Correcto]
cube.js [Correcto]
cube.js.map [Correcto]
dict_int.cjs [Correcto]
dict_int.cjs.map [Correcto]
dict_int.d.cts [Correcto]
dict_int.d.ts [Correcto]
dict_int.js [Correcto]
dict_int.js.map [Correcto]
dict_xsyn.cjs [Correcto]
dict_xsyn.cjs.map [Correcto]
dict_xsyn.d.cts [Correcto]
dict_xsyn.d.ts [Correcto]
dict_xsyn.js [Correcto]
dict_xsyn.js.map [Correcto]
earthdistance.cjs [Correcto]
earthdistance.cjs.map [Correcto]
earthdistance.d.cts [Correcto]
earthdistance.d.ts [Correcto]
earthdistance.js [Correcto]
earthdistance.js.map [Correcto]
file_fdw.cjs [Correcto]
file_fdw.cjs.map [Correcto]
file_fdw.d.cts [Correcto]
file_fdw.d.ts [Correcto]
file_fdw.js [Correcto]
file_fdw.js.map [Correcto]
fuzzystrmatch.cjs [Correcto]
fuzzystrmatch.cjs.map [Correcto]
fuzzystrmatch.d.cts [Correcto]
fuzzystrmatch.d.ts [Correcto]
fuzzystrmatch.js [Correcto]
fuzzystrmatch.js.map [Correcto]
hstore.cjs [Correcto]
hstore.cjs.map [Correcto]
hstore.d.cts [Correcto]
hstore.d.ts [Correcto]
hstore.js [Correcto]
hstore.js.map [Correcto]
intarray.cjs [Correcto]
intarray.cjs.map [Correcto]
intarray.d.cts [Correcto]
intarray.d.ts [Correcto]
intarray.js [Correcto]
intarray.js.map [Correcto]
isn.cjs [Correcto]
isn.cjs.map [Correcto]
isn.d.cts [Correcto]
isn.d.ts [Correcto]
isn.js [Correcto]
isn.js.map [Correcto]
lo.cjs [Correcto]
lo.cjs.map [Correcto]
lo.d.cts [Correcto]
lo.d.ts [Correcto]
lo.js [Correcto]
lo.js.map [Correcto]
ltree.cjs [Correcto]
ltree.cjs.map [Correcto]
ltree.d.cts [Correcto]
ltree.d.ts [Correcto]
ltree.js [Correcto]
ltree.js.map [Correcto]
pageinspect.cjs [Correcto]
pageinspect.cjs.map [Correcto]
pageinspect.d.cts [Correcto]
pageinspect.d.ts [Correcto]
pageinspect.js [Correcto]
pageinspect.js.map [Correcto]
pgcrypto.cjs [Correcto]
pgcrypto.cjs.map [Correcto]
pgcrypto.d.cts [Correcto]
pgcrypto.d.ts [Correcto]
pgcrypto.js [Correcto]
pgcrypto.js.map [Correcto]
pg_buffercache.cjs [Correcto]
pg_buffercache.cjs.map [Correcto]
pg_buffercache.d.cts [Correcto]
pg_buffercache.d.ts [Correcto]
pg_buffercache.js [Correcto]
pg_buffercache.js.map [Correcto]
pg_freespacemap.cjs [Correcto]
pg_freespacemap.cjs.map [Correcto]
pg_freespacemap.d.cts [Correcto]
pg_freespacemap.d.ts [Correcto]
pg_freespacemap.js [Correcto]
pg_freespacemap.js.map [Correcto]
pg_surgery.cjs [Correcto]
pg_surgery.cjs.map [Correcto]
pg_surgery.d.cts [Correcto]
pg_surgery.d.ts [Correcto]
pg_surgery.js [Correcto]
pg_surgery.js.map [Correcto]
pg_trgm.cjs [Correcto]
pg_trgm.cjs.map [Correcto]
pg_trgm.d.cts [Correcto]
pg_trgm.d.ts [Correcto]
pg_trgm.js [Correcto]
pg_trgm.js.map [Correcto]
pg_visibility.cjs [Correcto]
pg_visibility.cjs.map [Correcto]
pg_visibility.d.cts [Correcto]
pg_visibility.d.ts [Correcto]
pg_visibility.js [Correcto]
pg_visibility.js.map [Correcto]
pg_walinspect.cjs [Correcto]
pg_walinspect.cjs.map [Correcto]
pg_walinspect.d.cts [Correcto]
pg_walinspect.d.ts [Correcto]
pg_walinspect.js [Correcto]
pg_walinspect.js.map [Correcto]
seg.cjs [Correcto]
seg.cjs.map [Correcto]
seg.d.cts [Correcto]
seg.d.ts [Correcto]
seg.js [Correcto]
seg.js.map [Correcto]
tablefunc.cjs [Correcto]
tablefunc.cjs.map [Correcto]
tablefunc.d.cts [Correcto]
tablefunc.d.ts [Correcto]
tablefunc.js [Correcto]
tablefunc.js.map [Correcto]
tcn.cjs [Correcto]
tcn.cjs.map [Correcto]
tcn.d.cts [Correcto]
tcn.d.ts [Correcto]
tcn.js [Correcto]
tcn.js.map [Correcto]
tsm_system_rows.cjs [Correcto]
tsm_system_rows.cjs.map [Correcto]
tsm_system_rows.d.cts [Correcto]
tsm_system_rows.d.ts [Correcto]
tsm_system_rows.js [Correcto]
tsm_system_rows.js.map [Correcto]
tsm_system_time.cjs [Correcto]
tsm_system_time.cjs.map [Correcto]
tsm_system_time.d.cts [Correcto]
tsm_system_time.d.ts [Correcto]
tsm_system_time.js [Correcto]
tsm_system_time.js.map [Correcto]
unaccent.cjs [Correcto]
unaccent.cjs.map [Correcto]
unaccent.d.cts [Correcto]
unaccent.d.ts [Correcto]
unaccent.js [Correcto]
unaccent.js.map [Correcto]
uuid_ossp.cjs [Correcto]
uuid_ossp.cjs.map [Correcto]
uuid_ossp.d.cts [Correcto]
uuid_ossp.d.ts [Correcto]
uuid_ossp.js [Correcto]
uuid_ossp.js.map [Correcto]

 Descomprimiendo archivos en C:\controlab-h\backend\node_modules\@electric-sql\pglite\dist\fs\

base.cjs [Correcto]
base.cjs.map [Correcto]
base.d.cts [Correcto]
base.d.ts [Correcto]
base.js [Correcto]
base.js.map [Correcto]
nodefs.cjs [Correcto]
nodefs.cjs.map [Correcto]
nodefs.d.cts [Correcto]
nodefs.d.ts [Correcto]
nodefs.js [Correcto]
nodefs.js.map [Correcto]
opfs-ahp.cjs [Correcto]
opfs-ahp.cjs.map [Correcto]
opfs-ahp.d.cts [Correcto]
opfs-ahp.d.ts [Correcto]
opfs-ahp.js [Correcto]
opfs-ahp.js.map [Correcto]

 Descomprimiendo archivos en C:\controlab-h\backend\node_modules\@electric-sql\pglite\dist\live\

index.cjs [Correcto]
index.cjs.map [Correcto]
index.d.cts [Correcto]
index.d.ts [Correcto]
index.js [Correcto]
index.js.map [Correcto]

 Descomprimiendo archivos en C:\controlab-h\backend\node_modules\@electric-sql\pglite\dist\pgtap\

index.cjs [Correcto]
index.cjs.map [Correcto]
index.d.cts [Correcto]
index.d.ts [Correcto]
index.js [Correcto]
index.js.map [Correcto]

 Descomprimiendo archivos en C:\controlab-h\backend\node_modules\@electric-sql\pglite\dist\pg_hashids\

index.cjs [Correcto]
index.cjs.map [Correcto]
index.d.cts [Correcto]
index.d.ts [Correcto]
index.js [Correcto]
index.js.map [Correcto]

 Descomprimiendo archivos en C:\controlab-h\backend\node_modules\@electric-sql\pglite\dist\pg_ivm\

index.cjs [Correcto]
index.cjs.map [Correcto]
index.d.cts [Correcto]
index.d.ts [Correcto]
index.js [Correcto]
index.js.map [Correcto]

 Descomprimiendo archivos en C:\controlab-h\backend\node_modules\@electric-sql\pglite\dist\pg_textsearch\

index.cjs [Correcto]
index.cjs.map [Correcto]
index.d.cts [Correcto]
index.d.ts [Correcto]
index.js [Correcto]
index.js.map [Correcto]

 Descomprimiendo archivos en C:\controlab-h\backend\node_modules\@electric-sql\pglite\dist\pg_uuidv7\

index.cjs [Correcto]
index.cjs.map [Correcto]
index.d.cts [Correcto]
index.d.ts [Correcto]
index.js [Correcto]
index.js.map [Correcto]

 Descomprimiendo archivos en C:\controlab-h\backend\node_modules\@electric-sql\pglite\dist\vector\

index.cjs [Correcto]
index.cjs.map [Correcto]
index.d.cts [Correcto]
index.d.ts [Correcto]
index.js [Correcto]
index.js.map [Correcto]

 Descomprimiendo archivos en C:\controlab-h\backend\node_modules\@electric-sql\pglite\dist\worker\

index.cjs [Correcto]
index.cjs.map [Correcto]
index.d.cts [Correcto]
index.d.ts [Correcto]
index.js [Correcto]
index.js.map [Correcto]

 Descomprimiendo archivos en C:\controlab-h\backend\node_modules\@electric-sql\pglite-socket\

CHANGELOG.md [Correcto]
dist [Correcto]
eslint.config.js [Correcto]
examples [Correcto]
LICENSE [Correcto]
package.json [Correcto]
README.md [Correcto]
src [Correcto]
tests [Correcto]
tsconfig.json [Correcto]
tsup.config.ts [Correcto]
vitest.config.ts [Correcto]

 Descomprimiendo archivos en C:\controlab-h\backend\node_modules\@electric-sql\pglite-socket\dist\

chunk-NSUMFCRM.js [Correcto]
chunk-NSUMFCRM.js.map [Correcto]
index.cjs [Correcto]
index.cjs.map [Correcto]
index.d.cts [Correcto]
index.d.ts [Correcto]
index.js [Correcto]
index.js.map [Correcto]
scripts [Correcto]

 Descomprimiendo archivos en C:\controlab-h\backend\node_modules\@electric-sql\pglite-socket\dist\scripts\

server.cjs [Correcto]
server.cjs.map [Correcto]
server.d.cts [Correcto]
server.d.ts [Correcto]
server.js [Correcto]
server.js.map [Correcto]

 Descomprimiendo archivos en C:\controlab-h\backend\node_modules\@electric-sql\pglite-socket\examples\

basic-server.ts [Correcto]

 Descomprimiendo archivos en C:\controlab-h\backend\node_modules\@electric-sql\pglite-socket\src\

index.ts [Correcto]
scripts [Correcto]

 Descomprimiendo archivos en C:\controlab-h\backend\node_modules\@electric-sql\pglite-socket\src\scripts\

server.ts [Correcto]

 Descomprimiendo archivos en C:\controlab-h\backend\node_modules\@electric-sql\pglite-socket\tests\

index.test.ts [Correcto]
query-with-node-pg.test.ts [Correcto]
query-with-postgres-js.test.ts [Correcto]
server.test.ts [Correcto]

 Descomprimiendo archivos en C:\controlab-h\backend\node_modules\@electric-sql\pglite-tools\

CHANGELOG.md [Correcto]
dist [Correcto]
eslint.config.js [Correcto]
LICENSE [Correcto]
package.json [Correcto]
README.md [Correcto]
src [Correcto]
tests [Correcto]
tsconfig.json [Correcto]
tsup.config.ts [Correcto]
vitest.config.ts [Correcto]

 Descomprimiendo archivos en C:\controlab-h\backend\node_modules\@electric-sql\pglite-tools\dist\

chunk-J4ZYQ47G.js [Correcto]
chunk-J4ZYQ47G.js.map [Correcto]
index.cjs [Correcto]
index.cjs.map [Correcto]
index.d.cts [Correcto]
index.d.ts [Correcto]
index.js [Correcto]
index.js.map [Correcto]
pg_dump.cjs [Correcto]
pg_dump.cjs.map [Correcto]
pg_dump.d.cts [Correcto]
pg_dump.d.ts [Correcto]
pg_dump.js [Correcto]
pg_dump.js.map [Correcto]
pg_dump.wasm [Correcto]

 Descomprimiendo archivos en C:\controlab-h\backend\node_modules\@electric-sql\pglite-tools\src\

index.ts [Correcto]
pgDumpModFactory.ts [Correcto]
pg_dump.ts [Correcto]

 Descomprimiendo archivos en C:\controlab-h\backend\node_modules\@electric-sql\pglite-tools\tests\

pg_dump.test.ts [Correcto]
setup.ts [Correcto]

 Descomprimiendo archivos en C:\controlab-h\backend\node_modules\@hono\

node-server [Correcto]

 Descomprimiendo archivos en C:\controlab-h\backend\node_modules\@hono\node-server\

dist [Correcto]
LICENSE [Correcto]
package.json [Correcto]
README.md [Correcto]

 Descomprimiendo archivos en C:\controlab-h\backend\node_modules\@hono\node-server\dist\

conninfo.d.mts [Correcto]
conninfo.d.ts [Correcto]
conninfo.js [Correcto]
conninfo.mjs [Correcto]
globals.d.mts [Correcto]
globals.d.ts [Correcto]
globals.js [Correcto]
globals.mjs [Correcto]
index.d.mts [Correcto]
index.d.ts [Correcto]
index.js [Correcto]
index.mjs [Correcto]
listener.d.mts [Correcto]
listener.d.ts [Correcto]
listener.js [Correcto]
listener.mjs [Correcto]
request.d.mts [Correcto]
request.d.ts [Correcto]
request.js [Correcto]
request.mjs [Correcto]
response.d.mts [Correcto]
response.d.ts [Correcto]
response.js [Correcto]
response.mjs [Correcto]
serve-static.d.mts [Correcto]
serve-static.d.ts [Correcto]
serve-static.js [Correcto]
serve-static.mjs [Correcto]
server.d.mts [Correcto]
server.d.ts [Correcto]
server.js [Correcto]
server.mjs [Correcto]
types.d.mts [Correcto]
types.d.ts [Correcto]
types.js [Correcto]
types.mjs [Correcto]
utils [Correcto]
utils.d.mts [Correcto]
utils.d.ts [Correcto]
utils.js [Correcto]
utils.mjs [Correcto]
vercel.d.mts [Correcto]
vercel.d.ts [Correcto]
vercel.js [Correcto]
vercel.mjs [Correcto]

 Descomprimiendo archivos en C:\controlab-h\backend\node_modules\@hono\node-server\dist\utils\

response [Correcto]
response.d.mts [Correcto]
response.d.ts [Correcto]
response.js [Correcto]
response.mjs [Correcto]

 Descomprimiendo archivos en C:\controlab-h\backend\node_modules\@hono\node-server\dist\utils\response\

constants.d.mts [Correcto]
constants.d.ts [Correcto]
constants.js [Correcto]
constants.mjs [Correcto]

 Descomprimiendo archivos en C:\controlab-h\backend\node_modules\@js-joda\

core [Correcto]

 Descomprimiendo archivos en C:\controlab-h\backend\node_modules\@js-joda\core\

CHANGELOG.md [Correcto]
dist [Correcto]
LICENSE [Correcto]
package.json [Correcto]
README.md [Correcto]
src [Correcto]
typings [Correcto]

 Descomprimiendo archivos en C:\controlab-h\backend\node_modules\@js-joda\core\dist\

js-joda.cjs.js [Correcto]
js-joda.cjs.js.map [Correcto]
js-joda.esm.js [Correcto]
js-joda.esm.js.map [Correcto]
js-joda.js [Correcto]
js-joda.js.map [Correcto]
js-joda.min.js [Correcto]

 Descomprimiendo archivos en C:\controlab-h\backend\node_modules\@js-joda\core\src\

assert.js [Correcto]
chrono [Correcto]
Clock.js [Correcto]
convert.js [Correcto]
DayOfWeek.js [Correcto]
Duration.js [Correcto]
Enum.js [Correcto]
errors.js [Correcto]
format [Correcto]
Instant.js [Correcto]
js-joda.js [Correcto]
LocalDate.js [Correcto]
LocalDateTime.js [Correcto]
LocalTime.js [Correcto]
MathUtil.js [Correcto]
Month.js [Correcto]
MonthDay.js [Correcto]
nativeJs.js [Correcto]
OffsetDateTime.js [Correcto]
OffsetTime.js [Correcto]
Period.js [Correcto]
StringUtil.js [Correcto]
temporal [Correcto]
use.js [Correcto]
Year.js [Correcto]
YearConstants.js [Correcto]
YearMonth.js [Correcto]
zone [Correcto]
ZonedDateTime.js [Correcto]
ZoneId.js [Correcto]
ZoneIdFactory.js [Correcto]
ZoneOffset.js [Correcto]
ZoneRegion.js [Correcto]
_init.js [Correcto]

 Descomprimiendo archivos en C:\controlab-h\backend\node_modules\@js-joda\core\src\chrono\

ChronoLocalDate.js [Correcto]
ChronoLocalDateTime.js [Correcto]
ChronoZonedDateTime.js [Correcto]
IsoChronology.js [Correcto]

 Descomprimiendo archivos en C:\controlab-h\backend\node_modules\@js-joda\core\src\format\

DateTimeBuilder.js [Correcto]
DateTimeFormatter.js [Correcto]
DateTimeFormatterBuilder.js [Correcto]
DateTimeParseContext.js [Correcto]
DateTimePrintContext.js [Correcto]
DecimalStyle.js [Correcto]
EnumMap.js [Correcto]
ParsePosition.js [Correcto]
parser [Correcto]
ResolverStyle.js [Correcto]
SignStyle.js [Correcto]
StringBuilder.js [Correcto]
TextStyle.js [Correcto]

 Descomprimiendo archivos en C:\controlab-h\backend\node_modules\@js-joda\core\src\format\parser\

CharLiteralPrinterParser.js [Correcto]
CompositePrinterParser.js [Correcto]
FractionPrinterParser.js [Correcto]
NumberPrinterParser.js [Correcto]
OffsetIdPrinterParser.js [Correcto]
PadPrinterParserDecorator.js [Correcto]
SettingsParser.js [Correcto]
StringLiteralPrinterParser.js [Correcto]
ZoneIdPrinterParser.js [Correcto]

 Descomprimiendo archivos en C:\controlab-h\backend\node_modules\@js-joda\core\src\temporal\

ChronoField.js [Correcto]
ChronoUnit.js [Correcto]
IsoFields.js [Correcto]
Temporal.js [Correcto]
TemporalAccessor.js [Correcto]
TemporalAdjuster.js [Correcto]
TemporalAdjusters.js [Correcto]
TemporalAmount.js [Correcto]
TemporalField.js [Correcto]
TemporalQueries.js [Correcto]
TemporalQueriesFactory.js [Correcto]
TemporalQuery.js [Correcto]
TemporalUnit.js [Correcto]
ValueRange.js [Correcto]

 Descomprimiendo archivos en C:\controlab-h\backend\node_modules\@js-joda\core\src\zone\

SystemDefaultZoneId.js [Correcto]
SystemDefaultZoneRules.js [Correcto]
ZoneOffsetTransition.js [Correcto]
ZoneRules.js [Correcto]
ZoneRulesProvider.js [Correcto]

 Descomprimiendo archivos en C:\controlab-h\backend\node_modules\@js-joda\core\typings\

js-joda.d.ts [Correcto]
js-joda.flow.js [Correcto]

 Descomprimiendo archivos en C:\controlab-h\backend\node_modules\@kurkle\

color [Correcto]

 Descomprimiendo archivos en C:\controlab-h\backend\node_modules\@kurkle\color\

dist [Correcto]
LICENSE.md [Correcto]
package.json [Correcto]
README.md [Correcto]

 Descomprimiendo archivos en C:\controlab-h\backend\node_modules\@kurkle\color\dist\

color.cjs [Correcto]
color.d.ts [Correcto]
color.esm.js [Correcto]
color.min.js [Correcto]
color.min.js.map [Correcto]

 Descomprimiendo archivos en C:\controlab-h\backend\node_modules\@prisma\

config [Correcto]
debug [Correcto]
dev [Correcto]
engines [Correcto]
engines-version [Correcto]
fetch-engine [Correcto]
get-platform [Correcto]
query-plan-executor [Correcto]
streams-local [Correcto]
studio-core [Correcto]

 Descomprimiendo archivos en C:\controlab-h\backend\node_modules\@prisma\config\

dist [Correcto]
LICENSE [Correcto]
package.json [Correcto]

 Descomprimiendo archivos en C:\controlab-h\backend\node_modules\@prisma\config\dist\

index.d.ts [Correcto]
index.js [Correcto]

 Descomprimiendo archivos en C:\controlab-h\backend\node_modules\@prisma\debug\

dist [Correcto]
LICENSE [Correcto]
package.json [Correcto]
README.md [Correcto]

 Descomprimiendo archivos en C:\controlab-h\backend\node_modules\@prisma\debug\dist\

index.d.mts [Correcto]
index.d.ts [Correcto]
index.js [Correcto]
index.mjs [Correcto]
util.d.ts [Correcto]

 Descomprimiendo archivos en C:\controlab-h\backend\node_modules\@prisma\dev\

dist [Correcto]
package.json [Correcto]

 Descomprimiendo archivos en C:\controlab-h\backend\node_modules\@prisma\dev\dist\

accelerate-HWGEFOM5.js [Correcto]
chunk-2O6J3K3T.js [Correcto]
chunk-62DM64XC.js [Correcto]
chunk-CC3P7GPW.js [Correcto]
chunk-DWY47FQV.js [Correcto]
chunk-TF5C7XJX.js [Correcto]
chunk-X3G665AK.js [Correcto]
chunk-YL6J3L2T.js [Correcto]
daemon.cjs [Correcto]
daemon.d.cts [Correcto]
daemon.d.ts [Correcto]
daemon.js [Correcto]
db.cjs [Correcto]
db.d.cts [Correcto]
db.d.ts [Correcto]
db.js [Correcto]
index.cjs [Correcto]
index.d.cts [Correcto]
index.d.ts [Correcto]
index.js [Correcto]
runtime-assets [Correcto]
runtime-assets-manifest.bun.js [Correcto]
runtime-assets.cjs [Correcto]
runtime-assets.d.cts [Correcto]
runtime-assets.d.ts [Correcto]
runtime-assets.js [Correcto]
state-DTMxyzXf.d.cts [Correcto]
state-DTMxyzXf.d.ts [Correcto]
state.cjs [Correcto]
state.d.cts [Correcto]
state.d.ts [Correcto]
state.js [Correcto]
utility-Q5A254LJ.js [Correcto]

 Descomprimiendo archivos en C:\controlab-h\backend\node_modules\@prisma\dev\dist\runtime-assets\

amcheck.tar.gz [Correcto]
bloom.tar.gz [Correcto]
btree_gin.tar.gz [Correcto]
btree_gist.tar.gz [Correcto]
citext.tar.gz [Correcto]
cube.tar.gz [Correcto]
dict_int.tar.gz [Correcto]
dict_xsyn.tar.gz [Correcto]
earthdistance.tar.gz [Correcto]
file_fdw.tar.gz [Correcto]
fuzzystrmatch.tar.gz [Correcto]
hstore.tar.gz [Correcto]
initdb.wasm [Correcto]
intarray.tar.gz [Correcto]
isn.tar.gz [Correcto]
lo.tar.gz [Correcto]
ltree.tar.gz [Correcto]
pageinspect.tar.gz [Correcto]
pglite.data [Correcto]
pglite.wasm [Correcto]
pg_buffercache.tar.gz [Correcto]
pg_freespacemap.tar.gz [Correcto]
pg_surgery.tar.gz [Correcto]
pg_trgm.tar.gz [Correcto]
pg_visibility.tar.gz [Correcto]
pg_walinspect.tar.gz [Correcto]
seg.tar.gz [Correcto]
tablefunc.tar.gz [Correcto]
tcn.tar.gz [Correcto]
tsm_system_rows.tar.gz [Correcto]
tsm_system_time.tar.gz [Correcto]
unaccent.tar.gz [Correcto]
uuid-ossp.tar.gz [Correcto]
vector.tar.gz [Correcto]

 Descomprimiendo archivos en C:\controlab-h\backend\node_modules\@prisma\engines\

dist [Correcto]
LICENSE [Correcto]
node_modules [Correcto]
package.json [Correcto]
README.md [Correcto]
schema-engine-windows.exe [Correcto]
scripts [Correcto]

 Descomprimiendo archivos en C:\controlab-h\backend\node_modules\@prisma\engines\dist\

index.d.ts [Correcto]
index.js [Correcto]
scripts [Correcto]

 Descomprimiendo archivos en C:\controlab-h\backend\node_modules\@prisma\engines\dist\scripts\

localinstall.d.ts [Correcto]
localinstall.js [Correcto]
postinstall.d.ts [Correcto]
postinstall.js [Correcto]

 Descomprimiendo archivos en C:\controlab-h\backend\node_modules\@prisma\engines\node_modules\

.cache [Correcto]
@prisma [Correcto]

 Descomprimiendo archivos en C:\controlab-h\backend\node_modules\@prisma\engines\node_modules\.cache\

prisma [Correcto]

 Descomprimiendo archivos en C:\controlab-h\backend\node_modules\@prisma\engines\node_modules\.cache\prisma\

master [Correcto]

 Descomprimiendo archivos en C:\controlab-h\backend\node_modules\@prisma\engines\node_modules\.cache\prisma\master\

3c6e192761c0362d496ed980de936e2f3cebcd3a [Correcto]

 Descomprimiendo archivos en C:\controlab-h\backend\node_modules\@prisma\engines\node_modules\.cache\prisma\master\3c6e192761c0362d496ed980de936e2f3cebcd3a\

windows [Correcto]

 Descomprimiendo archivos en C:\controlab-h\backend\node_modules\@prisma\engines\node_modules\.cache\prisma\master\3c6e192761c0362d496ed980de936e2f3cebcd3a\windows\

schema-engine [Correcto]
schema-engine.gz.sha256 [Correcto]
schema-engine.sha256 [Correcto]

 Descomprimiendo archivos en C:\controlab-h\backend\node_modules\@prisma\engines\node_modules\@prisma\

get-platform [Correcto]

 Descomprimiendo archivos en C:\controlab-h\backend\node_modules\@prisma\engines\node_modules\@prisma\get-platform\

dist [Correcto]
LICENSE [Correcto]
package.json [Correcto]
README.md [Correcto]

 Descomprimiendo archivos en C:\controlab-h\backend\node_modules\@prisma\engines\node_modules\@prisma\get-platform\dist\

binaryTargets.d.ts [Correcto]
binaryTargets.js [Correcto]
chunk-2ESYSVXG.js [Correcto]
chunk-6HZWON4S.js [Correcto]
chunk-7MLUNQIZ.js [Correcto]
chunk-7PMGXL6S.js [Correcto]
chunk-FWMN4WME.js [Correcto]
chunk-IL63DMPY.js [Correcto]
chunk-IPLRRT6O.js [Correcto]
chunk-M5T7GI2R.js [Correcto]
chunk-WFCM4MDC.js [Correcto]
chunk-YVXCXD3A.js [Correcto]
getPlatform.d.ts [Correcto]
getPlatform.js [Correcto]
index.d.ts [Correcto]
index.js [Correcto]
link.d.ts [Correcto]
link.js [Correcto]
logger.d.ts [Correcto]
logger.js [Correcto]
magic-string.es-SDTMJBWP.js [Correcto]
test-utils [Correcto]

 Descomprimiendo archivos en C:\controlab-h\backend\node_modules\@prisma\engines\node_modules\@prisma\get-platform\dist\test-utils\

binaryTargetRegex.d.ts [Correcto]
binaryTargetRegex.js [Correcto]
index.d.ts [Correcto]
index.js [Correcto]
jestContext.d.ts [Correcto]
jestContext.js [Correcto]
jestSnapshotSerializer.js [Correcto]
vitest-snapshot-serializer.d.ts [Correcto]
vitest-snapshot-serializer.js [Correcto]
vitestContext.d.ts [Correcto]
vitestContext.js [Correcto]

 Descomprimiendo archivos en C:\controlab-h\backend\node_modules\@prisma\engines\scripts\

postinstall.js [Correcto]

 Descomprimiendo archivos en C:\controlab-h\backend\node_modules\@prisma\engines-version\

index.d.ts [Correcto]
index.js [Correcto]
LICENSE [Correcto]
package.json [Correcto]
README.md [Correcto]

 Descomprimiendo archivos en C:\controlab-h\backend\node_modules\@prisma\fetch-engine\

dist [Correcto]
LICENSE [Correcto]
node_modules [Correcto]
package.json [Correcto]
README.md [Correcto]

 Descomprimiendo archivos en C:\controlab-h\backend\node_modules\@prisma\fetch-engine\dist\

BinaryType.d.ts [Correcto]
BinaryType.js [Correcto]
chmodPlusX.d.ts [Correcto]
chmodPlusX.js [Correcto]
chunk-2ESYSVXG.js [Correcto]
chunk-2S6LPEDI.js [Correcto]
chunk-5564WBCW.js [Correcto]
chunk-66KG5WKV.js [Correcto]
chunk-7AOUSONO.js [Correcto]
chunk-7JLQJWOR.js [Correcto]
chunk-CTLNI6CP.js [Correcto]
chunk-FKGWOTGU.js [Correcto]
chunk-JZJA4MCU.js [Correcto]
chunk-NT25DW6B.js [Correcto]
chunk-PPMPTC6J.js [Correcto]
chunk-VLGS4WJI.js [Correcto]
chunk-VZAJWRDF.js [Correcto]
chunk-XNR2KDTK.js [Correcto]
cleanupCache.d.ts [Correcto]
cleanupCache.js [Correcto]
download.d.ts [Correcto]
download.js [Correcto]
downloadZip.d.ts [Correcto]
downloadZip.js [Correcto]
env.d.ts [Correcto]
env.js [Correcto]
getHash.d.ts [Correcto]
getHash.js [Correcto]
getProxyAgent.d.ts [Correcto]
getProxyAgent.js [Correcto]
index.d.ts [Correcto]
index.js [Correcto]
log.d.ts [Correcto]
log.js [Correcto]
multipart-parser-3E7JBBYS.js [Correcto]
utils.d.ts [Correcto]
utils.js [Correcto]

 Descomprimiendo archivos en C:\controlab-h\backend\node_modules\@prisma\fetch-engine\node_modules\

@prisma [Correcto]

 Descomprimiendo archivos en C:\controlab-h\backend\node_modules\@prisma\fetch-engine\node_modules\@prisma\

get-platform [Correcto]

 Descomprimiendo archivos en C:\controlab-h\backend\node_modules\@prisma\fetch-engine\node_modules\@prisma\get-platform\

dist [Correcto]
LICENSE [Correcto]
package.json [Correcto]
README.md [Correcto]

 Descomprimiendo archivos en C:\controlab-h\backend\node_modules\@prisma\fetch-engine\node_modules\@prisma\get-platform\dist\

binaryTargets.d.ts [Correcto]
binaryTargets.js [Correcto]
chunk-2ESYSVXG.js [Correcto]
chunk-6HZWON4S.js [Correcto]
chunk-7MLUNQIZ.js [Correcto]
chunk-7PMGXL6S.js [Correcto]
chunk-FWMN4WME.js [Correcto]
chunk-IL63DMPY.js [Correcto]
chunk-IPLRRT6O.js [Correcto]
chunk-M5T7GI2R.js [Correcto]
chunk-WFCM4MDC.js [Correcto]
chunk-YVXCXD3A.js [Correcto]
getPlatform.d.ts [Correcto]
getPlatform.js [Correcto]
index.d.ts [Correcto]
index.js [Correcto]
link.d.ts [Correcto]
link.js [Correcto]
logger.d.ts [Correcto]
logger.js [Correcto]
magic-string.es-SDTMJBWP.js [Correcto]
test-utils [Correcto]

 Descomprimiendo archivos en C:\controlab-h\backend\node_modules\@prisma\fetch-engine\node_modules\@prisma\get-platform\dist\test-utils\

binaryTargetRegex.d.ts [Correcto]
binaryTargetRegex.js [Correcto]
index.d.ts [Correcto]
index.js [Correcto]
jestContext.d.ts [Correcto]
jestContext.js [Correcto]
jestSnapshotSerializer.js [Correcto]
vitest-snapshot-serializer.d.ts [Correcto]
vitest-snapshot-serializer.js [Correcto]
vitestContext.d.ts [Correcto]
vitestContext.js [Correcto]

 Descomprimiendo archivos en C:\controlab-h\backend\node_modules\@prisma\get-platform\

dist [Correcto]
LICENSE [Correcto]
node_modules [Correcto]
package.json [Correcto]
README.md [Correcto]

 Descomprimiendo archivos en C:\controlab-h\backend\node_modules\@prisma\get-platform\dist\

binaryTargets.d.ts [Correcto]
binaryTargets.js [Correcto]
chunk-2ESYSVXG.js [Correcto]
chunk-3UEKS5W6.js [Correcto]
chunk-6HZWON4S.js [Correcto]
chunk-7MLUNQIZ.js [Correcto]
chunk-7PMGXL6S.js [Correcto]
chunk-FWMN4WME.js [Correcto]
chunk-GGL63BNP.js [Correcto]
chunk-IPLRRT6O.js [Correcto]
chunk-M5T7GI2R.js [Correcto]
chunk-YVXCXD3A.js [Correcto]
getPlatform.d.ts [Correcto]
getPlatform.js [Correcto]
index.d.ts [Correcto]
index.js [Correcto]
link.d.ts [Correcto]
link.js [Correcto]
logger.d.ts [Correcto]
logger.js [Correcto]
magic-string.es-3WRPFX2A.js [Correcto]
test-utils [Correcto]

 Descomprimiendo archivos en C:\controlab-h\backend\node_modules\@prisma\get-platform\dist\test-utils\

binaryTargetRegex.d.ts [Correcto]
binaryTargetRegex.js [Correcto]
index.d.ts [Correcto]
index.js [Correcto]
jestContext.d.ts [Correcto]
jestContext.js [Correcto]
jestSnapshotSerializer.js [Correcto]
vitestContext.d.ts [Correcto]
vitestContext.js [Correcto]

 Descomprimiendo archivos en C:\controlab-h\backend\node_modules\@prisma\get-platform\node_modules\

@prisma [Correcto]

 Descomprimiendo archivos en C:\controlab-h\backend\node_modules\@prisma\get-platform\node_modules\@prisma\

debug [Correcto]

 Descomprimiendo archivos en C:\controlab-h\backend\node_modules\@prisma\get-platform\node_modules\@prisma\debug\

dist [Correcto]
LICENSE [Correcto]
package.json [Correcto]
README.md [Correcto]

 Descomprimiendo archivos en C:\controlab-h\backend\node_modules\@prisma\get-platform\node_modules\@prisma\debug\dist\

index.d.mts [Correcto]
index.d.ts [Correcto]
index.js [Correcto]
index.mjs [Correcto]
util.d.ts [Correcto]

 Descomprimiendo archivos en C:\controlab-h\backend\node_modules\@prisma\query-plan-executor\

dist [Correcto]
LICENSE [Correcto]
package.json [Correcto]
README.md [Correcto]

 Descomprimiendo archivos en C:\controlab-h\backend\node_modules\@prisma\query-plan-executor\dist\

index.d.ts [Correcto]
index.js [Correcto]

 Descomprimiendo archivos en C:\controlab-h\backend\node_modules\@prisma\streams-local\

CODE_OF_CONDUCT.md [Correcto]
CONTRIBUTING.md [Correcto]
dist [Correcto]
LICENSE [Correcto]
package.json [Correcto]
README.md [Correcto]
SECURITY.md [Correcto]

 Descomprimiendo archivos en C:\controlab-h\backend\node_modules\@prisma\streams-local\dist\

local [Correcto]
README.md [Correcto]
touch [Correcto]
types [Correcto]

 Descomprimiendo archivos en C:\controlab-h\backend\node_modules\@prisma\streams-local\dist\local\

daemon.js [Correcto]
hash_vendor [Correcto]
index-vsvg9063.js [Correcto]
index.js [Correcto]

 Descomprimiendo archivos en C:\controlab-h\backend\node_modules\@prisma\streams-local\dist\local\hash_vendor\

LICENSE.hash-wasm [Correcto]
NOTICE.md [Correcto]
xxhash3.umd.min.cjs [Correcto]
xxhash32.umd.min.cjs [Correcto]
xxhash64.umd.min.cjs [Correcto]

 Descomprimiendo archivos en C:\controlab-h\backend\node_modules\@prisma\streams-local\dist\touch\

hash_vendor [Correcto]
interpreter_worker.js [Correcto]

 Descomprimiendo archivos en C:\controlab-h\backend\node_modules\@prisma\streams-local\dist\touch\hash_vendor\

LICENSE.hash-wasm [Correcto]
NOTICE.md [Correcto]
xxhash3.umd.min.cjs [Correcto]
xxhash32.umd.min.cjs [Correcto]
xxhash64.umd.min.cjs [Correcto]

 Descomprimiendo archivos en C:\controlab-h\backend\node_modules\@prisma\streams-local\dist\types\

local [Correcto]

 Descomprimiendo archivos en C:\controlab-h\backend\node_modules\@prisma\streams-local\dist\types\local\

daemon.d.ts [Correcto]
index.d.ts [Correcto]
server.d.ts [Correcto]

 Descomprimiendo archivos en C:\controlab-h\backend\node_modules\@prisma\studio-core\

dist [Correcto]
LICENSE [Correcto]
NOTICE [Correcto]
package.json [Correcto]
README.md [Correcto]

 Descomprimiendo archivos en C:\controlab-h\backend\node_modules\@prisma\studio-core\dist\

adapter-BUw-ZngT.d.cts [Correcto]
adapter-BUw-ZngT.d.ts [Correcto]
chunk-6QJ7HVIC.js [Correcto]
chunk-GKER6YAU.js [Correcto]
chunk-HSOPNDGG.js [Correcto]
chunk-IAPCYYXT.js [Correcto]
chunk-IH6NMUYT.js [Correcto]
chunk-IZGN5R76.js [Correcto]
chunk-LR4WIE5H.js [Correcto]
chunk-LR52PZTP.js [Correcto]
chunk-N6ZIYSZ5.js [Correcto]
chunk-OOLWUTBP.js [Correcto]
chunk-PI3N7ZW6.js [Correcto]
chunk-RXBGQCOW.js [Correcto]
chunk-TXNF5KY4.js [Correcto]
data [Correcto]
full-table-search-CBIeucRq.d.ts [Correcto]
full-table-search-DVOqqqSg.d.cts [Correcto]
llm-BfRpcVV1.d.cts [Correcto]
llm-BfRpcVV1.d.ts [Correcto]
metafile-cjs.json [Correcto]
metafile-esm.json [Correcto]
ui [Correcto]

 Descomprimiendo archivos en C:\controlab-h\backend\node_modules\@prisma\studio-core\dist\data\

bff [Correcto]
index.cjs [Correcto]
index.d.cts [Correcto]
index.d.ts [Correcto]
index.js [Correcto]
mysql-core [Correcto]
mysql2 [Correcto]
node-sqlite [Correcto]
pglite [Correcto]
postgres-core [Correcto]
postgresjs [Correcto]
sqlite-core [Correcto]
sqljs [Correcto]

 Descomprimiendo archivos en C:\controlab-h\backend\node_modules\@prisma\studio-core\dist\data\bff\

index.cjs [Correcto]
index.d.cts [Correcto]
index.d.ts [Correcto]
index.js [Correcto]

 Descomprimiendo archivos en C:\controlab-h\backend\node_modules\@prisma\studio-core\dist\data\mysql-core\

index.cjs [Correcto]
index.d.cts [Correcto]
index.d.ts [Correcto]
index.js [Correcto]

 Descomprimiendo archivos en C:\controlab-h\backend\node_modules\@prisma\studio-core\dist\data\mysql2\

index.cjs [Correcto]
index.d.cts [Correcto]
index.d.ts [Correcto]
index.js [Correcto]

 Descomprimiendo archivos en C:\controlab-h\backend\node_modules\@prisma\studio-core\dist\data\node-sqlite\

index.cjs [Correcto]
index.d.cts [Correcto]
index.d.ts [Correcto]
index.js [Correcto]

 Descomprimiendo archivos en C:\controlab-h\backend\node_modules\@prisma\studio-core\dist\data\pglite\

index.cjs [Correcto]
index.d.cts [Correcto]
index.d.ts [Correcto]
index.js [Correcto]

 Descomprimiendo archivos en C:\controlab-h\backend\node_modules\@prisma\studio-core\dist\data\postgres-core\

index.cjs [Correcto]
index.d.cts [Correcto]
index.d.ts [Correcto]
index.js [Correcto]

 Descomprimiendo archivos en C:\controlab-h\backend\node_modules\@prisma\studio-core\dist\data\postgresjs\

index.cjs [Correcto]
index.d.cts [Correcto]
index.d.ts [Correcto]
index.js [Correcto]

 Descomprimiendo archivos en C:\controlab-h\backend\node_modules\@prisma\studio-core\dist\data\sqlite-core\

index.cjs [Correcto]
index.d.cts [Correcto]
index.d.ts [Correcto]
index.js [Correcto]

 Descomprimiendo archivos en C:\controlab-h\backend\node_modules\@prisma\studio-core\dist\data\sqljs\

index.cjs [Correcto]
index.d.cts [Correcto]
index.d.ts [Correcto]
index.js [Correcto]

 Descomprimiendo archivos en C:\controlab-h\backend\node_modules\@prisma\studio-core\dist\ui\

index.cjs [Correcto]
index.css [Correcto]
index.d.cts [Correcto]
index.d.ts [Correcto]
index.js [Correcto]

 Descomprimiendo archivos en C:\controlab-h\backend\node_modules\@radix-ui\

primitive [Correcto]
react-compose-refs [Correcto]
react-primitive [Correcto]
react-slot [Correcto]
react-toggle [Correcto]
react-use-controllable-state [Correcto]
react-use-effect-event [Correcto]
react-use-layout-effect [Correcto]

 Descomprimiendo archivos en C:\controlab-h\backend\node_modules\@radix-ui\primitive\

dist [Correcto]
LICENSE [Correcto]
package.json [Correcto]
README.md [Correcto]

 Descomprimiendo archivos en C:\controlab-h\backend\node_modules\@radix-ui\primitive\dist\

index.d.mts [Correcto]
index.d.ts [Correcto]
index.js [Correcto]
index.js.map [Correcto]
index.mjs [Correcto]
index.mjs.map [Correcto]

 Descomprimiendo archivos en C:\controlab-h\backend\node_modules\@radix-ui\react-compose-refs\

dist [Correcto]
package.json [Correcto]
README.md [Correcto]

 Descomprimiendo archivos en C:\controlab-h\backend\node_modules\@radix-ui\react-compose-refs\dist\

index.d.mts [Correcto]
index.d.ts [Correcto]
index.js [Correcto]
index.js.map [Correcto]
index.mjs [Correcto]
index.mjs.map [Correcto]

 Descomprimiendo archivos en C:\controlab-h\backend\node_modules\@radix-ui\react-primitive\

dist [Correcto]
LICENSE [Correcto]
package.json [Correcto]
README.md [Correcto]

 Descomprimiendo archivos en C:\controlab-h\backend\node_modules\@radix-ui\react-primitive\dist\

index.d.mts [Correcto]
index.d.ts [Correcto]
index.js [Correcto]
index.js.map [Correcto]
index.mjs [Correcto]
index.mjs.map [Correcto]

 Descomprimiendo archivos en C:\controlab-h\backend\node_modules\@radix-ui\react-slot\

dist [Correcto]
LICENSE [Correcto]
package.json [Correcto]
README.md [Correcto]

 Descomprimiendo archivos en C:\controlab-h\backend\node_modules\@radix-ui\react-slot\dist\

index.d.mts [Correcto]
index.d.ts [Correcto]
index.js [Correcto]
index.js.map [Correcto]
index.mjs [Correcto]
index.mjs.map [Correcto]

 Descomprimiendo archivos en C:\controlab-h\backend\node_modules\@radix-ui\react-toggle\

dist [Correcto]
LICENSE [Correcto]
package.json [Correcto]
README.md [Correcto]

 Descomprimiendo archivos en C:\controlab-h\backend\node_modules\@radix-ui\react-toggle\dist\

index.d.mts [Correcto]
index.d.ts [Correcto]
index.js [Correcto]
index.js.map [Correcto]
index.mjs [Correcto]
index.mjs.map [Correcto]

 Descomprimiendo archivos en C:\controlab-h\backend\node_modules\@radix-ui\react-use-controllable-state\

dist [Correcto]
LICENSE [Correcto]
package.json [Correcto]
README.md [Correcto]

 Descomprimiendo archivos en C:\controlab-h\backend\node_modules\@radix-ui\react-use-controllable-state\dist\

index.d.mts [Correcto]
index.d.ts [Correcto]
index.js [Correcto]
index.js.map [Correcto]
index.mjs [Correcto]
index.mjs.map [Correcto]

 Descomprimiendo archivos en C:\controlab-h\backend\node_modules\@radix-ui\react-use-effect-event\

dist [Correcto]
LICENSE [Correcto]
package.json [Correcto]
README.md [Correcto]
src [Correcto]

 Descomprimiendo archivos en C:\controlab-h\backend\node_modules\@radix-ui\react-use-effect-event\dist\

index.d.mts [Correcto]
index.d.ts [Correcto]
index.js [Correcto]
index.js.map [Correcto]
index.mjs [Correcto]
index.mjs.map [Correcto]

 Descomprimiendo archivos en C:\controlab-h\backend\node_modules\@radix-ui\react-use-effect-event\src\

index.ts [Correcto]
use-effect-event.tsx [Correcto]

 Descomprimiendo archivos en C:\controlab-h\backend\node_modules\@radix-ui\react-use-layout-effect\

dist [Correcto]
package.json [Correcto]
README.md [Correcto]

 Descomprimiendo archivos en C:\controlab-h\backend\node_modules\@radix-ui\react-use-layout-effect\dist\

index.d.mts [Correcto]
index.d.ts [Correcto]
index.js [Correcto]
index.js.map [Correcto]
index.mjs [Correcto]
index.mjs.map [Correcto]

 Descomprimiendo archivos en C:\controlab-h\backend\node_modules\@standard-schema\

spec [Correcto]

 Descomprimiendo archivos en C:\controlab-h\backend\node_modules\@standard-schema\spec\

dist [Correcto]
LICENSE [Correcto]
package.json [Correcto]
README.md [Correcto]

 Descomprimiendo archivos en C:\controlab-h\backend\node_modules\@standard-schema\spec\dist\

index.cjs [Correcto]
index.d.cts [Correcto]
index.d.ts [Correcto]
index.js [Correcto]

 Descomprimiendo archivos en C:\controlab-h\backend\node_modules\@tediousjs\

connection-string [Correcto]

 Descomprimiendo archivos en C:\controlab-h\backend\node_modules\@tediousjs\connection-string\

lib [Correcto]
LICENSE [Correcto]
package.json [Correcto]
README.md [Correcto]

 Descomprimiendo archivos en C:\controlab-h\backend\node_modules\@tediousjs\connection-string\lib\

builder [Correcto]
connection-string.d.ts [Correcto]
connection-string.d.ts.map [Correcto]
connection-string.js [Correcto]
connection-string.js.map [Correcto]
index.d.ts [Correcto]
index.d.ts.map [Correcto]
index.js [Correcto]
index.js.map [Correcto]
parser [Correcto]
schema [Correcto]

 Descomprimiendo archivos en C:\controlab-h\backend\node_modules\@tediousjs\connection-string\lib\builder\

index.d.ts [Correcto]
index.d.ts.map [Correcto]
index.js [Correcto]
index.js.map [Correcto]

 Descomprimiendo archivos en C:\controlab-h\backend\node_modules\@tediousjs\connection-string\lib\parser\

connection-string-parser.d.ts [Correcto]
connection-string-parser.d.ts.map [Correcto]
connection-string-parser.js [Correcto]
connection-string-parser.js.map [Correcto]

 Descomprimiendo archivos en C:\controlab-h\backend\node_modules\@tediousjs\connection-string\lib\schema\

mssql-schema.d.ts [Correcto]
mssql-schema.d.ts.map [Correcto]
mssql-schema.js [Correcto]
mssql-schema.js.map [Correcto]

 Descomprimiendo archivos en C:\controlab-h\backend\node_modules\@types\

node [Correcto]
react [Correcto]
readable-stream [Correcto]

 Descomprimiendo archivos en C:\controlab-h\backend\node_modules\@types\node\

assert [Correcto]
assert.d.ts [Correcto]
async_hooks.d.ts [Correcto]
buffer.buffer.d.ts [Correcto]
buffer.d.ts [Correcto]
child_process.d.ts [Correcto]
cluster.d.ts [Correcto]
console.d.ts [Correcto]
constants.d.ts [Correcto]
crypto.d.ts [Correcto]
dgram.d.ts [Correcto]
diagnostics_channel.d.ts [Correcto]
dns [Correcto]
dns.d.ts [Correcto]
domain.d.ts [Correcto]
events.d.ts [Correcto]
ffi.d.ts [Correcto]
fs [Correcto]
fs.d.ts [Correcto]
globals.d.ts [Correcto]
globals.typedarray.d.ts [Correcto]
http.d.ts [Correcto]
http2.d.ts [Correcto]
https.d.ts [Correcto]
index.d.ts [Correcto]
inspector [Correcto]
inspector.d.ts [Correcto]
inspector.generated.d.ts [Correcto]
LICENSE [Correcto]
module.d.ts [Correcto]
net.d.ts [Correcto]
os.d.ts [Correcto]
package.json [Correcto]
path [Correcto]
path.d.ts [Correcto]
perf_hooks.d.ts [Correcto]
process.d.ts [Correcto]
punycode.d.ts [Correcto]
querystring.d.ts [Correcto]
quic.d.ts [Correcto]
readline [Correcto]
readline.d.ts [Correcto]
README.md [Correcto]
repl.d.ts [Correcto]
sea.d.ts [Correcto]
sqlite.d.ts [Correcto]
stream [Correcto]
stream.d.ts [Correcto]
string_decoder.d.ts [Correcto]
test [Correcto]
test.d.ts [Correcto]
timers [Correcto]
timers.d.ts [Correcto]
tls.d.ts [Correcto]
trace_events.d.ts [Correcto]
ts5.6 [Correcto]
ts5.7 [Correcto]
tty.d.ts [Correcto]
url.d.ts [Correcto]
util [Correcto]
util.d.ts [Correcto]
v8.d.ts [Correcto]
vm.d.ts [Correcto]
wasi.d.ts [Correcto]
web-globals [Correcto]
worker_threads.d.ts [Correcto]
zlib [Correcto]
zlib.d.ts [Correcto]

 Descomprimiendo archivos en C:\controlab-h\backend\node_modules\@types\node\assert\

strict.d.ts [Correcto]

 Descomprimiendo archivos en C:\controlab-h\backend\node_modules\@types\node\dns\

promises.d.ts [Correcto]

 Descomprimiendo archivos en C:\controlab-h\backend\node_modules\@types\node\fs\

promises.d.ts [Correcto]

 Descomprimiendo archivos en C:\controlab-h\backend\node_modules\@types\node\inspector\

promises.d.ts [Correcto]

 Descomprimiendo archivos en C:\controlab-h\backend\node_modules\@types\node\path\

posix.d.ts [Correcto]
win32.d.ts [Correcto]

 Descomprimiendo archivos en C:\controlab-h\backend\node_modules\@types\node\readline\

promises.d.ts [Correcto]

 Descomprimiendo archivos en C:\controlab-h\backend\node_modules\@types\node\stream\

consumers.d.ts [Correcto]
iter.d.ts [Correcto]
promises.d.ts [Correcto]
web.d.ts [Correcto]

 Descomprimiendo archivos en C:\controlab-h\backend\node_modules\@types\node\test\

reporters.d.ts [Correcto]

 Descomprimiendo archivos en C:\controlab-h\backend\node_modules\@types\node\timers\

promises.d.ts [Correcto]

 Descomprimiendo archivos en C:\controlab-h\backend\node_modules\@types\node\ts5.6\

buffer.buffer.d.ts [Correcto]
compatibility [Correcto]
globals.typedarray.d.ts [Correcto]
index.d.ts [Correcto]

 Descomprimiendo archivos en C:\controlab-h\backend\node_modules\@types\node\ts5.6\compatibility\

float16array.d.ts [Correcto]

 Descomprimiendo archivos en C:\controlab-h\backend\node_modules\@types\node\ts5.7\

compatibility [Correcto]
index.d.ts [Correcto]

 Descomprimiendo archivos en C:\controlab-h\backend\node_modules\@types\node\ts5.7\compatibility\

float16array.d.ts [Correcto]

 Descomprimiendo archivos en C:\controlab-h\backend\node_modules\@types\node\util\

types.d.ts [Correcto]

 Descomprimiendo archivos en C:\controlab-h\backend\node_modules\@types\node\web-globals\

abortcontroller.d.ts [Correcto]
blob.d.ts [Correcto]
console.d.ts [Correcto]
crypto.d.ts [Correcto]
domexception.d.ts [Correcto]
encoding.d.ts [Correcto]
events.d.ts [Correcto]
fetch.d.ts [Correcto]
importmeta.d.ts [Correcto]
messaging.d.ts [Correcto]
navigator.d.ts [Correcto]
performance.d.ts [Correcto]
storage.d.ts [Correcto]
streams.d.ts [Correcto]
timers.d.ts [Correcto]
url.d.ts [Correcto]

 Descomprimiendo archivos en C:\controlab-h\backend\node_modules\@types\node\zlib\

iter.d.ts [Correcto]

 Descomprimiendo archivos en C:\controlab-h\backend\node_modules\@types\react\

canary.d.ts [Correcto]
compiler-runtime.d.ts [Correcto]
experimental.d.ts [Correcto]
global.d.ts [Correcto]
index.d.ts [Correcto]
jsx-dev-runtime.d.ts [Correcto]
jsx-runtime.d.ts [Correcto]
LICENSE [Correcto]
package.json [Correcto]
README.md [Correcto]
ts5.0 [Correcto]

 Descomprimiendo archivos en C:\controlab-h\backend\node_modules\@types\react\ts5.0\

canary.d.ts [Correcto]
experimental.d.ts [Correcto]
global.d.ts [Correcto]
index.d.ts [Correcto]
jsx-dev-runtime.d.ts [Correcto]
jsx-runtime.d.ts [Correcto]

 Descomprimiendo archivos en C:\controlab-h\backend\node_modules\@types\readable-stream\

index.d.ts [Correcto]
LICENSE [Correcto]
package.json [Correcto]
README.md [Correcto]

 Descomprimiendo archivos en C:\controlab-h\backend\node_modules\@typespec\

ts-http-runtime [Correcto]

 Descomprimiendo archivos en C:\controlab-h\backend\node_modules\@typespec\ts-http-runtime\

dist [Correcto]
LICENSE [Correcto]
package.json [Correcto]
README.md [Correcto]

 Descomprimiendo archivos en C:\controlab-h\backend\node_modules\@typespec\ts-http-runtime\dist\

browser [Correcto]
commonjs [Correcto]
esm [Correcto]
react-native [Correcto]

 Descomprimiendo archivos en C:\controlab-h\backend\node_modules\@typespec\ts-http-runtime\dist\browser\

abort-controller [Correcto]
auth [Correcto]
client [Correcto]
constants.d.ts [Correcto]
constants.js [Correcto]
constants.js.map [Correcto]
createPipelineFromOptions.d.ts [Correcto]
createPipelineFromOptions.js [Correcto]
createPipelineFromOptions.js.map [Correcto]
defaultHttpClient-browser.d.mts [Correcto]
defaultHttpClient-browser.mjs [Correcto]
defaultHttpClient-browser.mjs.map [Correcto]
encoding.d.ts [Correcto]
encoding.js [Correcto]
encoding.js.map [Correcto]
env-browser.d.mts [Correcto]
env-browser.mjs [Correcto]
env-browser.mjs.map [Correcto]
fetchHttpClient.d.ts [Correcto]
fetchHttpClient.js [Correcto]
fetchHttpClient.js.map [Correcto]
formData-web.d.mts [Correcto]
formData-web.mjs [Correcto]
formData-web.mjs.map [Correcto]
httpHeaders.d.ts [Correcto]
httpHeaders.js [Correcto]
httpHeaders.js.map [Correcto]
index.d.ts [Correcto]
index.js [Correcto]
index.js.map [Correcto]
interfaces.d.ts [Correcto]
interfaces.js [Correcto]
interfaces.js.map [Correcto]
log.d.ts [Correcto]
log.js [Correcto]
log.js.map [Correcto]
logger [Correcto]
package.json [Correcto]
pipeline.d.ts [Correcto]
pipeline.js [Correcto]
pipeline.js.map [Correcto]
pipelineRequest.d.ts [Correcto]
pipelineRequest.js [Correcto]
pipelineRequest.js.map [Correcto]
policies [Correcto]
restError.d.ts [Correcto]
restError.js [Correcto]
restError.js.map [Correcto]
retryStrategies [Correcto]
types-browser.d.mts [Correcto]
types-browser.mjs [Correcto]
types-browser.mjs.map [Correcto]
util [Correcto]

 Descomprimiendo archivos en C:\controlab-h\backend\node_modules\@typespec\ts-http-runtime\dist\browser\abort-controller\

AbortError.d.ts [Correcto]
AbortError.js [Correcto]
AbortError.js.map [Correcto]

 Descomprimiendo archivos en C:\controlab-h\backend\node_modules\@typespec\ts-http-runtime\dist\browser\auth\

credentials.d.ts [Correcto]
credentials.js [Correcto]
credentials.js.map [Correcto]
oauth2Flows.d.ts [Correcto]
oauth2Flows.js [Correcto]
oauth2Flows.js.map [Correcto]
schemes.d.ts [Correcto]
schemes.js [Correcto]
schemes.js.map [Correcto]

 Descomprimiendo archivos en C:\controlab-h\backend\node_modules\@typespec\ts-http-runtime\dist\browser\client\

apiVersionPolicy.d.ts [Correcto]
apiVersionPolicy.js [Correcto]
apiVersionPolicy.js.map [Correcto]
clientHelpers.d.ts [Correcto]
clientHelpers.js [Correcto]
clientHelpers.js.map [Correcto]
common.d.ts [Correcto]
common.js [Correcto]
common.js.map [Correcto]
getClient.d.ts [Correcto]
getClient.js [Correcto]
getClient.js.map [Correcto]
multipart.d.ts [Correcto]
multipart.js [Correcto]
multipart.js.map [Correcto]
operationOptionHelpers.d.ts [Correcto]
operationOptionHelpers.js [Correcto]
operationOptionHelpers.js.map [Correcto]
restError.d.ts [Correcto]
restError.js [Correcto]
restError.js.map [Correcto]
sendRequest.d.ts [Correcto]
sendRequest.js [Correcto]
sendRequest.js.map [Correcto]
urlHelpers.d.ts [Correcto]
urlHelpers.js [Correcto]
urlHelpers.js.map [Correcto]

 Descomprimiendo archivos en C:\controlab-h\backend\node_modules\@typespec\ts-http-runtime\dist\browser\logger\

debug.d.ts [Correcto]
debug.js [Correcto]
debug.js.map [Correcto]
internal.d.ts [Correcto]
internal.js [Correcto]
internal.js.map [Correcto]
log-web.d.mts [Correcto]
log-web.mjs [Correcto]
log-web.mjs.map [Correcto]
log.common.d.ts [Correcto]
log.common.js [Correcto]
log.common.js.map [Correcto]
logger.d.ts [Correcto]
logger.js [Correcto]
logger.js.map [Correcto]

 Descomprimiendo archivos en C:\controlab-h\backend\node_modules\@typespec\ts-http-runtime\dist\browser\policies\

agentPolicy.d.ts [Correcto]
agentPolicy.js [Correcto]
agentPolicy.js.map [Correcto]
auth [Correcto]
decompressResponsePolicy-web.d.mts [Correcto]
decompressResponsePolicy-web.mjs [Correcto]
decompressResponsePolicy-web.mjs.map [Correcto]
defaultRetryPolicy.d.ts [Correcto]
defaultRetryPolicy.js [Correcto]
defaultRetryPolicy.js.map [Correcto]
exponentialRetryPolicy.d.ts [Correcto]
exponentialRetryPolicy.js [Correcto]
exponentialRetryPolicy.js.map [Correcto]
formDataPolicy.d.ts [Correcto]
formDataPolicy.js [Correcto]
formDataPolicy.js.map [Correcto]
internal.d.ts [Correcto]
internal.js [Correcto]
internal.js.map [Correcto]
logPolicy.d.ts [Correcto]
logPolicy.js [Correcto]
logPolicy.js.map [Correcto]
multipartPolicy.d.ts [Correcto]
multipartPolicy.js [Correcto]
multipartPolicy.js.map [Correcto]
platformPolicies-web.d.mts [Correcto]
platformPolicies-web.mjs [Correcto]
platformPolicies-web.mjs.map [Correcto]
platformPolicies.d.ts [Correcto]
platformPolicies.js [Correcto]
platformPolicies.js.map [Correcto]
proxyPolicy-web.d.mts [Correcto]
proxyPolicy-web.mjs [Correcto]
proxyPolicy-web.mjs.map [Correcto]
proxyPolicy.common.d.ts [Correcto]
proxyPolicy.common.js [Correcto]
proxyPolicy.common.js.map [Correcto]
redirectPolicy.d.ts [Correcto]
redirectPolicy.js [Correcto]
redirectPolicy.js.map [Correcto]
retryPolicy.d.ts [Correcto]
retryPolicy.js [Correcto]
retryPolicy.js.map [Correcto]
systemErrorRetryPolicy.d.ts [Correcto]
systemErrorRetryPolicy.js [Correcto]
systemErrorRetryPolicy.js.map [Correcto]
throttlingRetryPolicy.d.ts [Correcto]
throttlingRetryPolicy.js [Correcto]
throttlingRetryPolicy.js.map [Correcto]
tlsPolicy.d.ts [Correcto]
tlsPolicy.js [Correcto]
tlsPolicy.js.map [Correcto]
userAgentPolicy.d.ts [Correcto]
userAgentPolicy.js [Correcto]
userAgentPolicy.js.map [Correcto]

 Descomprimiendo archivos en C:\controlab-h\backend\node_modules\@typespec\ts-http-runtime\dist\browser\policies\auth\

apiKeyAuthenticationPolicy.d.ts [Correcto]
apiKeyAuthenticationPolicy.js [Correcto]
apiKeyAuthenticationPolicy.js.map [Correcto]
basicAuthenticationPolicy.d.ts [Correcto]
basicAuthenticationPolicy.js [Correcto]
basicAuthenticationPolicy.js.map [Correcto]
bearerAuthenticationPolicy.d.ts [Correcto]
bearerAuthenticationPolicy.js [Correcto]
bearerAuthenticationPolicy.js.map [Correcto]
checkInsecureConnection.d.ts [Correcto]
checkInsecureConnection.js [Correcto]
checkInsecureConnection.js.map [Correcto]
oauth2AuthenticationPolicy.d.ts [Correcto]
oauth2AuthenticationPolicy.js [Correcto]
oauth2AuthenticationPolicy.js.map [Correcto]

 Descomprimiendo archivos en C:\controlab-h\backend\node_modules\@typespec\ts-http-runtime\dist\browser\retryStrategies\

exponentialRetryStrategy.d.ts [Correcto]
exponentialRetryStrategy.js [Correcto]
exponentialRetryStrategy.js.map [Correcto]
retryStrategy.d.ts [Correcto]
retryStrategy.js [Correcto]
retryStrategy.js.map [Correcto]
throttlingRetryStrategy.d.ts [Correcto]
throttlingRetryStrategy.js [Correcto]
throttlingRetryStrategy.js.map [Correcto]

 Descomprimiendo archivos en C:\controlab-h\backend\node_modules\@typespec\ts-http-runtime\dist\browser\util\

arrayBuffer.d.ts [Correcto]
arrayBuffer.js [Correcto]
arrayBuffer.js.map [Correcto]
bytesEncoding-web.d.mts [Correcto]
bytesEncoding-web.mjs [Correcto]
bytesEncoding-web.mjs.map [Correcto]
bytesEncoding.common.d.ts [Correcto]
bytesEncoding.common.js [Correcto]
bytesEncoding.common.js.map [Correcto]
concat-browser.d.mts [Correcto]
concat-browser.mjs [Correcto]
concat-browser.mjs.map [Correcto]
delay.d.ts [Correcto]
delay.js [Correcto]
delay.js.map [Correcto]
error.d.ts [Correcto]
error.js [Correcto]
error.js.map [Correcto]
helpers.d.ts [Correcto]
helpers.js [Correcto]
helpers.js.map [Correcto]
inspect-web.d.mts [Correcto]
inspect-web.mjs [Correcto]
inspect-web.mjs.map [Correcto]
inspect.common.d.ts [Correcto]
inspect.common.js [Correcto]
inspect.common.js.map [Correcto]
internal.d.ts [Correcto]
internal.js [Correcto]
internal.js.map [Correcto]
object.d.ts [Correcto]
object.js [Correcto]
object.js.map [Correcto]
random.d.ts [Correcto]
random.js [Correcto]
random.js.map [Correcto]
sanitizer.d.ts [Correcto]
sanitizer.js [Correcto]
sanitizer.js.map [Correcto]
sha256-web.d.mts [Correcto]
sha256-web.mjs [Correcto]
sha256-web.mjs.map [Correcto]
sha256.common.d.ts [Correcto]
sha256.common.js [Correcto]
sha256.common.js.map [Correcto]
typeGuards-browser.d.mts [Correcto]
typeGuards-browser.mjs [Correcto]
typeGuards-browser.mjs.map [Correcto]
typeGuards.d.ts [Correcto]
typeGuards.js [Correcto]
typeGuards.js.map [Correcto]
userAgent.d.ts [Correcto]
userAgent.js [Correcto]
userAgent.js.map [Correcto]
userAgentPlatform-browser.d.mts [Correcto]
userAgentPlatform-browser.mjs [Correcto]
userAgentPlatform-browser.mjs.map [Correcto]
uuidUtils-browser.d.mts [Correcto]
uuidUtils-browser.mjs [Correcto]
uuidUtils-browser.mjs.map [Correcto]
uuidUtils.common.d.ts [Correcto]
uuidUtils.common.js [Correcto]
uuidUtils.common.js.map [Correcto]

 Descomprimiendo archivos en C:\controlab-h\backend\node_modules\@typespec\ts-http-runtime\dist\commonjs\

abort-controller [Correcto]
auth [Correcto]
client [Correcto]
constants.d.ts [Correcto]
constants.js [Correcto]
constants.js.map [Correcto]
createPipelineFromOptions.d.ts [Correcto]
createPipelineFromOptions.js [Correcto]
createPipelineFromOptions.js.map [Correcto]
defaultHttpClient.d.ts [Correcto]
defaultHttpClient.js [Correcto]
defaultHttpClient.js.map [Correcto]
env.d.ts [Correcto]
env.js [Correcto]
env.js.map [Correcto]
formData.d.ts [Correcto]
formData.js [Correcto]
formData.js.map [Correcto]
httpHeaders.d.ts [Correcto]
httpHeaders.js [Correcto]
httpHeaders.js.map [Correcto]
index.d.ts [Correcto]
index.js [Correcto]
index.js.map [Correcto]
interfaces.d.ts [Correcto]
interfaces.js [Correcto]
interfaces.js.map [Correcto]
log.d.ts [Correcto]
log.js [Correcto]
log.js.map [Correcto]
logger [Correcto]
nodeHttpClient.d.ts [Correcto]
nodeHttpClient.js [Correcto]
nodeHttpClient.js.map [Correcto]
package.json [Correcto]
pipeline.d.ts [Correcto]
pipeline.js [Correcto]
pipeline.js.map [Correcto]
pipelineRequest.d.ts [Correcto]
pipelineRequest.js [Correcto]
pipelineRequest.js.map [Correcto]
policies [Correcto]
restError.d.ts [Correcto]
restError.js [Correcto]
restError.js.map [Correcto]
retryStrategies [Correcto]
tsdoc-metadata.json [Correcto]
types.d.ts [Correcto]
types.js [Correcto]
types.js.map [Correcto]
util [Correcto]

 Descomprimiendo archivos en C:\controlab-h\backend\node_modules\@typespec\ts-http-runtime\dist\commonjs\abort-controller\

AbortError.d.ts [Correcto]
AbortError.js [Correcto]
AbortError.js.map [Correcto]

 Descomprimiendo archivos en C:\controlab-h\backend\node_modules\@typespec\ts-http-runtime\dist\commonjs\auth\

credentials.d.ts [Correcto]
credentials.js [Correcto]
credentials.js.map [Correcto]
oauth2Flows.d.ts [Correcto]
oauth2Flows.js [Correcto]
oauth2Flows.js.map [Correcto]
schemes.d.ts [Correcto]
schemes.js [Correcto]
schemes.js.map [Correcto]

 Descomprimiendo archivos en C:\controlab-h\backend\node_modules\@typespec\ts-http-runtime\dist\commonjs\client\

apiVersionPolicy.d.ts [Correcto]
apiVersionPolicy.js [Correcto]
apiVersionPolicy.js.map [Correcto]
clientHelpers.d.ts [Correcto]
clientHelpers.js [Correcto]
clientHelpers.js.map [Correcto]
common.d.ts [Correcto]
common.js [Correcto]
common.js.map [Correcto]
getClient.d.ts [Correcto]
getClient.js [Correcto]
getClient.js.map [Correcto]
multipart.d.ts [Correcto]
multipart.js [Correcto]
multipart.js.map [Correcto]
operationOptionHelpers.d.ts [Correcto]
operationOptionHelpers.js [Correcto]
operationOptionHelpers.js.map [Correcto]
restError.d.ts [Correcto]
restError.js [Correcto]
restError.js.map [Correcto]
sendRequest.d.ts [Correcto]
sendRequest.js [Correcto]
sendRequest.js.map [Correcto]
urlHelpers.d.ts [Correcto]
urlHelpers.js [Correcto]
urlHelpers.js.map [Correcto]

 Descomprimiendo archivos en C:\controlab-h\backend\node_modules\@typespec\ts-http-runtime\dist\commonjs\logger\

debug.d.ts [Correcto]
debug.js [Correcto]
debug.js.map [Correcto]
internal.d.ts [Correcto]
internal.js [Correcto]
internal.js.map [Correcto]
log.d.ts [Correcto]
log.js [Correcto]
log.js.map [Correcto]
logger.d.ts [Correcto]
logger.js [Correcto]
logger.js.map [Correcto]

 Descomprimiendo archivos en C:\controlab-h\backend\node_modules\@typespec\ts-http-runtime\dist\commonjs\policies\

agentPolicy.d.ts [Correcto]
agentPolicy.js [Correcto]
agentPolicy.js.map [Correcto]
auth [Correcto]
decompressResponsePolicy.d.ts [Correcto]
decompressResponsePolicy.js [Correcto]
decompressResponsePolicy.js.map [Correcto]
defaultRetryPolicy.d.ts [Correcto]
defaultRetryPolicy.js [Correcto]
defaultRetryPolicy.js.map [Correcto]
exponentialRetryPolicy.d.ts [Correcto]
exponentialRetryPolicy.js [Correcto]
exponentialRetryPolicy.js.map [Correcto]
formDataPolicy.d.ts [Correcto]
formDataPolicy.js [Correcto]
formDataPolicy.js.map [Correcto]
internal.d.ts [Correcto]
internal.js [Correcto]
internal.js.map [Correcto]
logPolicy.d.ts [Correcto]
logPolicy.js [Correcto]
logPolicy.js.map [Correcto]
multipartPolicy.d.ts [Correcto]
multipartPolicy.js [Correcto]
multipartPolicy.js.map [Correcto]
platformPolicies.d.ts [Correcto]
platformPolicies.js [Correcto]
platformPolicies.js.map [Correcto]
proxyPolicy.d.ts [Correcto]
proxyPolicy.js [Correcto]
proxyPolicy.js.map [Correcto]
redirectPolicy.d.ts [Correcto]
redirectPolicy.js [Correcto]
redirectPolicy.js.map [Correcto]
retryPolicy.d.ts [Correcto]
retryPolicy.js [Correcto]
retryPolicy.js.map [Correcto]
systemErrorRetryPolicy.d.ts [Correcto]
systemErrorRetryPolicy.js [Correcto]
systemErrorRetryPolicy.js.map [Correcto]
throttlingRetryPolicy.d.ts [Correcto]
throttlingRetryPolicy.js [Correcto]
throttlingRetryPolicy.js.map [Correcto]
tlsPolicy.d.ts [Correcto]
tlsPolicy.js [Correcto]
tlsPolicy.js.map [Correcto]
userAgentPolicy.d.ts [Correcto]
userAgentPolicy.js [Correcto]
userAgentPolicy.js.map [Correcto]

 Descomprimiendo archivos en C:\controlab-h\backend\node_modules\@typespec\ts-http-runtime\dist\commonjs\policies\auth\

apiKeyAuthenticationPolicy.d.ts [Correcto]
apiKeyAuthenticationPolicy.js [Correcto]
apiKeyAuthenticationPolicy.js.map [Correcto]
basicAuthenticationPolicy.d.ts [Correcto]
basicAuthenticationPolicy.js [Correcto]
basicAuthenticationPolicy.js.map [Correcto]
bearerAuthenticationPolicy.d.ts [Correcto]
bearerAuthenticationPolicy.js [Correcto]
bearerAuthenticationPolicy.js.map [Correcto]
checkInsecureConnection.d.ts [Correcto]
checkInsecureConnection.js [Correcto]
checkInsecureConnection.js.map [Correcto]
oauth2AuthenticationPolicy.d.ts [Correcto]
oauth2AuthenticationPolicy.js [Correcto]
oauth2AuthenticationPolicy.js.map [Correcto]

 Descomprimiendo archivos en C:\controlab-h\backend\node_modules\@typespec\ts-http-runtime\dist\commonjs\retryStrategies\

exponentialRetryStrategy.d.ts [Correcto]
exponentialRetryStrategy.js [Correcto]
exponentialRetryStrategy.js.map [Correcto]
retryStrategy.d.ts [Correcto]
retryStrategy.js [Correcto]
retryStrategy.js.map [Correcto]
throttlingRetryStrategy.d.ts [Correcto]
throttlingRetryStrategy.js [Correcto]
throttlingRetryStrategy.js.map [Correcto]

 Descomprimiendo archivos en C:\controlab-h\backend\node_modules\@typespec\ts-http-runtime\dist\commonjs\util\

bytesEncoding.d.ts [Correcto]
bytesEncoding.js [Correcto]
bytesEncoding.js.map [Correcto]
concat.d.ts [Correcto]
concat.js [Correcto]
concat.js.map [Correcto]
delay.d.ts [Correcto]
delay.js [Correcto]
delay.js.map [Correcto]
error.d.ts [Correcto]
error.js [Correcto]
error.js.map [Correcto]
helpers.d.ts [Correcto]
helpers.js [Correcto]
helpers.js.map [Correcto]
inspect.d.ts [Correcto]
inspect.js [Correcto]
inspect.js.map [Correcto]
internal.d.ts [Correcto]
internal.js [Correcto]
internal.js.map [Correcto]
object.d.ts [Correcto]
object.js [Correcto]
object.js.map [Correcto]
random.d.ts [Correcto]
random.js [Correcto]
random.js.map [Correcto]
sanitizer.d.ts [Correcto]
sanitizer.js [Correcto]
sanitizer.js.map [Correcto]
sha256.d.ts [Correcto]
sha256.js [Correcto]
sha256.js.map [Correcto]
typeGuards-node.d.ts [Correcto]
typeGuards-node.js [Correcto]
typeGuards-node.js.map [Correcto]
typeGuards.d.ts [Correcto]
typeGuards.js [Correcto]
typeGuards.js.map [Correcto]
userAgent.d.ts [Correcto]
userAgent.js [Correcto]
userAgent.js.map [Correcto]
userAgentPlatform.d.ts [Correcto]
userAgentPlatform.js [Correcto]
userAgentPlatform.js.map [Correcto]
uuidUtils.d.ts [Correcto]
uuidUtils.js [Correcto]
uuidUtils.js.map [Correcto]

 Descomprimiendo archivos en C:\controlab-h\backend\node_modules\@typespec\ts-http-runtime\dist\esm\

abort-controller [Correcto]
auth [Correcto]
client [Correcto]
constants.d.ts [Correcto]
constants.js [Correcto]
constants.js.map [Correcto]
createPipelineFromOptions.d.ts [Correcto]
createPipelineFromOptions.js [Correcto]
createPipelineFromOptions.js.map [Correcto]
defaultHttpClient.d.ts [Correcto]
defaultHttpClient.js [Correcto]
defaultHttpClient.js.map [Correcto]
env.d.ts [Correcto]
env.js [Correcto]
env.js.map [Correcto]
formData.d.ts [Correcto]
formData.js [Correcto]
formData.js.map [Correcto]
httpHeaders.d.ts [Correcto]
httpHeaders.js [Correcto]
httpHeaders.js.map [Correcto]
index.d.ts [Correcto]
index.js [Correcto]
index.js.map [Correcto]
interfaces.d.ts [Correcto]
interfaces.js [Correcto]
interfaces.js.map [Correcto]
log.d.ts [Correcto]
log.js [Correcto]
log.js.map [Correcto]
logger [Correcto]
nodeHttpClient.d.ts [Correcto]
nodeHttpClient.js [Correcto]
nodeHttpClient.js.map [Correcto]
package.json [Correcto]
pipeline.d.ts [Correcto]
pipeline.js [Correcto]
pipeline.js.map [Correcto]
pipelineRequest.d.ts [Correcto]
pipelineRequest.js [Correcto]
pipelineRequest.js.map [Correcto]
policies [Correcto]
restError.d.ts [Correcto]
restError.js [Correcto]
restError.js.map [Correcto]
retryStrategies [Correcto]
types.d.ts [Correcto]
types.js [Correcto]
types.js.map [Correcto]
util [Correcto]

 Descomprimiendo archivos en C:\controlab-h\backend\node_modules\@typespec\ts-http-runtime\dist\esm\abort-controller\

AbortError.d.ts [Correcto]
AbortError.js [Correcto]
AbortError.js.map [Correcto]

 Descomprimiendo archivos en C:\controlab-h\backend\node_modules\@typespec\ts-http-runtime\dist\esm\auth\

credentials.d.ts [Correcto]
credentials.js [Correcto]
credentials.js.map [Correcto]
oauth2Flows.d.ts [Correcto]
oauth2Flows.js [Correcto]
oauth2Flows.js.map [Correcto]
schemes.d.ts [Correcto]
schemes.js [Correcto]
schemes.js.map [Correcto]

 Descomprimiendo archivos en C:\controlab-h\backend\node_modules\@typespec\ts-http-runtime\dist\esm\client\

apiVersionPolicy.d.ts [Correcto]
apiVersionPolicy.js [Correcto]
apiVersionPolicy.js.map [Correcto]
clientHelpers.d.ts [Correcto]
clientHelpers.js [Correcto]
clientHelpers.js.map [Correcto]
common.d.ts [Correcto]
common.js [Correcto]
common.js.map [Correcto]
getClient.d.ts [Correcto]
getClient.js [Correcto]
getClient.js.map [Correcto]
multipart.d.ts [Correcto]
multipart.js [Correcto]
multipart.js.map [Correcto]
operationOptionHelpers.d.ts [Correcto]
operationOptionHelpers.js [Correcto]
operationOptionHelpers.js.map [Correcto]
restError.d.ts [Correcto]
restError.js [Correcto]
restError.js.map [Correcto]
sendRequest.d.ts [Correcto]
sendRequest.js [Correcto]
sendRequest.js.map [Correcto]
urlHelpers.d.ts [Correcto]
urlHelpers.js [Correcto]
urlHelpers.js.map [Correcto]

 Descomprimiendo archivos en C:\controlab-h\backend\node_modules\@typespec\ts-http-runtime\dist\esm\logger\

debug.d.ts [Correcto]
debug.js [Correcto]
debug.js.map [Correcto]
internal.d.ts [Correcto]
internal.js [Correcto]
internal.js.map [Correcto]
log.d.ts [Correcto]
log.js [Correcto]
log.js.map [Correcto]
logger.d.ts [Correcto]
logger.js [Correcto]
logger.js.map [Correcto]

 Descomprimiendo archivos en C:\controlab-h\backend\node_modules\@typespec\ts-http-runtime\dist\esm\policies\

agentPolicy.d.ts [Correcto]
agentPolicy.js [Correcto]
agentPolicy.js.map [Correcto]
auth [Correcto]
decompressResponsePolicy.d.ts [Correcto]
decompressResponsePolicy.js [Correcto]
decompressResponsePolicy.js.map [Correcto]
defaultRetryPolicy.d.ts [Correcto]
defaultRetryPolicy.js [Correcto]
defaultRetryPolicy.js.map [Correcto]
exponentialRetryPolicy.d.ts [Correcto]
exponentialRetryPolicy.js [Correcto]
exponentialRetryPolicy.js.map [Correcto]
formDataPolicy.d.ts [Correcto]
formDataPolicy.js [Correcto]
formDataPolicy.js.map [Correcto]
internal.d.ts [Correcto]
internal.js [Correcto]
internal.js.map [Correcto]
logPolicy.d.ts [Correcto]
logPolicy.js [Correcto]
logPolicy.js.map [Correcto]
multipartPolicy.d.ts [Correcto]
multipartPolicy.js [Correcto]
multipartPolicy.js.map [Correcto]
platformPolicies.d.ts [Correcto]
platformPolicies.js [Correcto]
platformPolicies.js.map [Correcto]
proxyPolicy.d.ts [Correcto]
proxyPolicy.js [Correcto]
proxyPolicy.js.map [Correcto]
redirectPolicy.d.ts [Correcto]
redirectPolicy.js [Correcto]
redirectPolicy.js.map [Correcto]
retryPolicy.d.ts [Correcto]
retryPolicy.js [Correcto]
retryPolicy.js.map [Correcto]
systemErrorRetryPolicy.d.ts [Correcto]
systemErrorRetryPolicy.js [Correcto]
systemErrorRetryPolicy.js.map [Correcto]
throttlingRetryPolicy.d.ts [Correcto]
throttlingRetryPolicy.js [Correcto]
throttlingRetryPolicy.js.map [Correcto]
tlsPolicy.d.ts [Correcto]
tlsPolicy.js [Correcto]
tlsPolicy.js.map [Correcto]
userAgentPolicy.d.ts [Correcto]
userAgentPolicy.js [Correcto]
userAgentPolicy.js.map [Correcto]

 Descomprimiendo archivos en C:\controlab-h\backend\node_modules\@typespec\ts-http-runtime\dist\esm\policies\auth\

apiKeyAuthenticationPolicy.d.ts [Correcto]
apiKeyAuthenticationPolicy.js [Correcto]
apiKeyAuthenticationPolicy.js.map [Correcto]
basicAuthenticationPolicy.d.ts [Correcto]
basicAuthenticationPolicy.js [Correcto]
basicAuthenticationPolicy.js.map [Correcto]
bearerAuthenticationPolicy.d.ts [Correcto]
bearerAuthenticationPolicy.js [Correcto]
bearerAuthenticationPolicy.js.map [Correcto]
checkInsecureConnection.d.ts [Correcto]
checkInsecureConnection.js [Correcto]
checkInsecureConnection.js.map [Correcto]
oauth2AuthenticationPolicy.d.ts [Correcto]
oauth2AuthenticationPolicy.js [Correcto]
oauth2AuthenticationPolicy.js.map [Correcto]

 Descomprimiendo archivos en C:\controlab-h\backend\node_modules\@typespec\ts-http-runtime\dist\esm\retryStrategies\

exponentialRetryStrategy.d.ts [Correcto]
exponentialRetryStrategy.js [Correcto]
exponentialRetryStrategy.js.map [Correcto]
retryStrategy.d.ts [Correcto]
retryStrategy.js [Correcto]
retryStrategy.js.map [Correcto]
throttlingRetryStrategy.d.ts [Correcto]
throttlingRetryStrategy.js [Correcto]
throttlingRetryStrategy.js.map [Correcto]

 Descomprimiendo archivos en C:\controlab-h\backend\node_modules\@typespec\ts-http-runtime\dist\esm\util\

bytesEncoding.d.ts [Correcto]
bytesEncoding.js [Correcto]
bytesEncoding.js.map [Correcto]
concat.d.ts [Correcto]
concat.js [Correcto]
concat.js.map [Correcto]
delay.d.ts [Correcto]
delay.js [Correcto]
delay.js.map [Correcto]
error.d.ts [Correcto]
error.js [Correcto]
error.js.map [Correcto]
helpers.d.ts [Correcto]
helpers.js [Correcto]
helpers.js.map [Correcto]
inspect.d.ts [Correcto]
inspect.js [Correcto]
inspect.js.map [Correcto]
internal.d.ts [Correcto]
internal.js [Correcto]
internal.js.map [Correcto]
object.d.ts [Correcto]
object.js [Correcto]
object.js.map [Correcto]
random.d.ts [Correcto]
random.js [Correcto]
random.js.map [Correcto]
sanitizer.d.ts [Correcto]
sanitizer.js [Correcto]
sanitizer.js.map [Correcto]
sha256.d.ts [Correcto]
sha256.js [Correcto]
sha256.js.map [Correcto]
typeGuards-node.d.ts [Correcto]
typeGuards-node.js [Correcto]
typeGuards-node.js.map [Correcto]
typeGuards.d.ts [Correcto]
typeGuards.js [Correcto]
typeGuards.js.map [Correcto]
userAgent.d.ts [Correcto]
userAgent.js [Correcto]
userAgent.js.map [Correcto]
userAgentPlatform.d.ts [Correcto]
userAgentPlatform.js [Correcto]
userAgentPlatform.js.map [Correcto]
uuidUtils.d.ts [Correcto]
uuidUtils.js [Correcto]
uuidUtils.js.map [Correcto]

 Descomprimiendo archivos en C:\controlab-h\backend\node_modules\@typespec\ts-http-runtime\dist\react-native\

abort-controller [Correcto]
auth [Correcto]
client [Correcto]
constants.d.ts [Correcto]
constants.js [Correcto]
constants.js.map [Correcto]
createPipelineFromOptions.d.ts [Correcto]
createPipelineFromOptions.js [Correcto]
createPipelineFromOptions.js.map [Correcto]
defaultHttpClient-react-native.d.mts [Correcto]
defaultHttpClient-react-native.mjs [Correcto]
defaultHttpClient-react-native.mjs.map [Correcto]
encoding-react-native.d.mts [Correcto]
encoding-react-native.mjs [Correcto]
encoding-react-native.mjs.map [Correcto]
env-react-native.d.mts [Correcto]
env-react-native.mjs [Correcto]
env-react-native.mjs.map [Correcto]
formData-web.d.mts [Correcto]
formData-web.mjs [Correcto]
formData-web.mjs.map [Correcto]
httpHeaders.d.ts [Correcto]
httpHeaders.js [Correcto]
httpHeaders.js.map [Correcto]
index.d.ts [Correcto]
index.js [Correcto]
index.js.map [Correcto]
interfaces.d.ts [Correcto]
interfaces.js [Correcto]
interfaces.js.map [Correcto]
log.d.ts [Correcto]
log.js [Correcto]
log.js.map [Correcto]
logger [Correcto]
package.json [Correcto]
pipeline.d.ts [Correcto]
pipeline.js [Correcto]
pipeline.js.map [Correcto]
pipelineRequest.d.ts [Correcto]
pipelineRequest.js [Correcto]
pipelineRequest.js.map [Correcto]
policies [Correcto]
restError.d.ts [Correcto]
restError.js [Correcto]
restError.js.map [Correcto]
retryStrategies [Correcto]
types-react-native.d.mts [Correcto]
types-react-native.mjs [Correcto]
types-react-native.mjs.map [Correcto]
util [Correcto]
xhrHttpClient.d.ts [Correcto]
xhrHttpClient.js [Correcto]
xhrHttpClient.js.map [Correcto]

 Descomprimiendo archivos en C:\controlab-h\backend\node_modules\@typespec\ts-http-runtime\dist\react-native\abort-controller\

AbortError.d.ts [Correcto]
AbortError.js [Correcto]
AbortError.js.map [Correcto]

 Descomprimiendo archivos en C:\controlab-h\backend\node_modules\@typespec\ts-http-runtime\dist\react-native\auth\

credentials.d.ts [Correcto]
credentials.js [Correcto]
credentials.js.map [Correcto]
oauth2Flows.d.ts [Correcto]
oauth2Flows.js [Correcto]
oauth2Flows.js.map [Correcto]
schemes.d.ts [Correcto]
schemes.js [Correcto]
schemes.js.map [Correcto]

 Descomprimiendo archivos en C:\controlab-h\backend\node_modules\@typespec\ts-http-runtime\dist\react-native\client\

apiVersionPolicy.d.ts [Correcto]
apiVersionPolicy.js [Correcto]
apiVersionPolicy.js.map [Correcto]
clientHelpers.d.ts [Correcto]
clientHelpers.js [Correcto]
clientHelpers.js.map [Correcto]
common.d.ts [Correcto]
common.js [Correcto]
common.js.map [Correcto]
getClient.d.ts [Correcto]
getClient.js [Correcto]
getClient.js.map [Correcto]
multipart.d.ts [Correcto]
multipart.js [Correcto]
multipart.js.map [Correcto]
operationOptionHelpers.d.ts [Correcto]
operationOptionHelpers.js [Correcto]
operationOptionHelpers.js.map [Correcto]
restError.d.ts [Correcto]
restError.js [Correcto]
restError.js.map [Correcto]
sendRequest.d.ts [Correcto]
sendRequest.js [Correcto]
sendRequest.js.map [Correcto]
urlHelpers.d.ts [Correcto]
urlHelpers.js [Correcto]
urlHelpers.js.map [Correcto]

 Descomprimiendo archivos en C:\controlab-h\backend\node_modules\@typespec\ts-http-runtime\dist\react-native\logger\

debug.d.ts [Correcto]
debug.js [Correcto]
debug.js.map [Correcto]
internal.d.ts [Correcto]
internal.js [Correcto]
internal.js.map [Correcto]
log-web.d.mts [Correcto]
log-web.mjs [Correcto]
log-web.mjs.map [Correcto]
log.common.d.ts [Correcto]
log.common.js [Correcto]
log.common.js.map [Correcto]
logger.d.ts [Correcto]
logger.js [Correcto]
logger.js.map [Correcto]

 Descomprimiendo archivos en C:\controlab-h\backend\node_modules\@typespec\ts-http-runtime\dist\react-native\policies\

agentPolicy.d.ts [Correcto]
agentPolicy.js [Correcto]
agentPolicy.js.map [Correcto]
auth [Correcto]
decompressResponsePolicy-web.d.mts [Correcto]
decompressResponsePolicy-web.mjs [Correcto]
decompressResponsePolicy-web.mjs.map [Correcto]
defaultRetryPolicy.d.ts [Correcto]
defaultRetryPolicy.js [Correcto]
defaultRetryPolicy.js.map [Correcto]
exponentialRetryPolicy.d.ts [Correcto]
exponentialRetryPolicy.js [Correcto]
exponentialRetryPolicy.js.map [Correcto]
formDataPolicy.d.ts [Correcto]
formDataPolicy.js [Correcto]
formDataPolicy.js.map [Correcto]
internal.d.ts [Correcto]
internal.js [Correcto]
internal.js.map [Correcto]
logPolicy.d.ts [Correcto]
logPolicy.js [Correcto]
logPolicy.js.map [Correcto]
multipartPolicy.d.ts [Correcto]
multipartPolicy.js [Correcto]
multipartPolicy.js.map [Correcto]
platformPolicies-web.d.mts [Correcto]
platformPolicies-web.mjs [Correcto]
platformPolicies-web.mjs.map [Correcto]
platformPolicies.d.ts [Correcto]
platformPolicies.js [Correcto]
platformPolicies.js.map [Correcto]
proxyPolicy-web.d.mts [Correcto]
proxyPolicy-web.mjs [Correcto]
proxyPolicy-web.mjs.map [Correcto]
proxyPolicy.common.d.ts [Correcto]
proxyPolicy.common.js [Correcto]
proxyPolicy.common.js.map [Correcto]
redirectPolicy.d.ts [Correcto]
redirectPolicy.js [Correcto]
redirectPolicy.js.map [Correcto]
retryPolicy.d.ts [Correcto]
retryPolicy.js [Correcto]
retryPolicy.js.map [Correcto]
systemErrorRetryPolicy.d.ts [Correcto]
systemErrorRetryPolicy.js [Correcto]
systemErrorRetryPolicy.js.map [Correcto]
throttlingRetryPolicy.d.ts [Correcto]
throttlingRetryPolicy.js [Correcto]
throttlingRetryPolicy.js.map [Correcto]
tlsPolicy.d.ts [Correcto]
tlsPolicy.js [Correcto]
tlsPolicy.js.map [Correcto]
userAgentPolicy.d.ts [Correcto]
userAgentPolicy.js [Correcto]
userAgentPolicy.js.map [Correcto]

 Descomprimiendo archivos en C:\controlab-h\backend\node_modules\@typespec\ts-http-runtime\dist\react-native\policies\auth\

apiKeyAuthenticationPolicy.d.ts [Correcto]
apiKeyAuthenticationPolicy.js [Correcto]
apiKeyAuthenticationPolicy.js.map [Correcto]
basicAuthenticationPolicy.d.ts [Correcto]
basicAuthenticationPolicy.js [Correcto]
basicAuthenticationPolicy.js.map [Correcto]
bearerAuthenticationPolicy.d.ts [Correcto]
bearerAuthenticationPolicy.js [Correcto]
bearerAuthenticationPolicy.js.map [Correcto]
checkInsecureConnection.d.ts [Correcto]
checkInsecureConnection.js [Correcto]
checkInsecureConnection.js.map [Correcto]
oauth2AuthenticationPolicy.d.ts [Correcto]
oauth2AuthenticationPolicy.js [Correcto]
oauth2AuthenticationPolicy.js.map [Correcto]

 Descomprimiendo archivos en C:\controlab-h\backend\node_modules\@typespec\ts-http-runtime\dist\react-native\retryStrategies\

exponentialRetryStrategy.d.ts [Correcto]
exponentialRetryStrategy.js [Correcto]
exponentialRetryStrategy.js.map [Correcto]
retryStrategy.d.ts [Correcto]
retryStrategy.js [Correcto]
retryStrategy.js.map [Correcto]
throttlingRetryStrategy.d.ts [Correcto]
throttlingRetryStrategy.js [Correcto]
throttlingRetryStrategy.js.map [Correcto]

 Descomprimiendo archivos en C:\controlab-h\backend\node_modules\@typespec\ts-http-runtime\dist\react-native\util\

arrayBuffer.d.ts [Correcto]
arrayBuffer.js [Correcto]
arrayBuffer.js.map [Correcto]
bytesEncoding-web.d.mts [Correcto]
bytesEncoding-web.mjs [Correcto]
bytesEncoding-web.mjs.map [Correcto]
bytesEncoding.common.d.ts [Correcto]
bytesEncoding.common.js [Correcto]
bytesEncoding.common.js.map [Correcto]
concat-react-native.d.mts [Correcto]
concat-react-native.mjs [Correcto]
concat-react-native.mjs.map [Correcto]
delay.d.ts [Correcto]
delay.js [Correcto]
delay.js.map [Correcto]
error.d.ts [Correcto]
error.js [Correcto]
error.js.map [Correcto]
helpers.d.ts [Correcto]
helpers.js [Correcto]
helpers.js.map [Correcto]
inspect-web.d.mts [Correcto]
inspect-web.mjs [Correcto]
inspect-web.mjs.map [Correcto]
inspect.common.d.ts [Correcto]
inspect.common.js [Correcto]
inspect.common.js.map [Correcto]
internal.d.ts [Correcto]
internal.js [Correcto]
internal.js.map [Correcto]
object.d.ts [Correcto]
object.js [Correcto]
object.js.map [Correcto]
random.d.ts [Correcto]
random.js [Correcto]
random.js.map [Correcto]
sanitizer.d.ts [Correcto]
sanitizer.js [Correcto]
sanitizer.js.map [Correcto]
sha256-web.d.mts [Correcto]
sha256-web.mjs [Correcto]
sha256-web.mjs.map [Correcto]
sha256.common.d.ts [Correcto]
sha256.common.js [Correcto]
sha256.common.js.map [Correcto]
typeGuards-react-native.d.mts [Correcto]
typeGuards-react-native.mjs [Correcto]
typeGuards-react-native.mjs.map [Correcto]
typeGuards.d.ts [Correcto]
typeGuards.js [Correcto]
typeGuards.js.map [Correcto]
userAgent.d.ts [Correcto]
userAgent.js [Correcto]
userAgent.js.map [Correcto]
userAgentPlatform-react-native.d.mts [Correcto]
userAgentPlatform-react-native.mjs [Correcto]
userAgentPlatform-react-native.mjs.map [Correcto]
uuidUtils-react-native.d.mts [Correcto]
uuidUtils-react-native.mjs [Correcto]
uuidUtils-react-native.mjs.map [Correcto]
uuidUtils.common.d.ts [Correcto]
uuidUtils.common.js [Correcto]
uuidUtils.common.js.map [Correcto]

 Descomprimiendo archivos en C:\controlab-h\backend\node_modules\abort-controller\

browser.js [Correcto]
browser.mjs [Correcto]
dist [Correcto]
LICENSE [Correcto]
package.json [Correcto]
polyfill.js [Correcto]
polyfill.mjs [Correcto]
README.md [Correcto]

 Descomprimiendo archivos en C:\controlab-h\backend\node_modules\abort-controller\dist\

abort-controller.d.ts [Correcto]
abort-controller.js [Correcto]
abort-controller.js.map [Correcto]
abort-controller.mjs [Correcto]
abort-controller.mjs.map [Correcto]
abort-controller.umd.js [Correcto]
abort-controller.umd.js.map [Correcto]

 Descomprimiendo archivos en C:\controlab-h\backend\node_modules\accepts\

HISTORY.md [Correcto]
index.js [Correcto]
LICENSE [Correcto]
package.json [Correcto]
README.md [Correcto]

 Descomprimiendo archivos en C:\controlab-h\backend\node_modules\agent-base\

dist [Correcto]
LICENSE [Correcto]
package.json [Correcto]
README.md [Correcto]

 Descomprimiendo archivos en C:\controlab-h\backend\node_modules\agent-base\dist\

helpers.d.ts [Correcto]
helpers.d.ts.map [Correcto]
helpers.js [Correcto]
helpers.js.map [Correcto]
index.d.ts [Correcto]
index.d.ts.map [Correcto]
index.js [Correcto]
index.js.map [Correcto]

 Descomprimiendo archivos en C:\controlab-h\backend\node_modules\ajv\

.runkit_example.js [Correcto]
dist [Correcto]
lib [Correcto]
LICENSE [Correcto]
package.json [Correcto]
README.md [Correcto]

 Descomprimiendo archivos en C:\controlab-h\backend\node_modules\ajv\dist\

2019.d.ts [Correcto]
2019.js [Correcto]
2019.js.map [Correcto]
2020.d.ts [Correcto]
2020.js [Correcto]
2020.js.map [Correcto]
ajv.d.ts [Correcto]
ajv.js [Correcto]
ajv.js.map [Correcto]
compile [Correcto]
core.d.ts [Correcto]
core.js [Correcto]
core.js.map [Correcto]
jtd.d.ts [Correcto]
jtd.js [Correcto]
jtd.js.map [Correcto]
refs [Correcto]
runtime [Correcto]
standalone [Correcto]
types [Correcto]
vocabularies [Correcto]

 Descomprimiendo archivos en C:\controlab-h\backend\node_modules\ajv\dist\compile\

codegen [Correcto]
errors.d.ts [Correcto]
errors.js [Correcto]
errors.js.map [Correcto]
index.d.ts [Correcto]
index.js [Correcto]
index.js.map [Correcto]
jtd [Correcto]
names.d.ts [Correcto]
names.js [Correcto]
names.js.map [Correcto]
ref_error.d.ts [Correcto]
ref_error.js [Correcto]
ref_error.js.map [Correcto]
resolve.d.ts [Correcto]
resolve.js [Correcto]
resolve.js.map [Correcto]
rules.d.ts [Correcto]
rules.js [Correcto]
rules.js.map [Correcto]
util.d.ts [Correcto]
util.js [Correcto]
util.js.map [Correcto]
validate [Correcto]

 Descomprimiendo archivos en C:\controlab-h\backend\node_modules\ajv\dist\compile\codegen\

code.d.ts [Correcto]
code.js [Correcto]
code.js.map [Correcto]
index.d.ts [Correcto]
index.js [Correcto]
index.js.map [Correcto]
scope.d.ts [Correcto]
scope.js [Correcto]
scope.js.map [Correcto]

 Descomprimiendo archivos en C:\controlab-h\backend\node_modules\ajv\dist\compile\jtd\

parse.d.ts [Correcto]
parse.js [Correcto]
parse.js.map [Correcto]
serialize.d.ts [Correcto]
serialize.js [Correcto]
serialize.js.map [Correcto]
types.d.ts [Correcto]
types.js [Correcto]
types.js.map [Correcto]

 Descomprimiendo archivos en C:\controlab-h\backend\node_modules\ajv\dist\compile\validate\

applicability.d.ts [Correcto]
applicability.js [Correcto]
applicability.js.map [Correcto]
boolSchema.d.ts [Correcto]
boolSchema.js [Correcto]
boolSchema.js.map [Correcto]
dataType.d.ts [Correcto]
dataType.js [Correcto]
dataType.js.map [Correcto]
defaults.d.ts [Correcto]
defaults.js [Correcto]
defaults.js.map [Correcto]
index.d.ts [Correcto]
index.js [Correcto]
index.js.map [Correcto]
keyword.d.ts [Correcto]
keyword.js [Correcto]
keyword.js.map [Correcto]
subschema.d.ts [Correcto]
subschema.js [Correcto]
subschema.js.map [Correcto]

 Descomprimiendo archivos en C:\controlab-h\backend\node_modules\ajv\dist\refs\

data.json [Correcto]
json-schema-2019-09 [Correcto]
json-schema-2020-12 [Correcto]
json-schema-draft-06.json [Correcto]
json-schema-draft-07.json [Correcto]
json-schema-secure.json [Correcto]
jtd-schema.d.ts [Correcto]
jtd-schema.js [Correcto]
jtd-schema.js.map [Correcto]

 Descomprimiendo archivos en C:\controlab-h\backend\node_modules\ajv\dist\refs\json-schema-2019-09\

index.d.ts [Correcto]
index.js [Correcto]
index.js.map [Correcto]
meta [Correcto]
schema.json [Correcto]

 Descomprimiendo archivos en C:\controlab-h\backend\node_modules\ajv\dist\refs\json-schema-2019-09\meta\

applicator.json [Correcto]
content.json [Correcto]
core.json [Correcto]
format.json [Correcto]
meta-data.json [Correcto]
validation.json [Correcto]

 Descomprimiendo archivos en C:\controlab-h\backend\node_modules\ajv\dist\refs\json-schema-2020-12\

index.d.ts [Correcto]
index.js [Correcto]
index.js.map [Correcto]
meta [Correcto]
schema.json [Correcto]

 Descomprimiendo archivos en C:\controlab-h\backend\node_modules\ajv\dist\refs\json-schema-2020-12\meta\

applicator.json [Correcto]
content.json [Correcto]
core.json [Correcto]
format-annotation.json [Correcto]
meta-data.json [Correcto]
unevaluated.json [Correcto]
validation.json [Correcto]

 Descomprimiendo archivos en C:\controlab-h\backend\node_modules\ajv\dist\runtime\

equal.d.ts [Correcto]
equal.js [Correcto]
equal.js.map [Correcto]
parseJson.d.ts [Correcto]
parseJson.js [Correcto]
parseJson.js.map [Correcto]
quote.d.ts [Correcto]
quote.js [Correcto]
quote.js.map [Correcto]
re2.d.ts [Correcto]
re2.js [Correcto]
re2.js.map [Correcto]
timestamp.d.ts [Correcto]
timestamp.js [Correcto]
timestamp.js.map [Correcto]
ucs2length.d.ts [Correcto]
ucs2length.js [Correcto]
ucs2length.js.map [Correcto]
uri.d.ts [Correcto]
uri.js [Correcto]
uri.js.map [Correcto]
validation_error.d.ts [Correcto]
validation_error.js [Correcto]
validation_error.js.map [Correcto]

 Descomprimiendo archivos en C:\controlab-h\backend\node_modules\ajv\dist\standalone\

index.d.ts [Correcto]
index.js [Correcto]
index.js.map [Correcto]
instance.d.ts [Correcto]
instance.js [Correcto]
instance.js.map [Correcto]

 Descomprimiendo archivos en C:\controlab-h\backend\node_modules\ajv\dist\types\

index.d.ts [Correcto]
index.js [Correcto]
index.js.map [Correcto]
json-schema.d.ts [Correcto]
json-schema.js [Correcto]
json-schema.js.map [Correcto]
jtd-schema.d.ts [Correcto]
jtd-schema.js [Correcto]
jtd-schema.js.map [Correcto]

 Descomprimiendo archivos en C:\controlab-h\backend\node_modules\ajv\dist\vocabularies\

applicator [Correcto]
code.d.ts [Correcto]
code.js [Correcto]
code.js.map [Correcto]
core [Correcto]
discriminator [Correcto]
draft2020.d.ts [Correcto]
draft2020.js [Correcto]
draft2020.js.map [Correcto]
draft7.d.ts [Correcto]
draft7.js [Correcto]
draft7.js.map [Correcto]
dynamic [Correcto]
errors.d.ts [Correcto]
errors.js [Correcto]
errors.js.map [Correcto]
format [Correcto]
jtd [Correcto]
metadata.d.ts [Correcto]
metadata.js [Correcto]
metadata.js.map [Correcto]
next.d.ts [Correcto]
next.js [Correcto]
next.js.map [Correcto]
unevaluated [Correcto]
validation [Correcto]

 Descomprimiendo archivos en C:\controlab-h\backend\node_modules\ajv\dist\vocabularies\applicator\

additionalItems.d.ts [Correcto]
additionalItems.js [Correcto]
additionalItems.js.map [Correcto]
additionalProperties.d.ts [Correcto]
additionalProperties.js [Correcto]
additionalProperties.js.map [Correcto]
allOf.d.ts [Correcto]
allOf.js [Correcto]
allOf.js.map [Correcto]
anyOf.d.ts [Correcto]
anyOf.js [Correcto]
anyOf.js.map [Correcto]
contains.d.ts [Correcto]
contains.js [Correcto]
contains.js.map [Correcto]
dependencies.d.ts [Correcto]
dependencies.js [Correcto]
dependencies.js.map [Correcto]
dependentSchemas.d.ts [Correcto]
dependentSchemas.js [Correcto]
dependentSchemas.js.map [Correcto]
if.d.ts [Correcto]
if.js [Correcto]
if.js.map [Correcto]
index.d.ts [Correcto]
index.js [Correcto]
index.js.map [Correcto]
items.d.ts [Correcto]
items.js [Correcto]
items.js.map [Correcto]
items2020.d.ts [Correcto]
items2020.js [Correcto]
items2020.js.map [Correcto]
not.d.ts [Correcto]
not.js [Correcto]
not.js.map [Correcto]
oneOf.d.ts [Correcto]
oneOf.js [Correcto]
oneOf.js.map [Correcto]
patternProperties.d.ts [Correcto]
patternProperties.js [Correcto]
patternProperties.js.map [Correcto]
prefixItems.d.ts [Correcto]
prefixItems.js [Correcto]
prefixItems.js.map [Correcto]
properties.d.ts [Correcto]
properties.js [Correcto]
properties.js.map [Correcto]
propertyNames.d.ts [Correcto]
propertyNames.js [Correcto]
propertyNames.js.map [Correcto]
thenElse.d.ts [Correcto]
thenElse.js [Correcto]
thenElse.js.map [Correcto]

 Descomprimiendo archivos en C:\controlab-h\backend\node_modules\ajv\dist\vocabularies\core\

id.d.ts [Correcto]
id.js [Correcto]
id.js.map [Correcto]
index.d.ts [Correcto]
index.js [Correcto]
index.js.map [Correcto]
ref.d.ts [Correcto]
ref.js [Correcto]
ref.js.map [Correcto]

 Descomprimiendo archivos en C:\controlab-h\backend\node_modules\ajv\dist\vocabularies\discriminator\

index.d.ts [Correcto]
index.js [Correcto]
index.js.map [Correcto]
types.d.ts [Correcto]
types.js [Correcto]
types.js.map [Correcto]

 Descomprimiendo archivos en C:\controlab-h\backend\node_modules\ajv\dist\vocabularies\dynamic\

dynamicAnchor.d.ts [Correcto]
dynamicAnchor.js [Correcto]
dynamicAnchor.js.map [Correcto]
dynamicRef.d.ts [Correcto]
dynamicRef.js [Correcto]
dynamicRef.js.map [Correcto]
index.d.ts [Correcto]
index.js [Correcto]
index.js.map [Correcto]
recursiveAnchor.d.ts [Correcto]
recursiveAnchor.js [Correcto]
recursiveAnchor.js.map [Correcto]
recursiveRef.d.ts [Correcto]
recursiveRef.js [Correcto]
recursiveRef.js.map [Correcto]

 Descomprimiendo archivos en C:\controlab-h\backend\node_modules\ajv\dist\vocabularies\format\

format.d.ts [Correcto]
format.js [Correcto]
format.js.map [Correcto]
index.d.ts [Correcto]
index.js [Correcto]
index.js.map [Correcto]

 Descomprimiendo archivos en C:\controlab-h\backend\node_modules\ajv\dist\vocabularies\jtd\

discriminator.d.ts [Correcto]
discriminator.js [Correcto]
discriminator.js.map [Correcto]
elements.d.ts [Correcto]
elements.js [Correcto]
elements.js.map [Correcto]
enum.d.ts [Correcto]
enum.js [Correcto]
enum.js.map [Correcto]
error.d.ts [Correcto]
error.js [Correcto]
error.js.map [Correcto]
index.d.ts [Correcto]
index.js [Correcto]
index.js.map [Correcto]
metadata.d.ts [Correcto]
metadata.js [Correcto]
metadata.js.map [Correcto]
nullable.d.ts [Correcto]
nullable.js [Correcto]
nullable.js.map [Correcto]
optionalProperties.d.ts [Correcto]
optionalProperties.js [Correcto]
optionalProperties.js.map [Correcto]
properties.d.ts [Correcto]
properties.js [Correcto]
properties.js.map [Correcto]
ref.d.ts [Correcto]
ref.js [Correcto]
ref.js.map [Correcto]
type.d.ts [Correcto]
type.js [Correcto]
type.js.map [Correcto]
union.d.ts [Correcto]
union.js [Correcto]
union.js.map [Correcto]
values.d.ts [Correcto]
values.js [Correcto]
values.js.map [Correcto]

 Descomprimiendo archivos en C:\controlab-h\backend\node_modules\ajv\dist\vocabularies\unevaluated\

index.d.ts [Correcto]
index.js [Correcto]
index.js.map [Correcto]
unevaluatedItems.d.ts [Correcto]
unevaluatedItems.js [Correcto]
unevaluatedItems.js.map [Correcto]
unevaluatedProperties.d.ts [Correcto]
unevaluatedProperties.js [Correcto]
unevaluatedProperties.js.map [Correcto]

 Descomprimiendo archivos en C:\controlab-h\backend\node_modules\ajv\dist\vocabularies\validation\

const.d.ts [Correcto]
const.js [Correcto]
const.js.map [Correcto]
dependentRequired.d.ts [Correcto]
dependentRequired.js [Correcto]
dependentRequired.js.map [Correcto]
enum.d.ts [Correcto]
enum.js [Correcto]
enum.js.map [Correcto]
index.d.ts [Correcto]
index.js [Correcto]
index.js.map [Correcto]
limitContains.d.ts [Correcto]
limitContains.js [Correcto]
limitContains.js.map [Correcto]
limitItems.d.ts [Correcto]
limitItems.js [Correcto]
limitItems.js.map [Correcto]
limitLength.d.ts [Correcto]
limitLength.js [Correcto]
limitLength.js.map [Correcto]
limitNumber.d.ts [Correcto]
limitNumber.js [Correcto]
limitNumber.js.map [Correcto]
limitProperties.d.ts [Correcto]
limitProperties.js [Correcto]
limitProperties.js.map [Correcto]
multipleOf.d.ts [Correcto]
multipleOf.js [Correcto]
multipleOf.js.map [Correcto]
pattern.d.ts [Correcto]
pattern.js [Correcto]
pattern.js.map [Correcto]
required.d.ts [Correcto]
required.js [Correcto]
required.js.map [Correcto]
uniqueItems.d.ts [Correcto]
uniqueItems.js [Correcto]
uniqueItems.js.map [Correcto]

 Descomprimiendo archivos en C:\controlab-h\backend\node_modules\ajv\lib\

2019.ts [Correcto]
2020.ts [Correcto]
ajv.ts [Correcto]
compile [Correcto]
core.ts [Correcto]
jtd.ts [Correcto]
refs [Correcto]
runtime [Correcto]
standalone [Correcto]
types [Correcto]
vocabularies [Correcto]

 Descomprimiendo archivos en C:\controlab-h\backend\node_modules\ajv\lib\compile\

codegen [Correcto]
errors.ts [Correcto]
index.ts [Correcto]
jtd [Correcto]
names.ts [Correcto]
ref_error.ts [Correcto]
resolve.ts [Correcto]
rules.ts [Correcto]
util.ts [Correcto]
validate [Correcto]

 Descomprimiendo archivos en C:\controlab-h\backend\node_modules\ajv\lib\compile\codegen\

code.ts [Correcto]
index.ts [Correcto]
scope.ts [Correcto]

 Descomprimiendo archivos en C:\controlab-h\backend\node_modules\ajv\lib\compile\jtd\

parse.ts [Correcto]
serialize.ts [Correcto]
types.ts [Correcto]

 Descomprimiendo archivos en C:\controlab-h\backend\node_modules\ajv\lib\compile\validate\

applicability.ts [Correcto]
boolSchema.ts [Correcto]
dataType.ts [Correcto]
defaults.ts [Correcto]
index.ts [Correcto]
keyword.ts [Correcto]
subschema.ts [Correcto]

 Descomprimiendo archivos en C:\controlab-h\backend\node_modules\ajv\lib\refs\

data.json [Correcto]
json-schema-2019-09 [Correcto]
json-schema-2020-12 [Correcto]
json-schema-draft-06.json [Correcto]
json-schema-draft-07.json [Correcto]
json-schema-secure.json [Correcto]
jtd-schema.ts [Correcto]

 Descomprimiendo archivos en C:\controlab-h\backend\node_modules\ajv\lib\refs\json-schema-2019-09\

index.ts [Correcto]
meta [Correcto]
schema.json [Correcto]

 Descomprimiendo archivos en C:\controlab-h\backend\node_modules\ajv\lib\refs\json-schema-2019-09\meta\

applicator.json [Correcto]
content.json [Correcto]
core.json [Correcto]
format.json [Correcto]
meta-data.json [Correcto]
validation.json [Correcto]

 Descomprimiendo archivos en C:\controlab-h\backend\node_modules\ajv\lib\refs\json-schema-2020-12\

index.ts [Correcto]
meta [Correcto]
schema.json [Correcto]

 Descomprimiendo archivos en C:\controlab-h\backend\node_modules\ajv\lib\refs\json-schema-2020-12\meta\

applicator.json [Correcto]
content.json [Correcto]
core.json [Correcto]
format-annotation.json [Correcto]
meta-data.json [Correcto]
unevaluated.json [Correcto]
validation.json [Correcto]

 Descomprimiendo archivos en C:\controlab-h\backend\node_modules\ajv\lib\runtime\

equal.ts [Correcto]
parseJson.ts [Correcto]
quote.ts [Correcto]
re2.ts [Correcto]
timestamp.ts [Correcto]
ucs2length.ts [Correcto]
uri.ts [Correcto]
validation_error.ts [Correcto]

 Descomprimiendo archivos en C:\controlab-h\backend\node_modules\ajv\lib\standalone\

index.ts [Correcto]
instance.ts [Correcto]

 Descomprimiendo archivos en C:\controlab-h\backend\node_modules\ajv\lib\types\

index.ts [Correcto]
json-schema.ts [Correcto]
jtd-schema.ts [Correcto]

 Descomprimiendo archivos en C:\controlab-h\backend\node_modules\ajv\lib\vocabularies\

applicator [Correcto]
code.ts [Correcto]
core [Correcto]
discriminator [Correcto]
draft2020.ts [Correcto]
draft7.ts [Correcto]
dynamic [Correcto]
errors.ts [Correcto]
format [Correcto]
jtd [Correcto]
metadata.ts [Correcto]
next.ts [Correcto]
unevaluated [Correcto]
validation [Correcto]

 Descomprimiendo archivos en C:\controlab-h\backend\node_modules\ajv\lib\vocabularies\applicator\

additionalItems.ts [Correcto]
additionalProperties.ts [Correcto]
allOf.ts [Correcto]
anyOf.ts [Correcto]
contains.ts [Correcto]
dependencies.ts [Correcto]
dependentSchemas.ts [Correcto]
if.ts [Correcto]
index.ts [Correcto]
items.ts [Correcto]
items2020.ts [Correcto]
not.ts [Correcto]
oneOf.ts [Correcto]
patternProperties.ts [Correcto]
prefixItems.ts [Correcto]
properties.ts [Correcto]
propertyNames.ts [Correcto]
thenElse.ts [Correcto]

 Descomprimiendo archivos en C:\controlab-h\backend\node_modules\ajv\lib\vocabularies\core\

id.ts [Correcto]
index.ts [Correcto]
ref.ts [Correcto]

 Descomprimiendo archivos en C:\controlab-h\backend\node_modules\ajv\lib\vocabularies\discriminator\

index.ts [Correcto]
types.ts [Correcto]

 Descomprimiendo archivos en C:\controlab-h\backend\node_modules\ajv\lib\vocabularies\dynamic\

dynamicAnchor.ts [Correcto]
dynamicRef.ts [Correcto]
index.ts [Correcto]
recursiveAnchor.ts [Correcto]
recursiveRef.ts [Correcto]

 Descomprimiendo archivos en C:\controlab-h\backend\node_modules\ajv\lib\vocabularies\format\

format.ts [Correcto]
index.ts [Correcto]

 Descomprimiendo archivos en C:\controlab-h\backend\node_modules\ajv\lib\vocabularies\jtd\

discriminator.ts [Correcto]
elements.ts [Correcto]
enum.ts [Correcto]
error.ts [Correcto]
index.ts [Correcto]
metadata.ts [Correcto]
nullable.ts [Correcto]
optionalProperties.ts [Correcto]
properties.ts [Correcto]
ref.ts [Correcto]
type.ts [Correcto]
union.ts [Correcto]
values.ts [Correcto]

 Descomprimiendo archivos en C:\controlab-h\backend\node_modules\ajv\lib\vocabularies\unevaluated\

index.ts [Correcto]
unevaluatedItems.ts [Correcto]
unevaluatedProperties.ts [Correcto]

 Descomprimiendo archivos en C:\controlab-h\backend\node_modules\ajv\lib\vocabularies\validation\

const.ts [Correcto]
dependentRequired.ts [Correcto]
enum.ts [Correcto]
index.ts [Correcto]
limitContains.ts [Correcto]
limitItems.ts [Correcto]
limitLength.ts [Correcto]
limitNumber.ts [Correcto]
limitProperties.ts [Correcto]
multipleOf.ts [Correcto]
pattern.ts [Correcto]
required.ts [Correcto]
uniqueItems.ts [Correcto]

 Descomprimiendo archivos en C:\controlab-h\backend\node_modules\anymatch\

index.d.ts [Correcto]
index.js [Correcto]
LICENSE [Correcto]
package.json [Correcto]
README.md [Correcto]

 Descomprimiendo archivos en C:\controlab-h\backend\node_modules\aws-ssl-profiles\

lib [Correcto]
LICENSE [Correcto]
package.json [Correcto]
README.md [Correcto]

 Descomprimiendo archivos en C:\controlab-h\backend\node_modules\aws-ssl-profiles\lib\

@types [Correcto]
index.d.ts [Correcto]
index.js [Correcto]
profiles [Correcto]

 Descomprimiendo archivos en C:\controlab-h\backend\node_modules\aws-ssl-profiles\lib\@types\

profiles.d.ts [Correcto]
profiles.js [Correcto]

 Descomprimiendo archivos en C:\controlab-h\backend\node_modules\aws-ssl-profiles\lib\profiles\

ca [Correcto]

 Descomprimiendo archivos en C:\controlab-h\backend\node_modules\aws-ssl-profiles\lib\profiles\ca\

defaults.d.ts [Correcto]
defaults.js [Correcto]
proxies.d.ts [Correcto]
proxies.js [Correcto]

 Descomprimiendo archivos en C:\controlab-h\backend\node_modules\balanced-match\

dist [Correcto]
LICENSE.md [Correcto]
package.json [Correcto]
README.md [Correcto]

 Descomprimiendo archivos en C:\controlab-h\backend\node_modules\balanced-match\dist\

commonjs [Correcto]
esm [Correcto]

 Descomprimiendo archivos en C:\controlab-h\backend\node_modules\balanced-match\dist\commonjs\

index.d.ts [Correcto]
index.d.ts.map [Correcto]
index.js [Correcto]
index.js.map [Correcto]
package.json [Correcto]

 Descomprimiendo archivos en C:\controlab-h\backend\node_modules\balanced-match\dist\esm\

index.d.ts [Correcto]
index.d.ts.map [Correcto]
index.js [Correcto]
index.js.map [Correcto]
package.json [Correcto]

 Descomprimiendo archivos en C:\controlab-h\backend\node_modules\base64-js\

base64js.min.js [Correcto]
index.d.ts [Correcto]
index.js [Correcto]
LICENSE [Correcto]
package.json [Correcto]
README.md [Correcto]

 Descomprimiendo archivos en C:\controlab-h\backend\node_modules\better-result\

dist [Correcto]
LICENSE [Correcto]
package.json [Correcto]
README.md [Correcto]

 Descomprimiendo archivos en C:\controlab-h\backend\node_modules\better-result\dist\

index.d.mts [Correcto]
index.d.mts.map [Correcto]
index.mjs [Correcto]
index.mjs.map [Correcto]

 Descomprimiendo archivos en C:\controlab-h\backend\node_modules\binary-extensions\

binary-extensions.json [Correcto]
binary-extensions.json.d.ts [Correcto]
index.d.ts [Correcto]
index.js [Correcto]
license [Correcto]
package.json [Correcto]
readme.md [Correcto]

 Descomprimiendo archivos en C:\controlab-h\backend\node_modules\bl\

.github [Correcto]
bl.js [Correcto]
BufferList.d.ts [Correcto]
BufferList.js [Correcto]
CHANGELOG.md [Correcto]
index.d.ts [Correcto]
LICENSE.md [Correcto]
package.json [Correcto]
README.md [Correcto]
test [Correcto]

 Descomprimiendo archivos en C:\controlab-h\backend\node_modules\bl\.github\

dependabot.yml [Correcto]
workflows [Correcto]

 Descomprimiendo archivos en C:\controlab-h\backend\node_modules\bl\.github\workflows\

test-and-release.yml [Correcto]

 Descomprimiendo archivos en C:\controlab-h\backend\node_modules\bl\test\

convert.js [Correcto]
indexOf.js [Correcto]
isBufferList.js [Correcto]
test.js [Correcto]

 Descomprimiendo archivos en C:\controlab-h\backend\node_modules\body-parser\

index.js [Correcto]
lib [Correcto]
LICENSE [Correcto]
node_modules [Correcto]
package.json [Correcto]
README.md [Correcto]

 Descomprimiendo archivos en C:\controlab-h\backend\node_modules\body-parser\lib\

read.js [Correcto]
types [Correcto]
utils.js [Correcto]

 Descomprimiendo archivos en C:\controlab-h\backend\node_modules\body-parser\lib\types\

json.js [Correcto]
raw.js [Correcto]
text.js [Correcto]
urlencoded.js [Correcto]

 Descomprimiendo archivos en C:\controlab-h\backend\node_modules\body-parser\node_modules\

content-type [Correcto]

 Descomprimiendo archivos en C:\controlab-h\backend\node_modules\body-parser\node_modules\content-type\

dist [Correcto]
LICENSE [Correcto]
package.json [Correcto]
README.md [Correcto]

 Descomprimiendo archivos en C:\controlab-h\backend\node_modules\body-parser\node_modules\content-type\dist\

index.d.ts [Correcto]
index.js [Correcto]
index.js.map [Correcto]

 Descomprimiendo archivos en C:\controlab-h\backend\node_modules\brace-expansion\

dist [Correcto]
LICENSE [Correcto]
package.json [Correcto]
README.md [Correcto]

 Descomprimiendo archivos en C:\controlab-h\backend\node_modules\brace-expansion\dist\

commonjs [Correcto]
esm [Correcto]

 Descomprimiendo archivos en C:\controlab-h\backend\node_modules\brace-expansion\dist\commonjs\

index.d.ts [Correcto]
index.d.ts.map [Correcto]
index.js [Correcto]
index.js.map [Correcto]
package.json [Correcto]

 Descomprimiendo archivos en C:\controlab-h\backend\node_modules\brace-expansion\dist\esm\

index.d.ts [Correcto]
index.d.ts.map [Correcto]
index.js [Correcto]
index.js.map [Correcto]
package.json [Correcto]

 Descomprimiendo archivos en C:\controlab-h\backend\node_modules\braces\

index.js [Correcto]
lib [Correcto]
LICENSE [Correcto]
package.json [Correcto]
README.md [Correcto]

 Descomprimiendo archivos en C:\controlab-h\backend\node_modules\braces\lib\

compile.js [Correcto]
constants.js [Correcto]
expand.js [Correcto]
parse.js [Correcto]
stringify.js [Correcto]
utils.js [Correcto]

 Descomprimiendo archivos en C:\controlab-h\backend\node_modules\buffer\

AUTHORS.md [Correcto]
index.d.ts [Correcto]
index.js [Correcto]
LICENSE [Correcto]
package.json [Correcto]
README.md [Correcto]

 Descomprimiendo archivos en C:\controlab-h\backend\node_modules\buffer-equal-constant-time\

.npmignore [Correcto]
.travis.yml [Correcto]
index.js [Correcto]
LICENSE.txt [Correcto]
package.json [Correcto]
README.md [Correcto]
test.js [Correcto]

 Descomprimiendo archivos en C:\controlab-h\backend\node_modules\bundle-name\

index.js [Correcto]
license [Correcto]
package.json [Correcto]
readme.md [Correcto]

 Descomprimiendo archivos en C:\controlab-h\backend\node_modules\bytes\

History.md [Correcto]
index.js [Correcto]
LICENSE [Correcto]
package.json [Correcto]
Readme.md [Correcto]

 Descomprimiendo archivos en C:\controlab-h\backend\node_modules\c12\

dist [Correcto]
LICENSE [Correcto]
node_modules [Correcto]
package.json [Correcto]
README.md [Correcto]

 Descomprimiendo archivos en C:\controlab-h\backend\node_modules\c12\dist\

index.d.mts [Correcto]
index.mjs [Correcto]
update.d.mts [Correcto]
update.mjs [Correcto]

 Descomprimiendo archivos en C:\controlab-h\backend\node_modules\c12\node_modules\

chokidar [Correcto]
readdirp [Correcto]

 Descomprimiendo archivos en C:\controlab-h\backend\node_modules\c12\node_modules\chokidar\

handler.d.ts [Correcto]
handler.js [Correcto]
index.d.ts [Correcto]
index.js [Correcto]
LICENSE [Correcto]
package.json [Correcto]
README.md [Correcto]

 Descomprimiendo archivos en C:\controlab-h\backend\node_modules\c12\node_modules\readdirp\

index.d.ts [Correcto]
index.js [Correcto]
LICENSE [Correcto]
package.json [Correcto]
README.md [Correcto]

 Descomprimiendo archivos en C:\controlab-h\backend\node_modules\call-bind-apply-helpers\

.eslintrc [Correcto]
.github [Correcto]
.nycrc [Correcto]
actualApply.d.ts [Correcto]
actualApply.js [Correcto]
applyBind.d.ts [Correcto]
applyBind.js [Correcto]
CHANGELOG.md [Correcto]
functionApply.d.ts [Correcto]
functionApply.js [Correcto]
functionCall.d.ts [Correcto]
functionCall.js [Correcto]
index.d.ts [Correcto]
index.js [Correcto]
LICENSE [Correcto]
package.json [Correcto]
README.md [Correcto]
reflectApply.d.ts [Correcto]
reflectApply.js [Correcto]
test [Correcto]
tsconfig.json [Correcto]

 Descomprimiendo archivos en C:\controlab-h\backend\node_modules\call-bind-apply-helpers\.github\

FUNDING.yml [Correcto]

 Descomprimiendo archivos en C:\controlab-h\backend\node_modules\call-bind-apply-helpers\test\

index.js [Correcto]

 Descomprimiendo archivos en C:\controlab-h\backend\node_modules\call-bound\

.eslintrc [Correcto]
.github [Correcto]
.nycrc [Correcto]
CHANGELOG.md [Correcto]
index.d.ts [Correcto]
index.js [Correcto]
LICENSE [Correcto]
package.json [Correcto]
README.md [Correcto]
test [Correcto]
tsconfig.json [Correcto]

 Descomprimiendo archivos en C:\controlab-h\backend\node_modules\call-bound\.github\

FUNDING.yml [Correcto]

 Descomprimiendo archivos en C:\controlab-h\backend\node_modules\call-bound\test\

index.js [Correcto]

 Descomprimiendo archivos en C:\controlab-h\backend\node_modules\chart.js\

auto [Correcto]
dist [Correcto]
helpers [Correcto]
LICENSE.md [Correcto]
package.json [Correcto]
README.md [Correcto]

 Descomprimiendo archivos en C:\controlab-h\backend\node_modules\chart.js\auto\

auto.cjs [Correcto]
auto.d.ts [Correcto]
auto.js [Correcto]
package.json [Correcto]

 Descomprimiendo archivos en C:\controlab-h\backend\node_modules\chart.js\dist\

chart.cjs [Correcto]
chart.cjs.map [Correcto]
chart.js [Correcto]
chart.js.map [Correcto]
chart.umd.js [Correcto]
chart.umd.js.map [Correcto]
chart.umd.min.js [Correcto]
chart.umd.min.js.map [Correcto]
chunks [Correcto]
controllers [Correcto]
core [Correcto]
elements [Correcto]
helpers [Correcto]
helpers.cjs [Correcto]
helpers.cjs.map [Correcto]
helpers.js [Correcto]
helpers.js.map [Correcto]
index.d.ts [Correcto]
index.umd.d.ts [Correcto]
platform [Correcto]
plugins [Correcto]
scales [Correcto]
types [Correcto]
types.d.ts [Correcto]

 Descomprimiendo archivos en C:\controlab-h\backend\node_modules\chart.js\dist\chunks\

helpers.dataset.cjs [Correcto]
helpers.dataset.cjs.map [Correcto]
helpers.dataset.js [Correcto]
helpers.dataset.js.map [Correcto]

 Descomprimiendo archivos en C:\controlab-h\backend\node_modules\chart.js\dist\controllers\

controller.bar.d.ts [Correcto]
controller.bubble.d.ts [Correcto]
controller.doughnut.d.ts [Correcto]
controller.line.d.ts [Correcto]
controller.pie.d.ts [Correcto]
controller.polarArea.d.ts [Correcto]
controller.radar.d.ts [Correcto]
controller.scatter.d.ts [Correcto]
index.d.ts [Correcto]

 Descomprimiendo archivos en C:\controlab-h\backend\node_modules\chart.js\dist\core\

core.adapters.d.ts [Correcto]
core.animation.d.ts [Correcto]
core.animations.d.ts [Correcto]
core.animations.defaults.d.ts [Correcto]
core.animator.d.ts [Correcto]
core.config.d.ts [Correcto]
core.controller.d.ts [Correcto]
core.datasetController.d.ts [Correcto]
core.defaults.d.ts [Correcto]
core.element.d.ts [Correcto]
core.interaction.d.ts [Correcto]
core.layouts.d.ts [Correcto]
core.layouts.defaults.d.ts [Correcto]
core.plugins.d.ts [Correcto]
core.registry.d.ts [Correcto]
core.scale.autoskip.d.ts [Correcto]
core.scale.d.ts [Correcto]
core.scale.defaults.d.ts [Correcto]
core.ticks.d.ts [Correcto]
core.typedRegistry.d.ts [Correcto]
index.d.ts [Correcto]

 Descomprimiendo archivos en C:\controlab-h\backend\node_modules\chart.js\dist\elements\

element.arc.d.ts [Correcto]
element.bar.d.ts [Correcto]
element.line.d.ts [Correcto]
element.point.d.ts [Correcto]
index.d.ts [Correcto]

 Descomprimiendo archivos en C:\controlab-h\backend\node_modules\chart.js\dist\helpers\

helpers.canvas.d.ts [Correcto]
helpers.collection.d.ts [Correcto]
helpers.color.d.ts [Correcto]
helpers.config.d.ts [Correcto]
helpers.config.types.d.ts [Correcto]
helpers.core.d.ts [Correcto]
helpers.curve.d.ts [Correcto]
helpers.dataset.d.ts [Correcto]
helpers.dom.d.ts [Correcto]
helpers.easing.d.ts [Correcto]
helpers.extras.d.ts [Correcto]
helpers.interpolation.d.ts [Correcto]
helpers.intl.d.ts [Correcto]
helpers.math.d.ts [Correcto]
helpers.options.d.ts [Correcto]
helpers.rtl.d.ts [Correcto]
helpers.segment.d.ts [Correcto]
index.d.ts [Correcto]

 Descomprimiendo archivos en C:\controlab-h\backend\node_modules\chart.js\dist\platform\

index.d.ts [Correcto]
platform.base.d.ts [Correcto]
platform.basic.d.ts [Correcto]
platform.dom.d.ts [Correcto]

 Descomprimiendo archivos en C:\controlab-h\backend\node_modules\chart.js\dist\plugins\

index.d.ts [Correcto]
plugin.colors.d.ts [Correcto]
plugin.decimation.d.ts [Correcto]
plugin.filler [Correcto]
plugin.legend.d.ts [Correcto]
plugin.subtitle.d.ts [Correcto]
plugin.title.d.ts [Correcto]
plugin.tooltip.d.ts [Correcto]

 Descomprimiendo archivos en C:\controlab-h\backend\node_modules\chart.js\dist\plugins\plugin.filler\

filler.drawing.d.ts [Correcto]
filler.helper.d.ts [Correcto]
filler.options.d.ts [Correcto]
filler.segment.d.ts [Correcto]
filler.target.d.ts [Correcto]
filler.target.stack.d.ts [Correcto]
index.d.ts [Correcto]
simpleArc.d.ts [Correcto]

 Descomprimiendo archivos en C:\controlab-h\backend\node_modules\chart.js\dist\scales\

index.d.ts [Correcto]
scale.category.d.ts [Correcto]
scale.linear.d.ts [Correcto]
scale.linearbase.d.ts [Correcto]
scale.logarithmic.d.ts [Correcto]
scale.radialLinear.d.ts [Correcto]
scale.time.d.ts [Correcto]
scale.timeseries.d.ts [Correcto]

 Descomprimiendo archivos en C:\controlab-h\backend\node_modules\chart.js\dist\types\

animation.d.ts [Correcto]
basic.d.ts [Correcto]
color.d.ts [Correcto]
geometric.d.ts [Correcto]
index.d.ts [Correcto]
layout.d.ts [Correcto]
utils.d.ts [Correcto]

 Descomprimiendo archivos en C:\controlab-h\backend\node_modules\chart.js\helpers\

helpers.cjs [Correcto]
helpers.d.ts [Correcto]
helpers.js [Correcto]
package.json [Correcto]

 Descomprimiendo archivos en C:\controlab-h\backend\node_modules\chokidar\

index.js [Correcto]
lib [Correcto]
LICENSE [Correcto]
package.json [Correcto]
README.md [Correcto]
types [Correcto]

 Descomprimiendo archivos en C:\controlab-h\backend\node_modules\chokidar\lib\

constants.js [Correcto]
fsevents-handler.js [Correcto]
nodefs-handler.js [Correcto]

 Descomprimiendo archivos en C:\controlab-h\backend\node_modules\chokidar\types\

index.d.ts [Correcto]

 Descomprimiendo archivos en C:\controlab-h\backend\node_modules\commander\

esm.mjs [Correcto]
index.js [Correcto]
lib [Correcto]
LICENSE [Correcto]
package-support.json [Correcto]
package.json [Correcto]
Readme.md [Correcto]
typings [Correcto]

 Descomprimiendo archivos en C:\controlab-h\backend\node_modules\commander\lib\

argument.js [Correcto]
command.js [Correcto]
error.js [Correcto]
help.js [Correcto]
option.js [Correcto]
suggestSimilar.js [Correcto]

 Descomprimiendo archivos en C:\controlab-h\backend\node_modules\commander\typings\

esm.d.mts [Correcto]
index.d.ts [Correcto]

 Descomprimiendo archivos en C:\controlab-h\backend\node_modules\confbox\

dist [Correcto]
LICENSE [Correcto]
package.json [Correcto]
README.md [Correcto]

 Descomprimiendo archivos en C:\controlab-h\backend\node_modules\confbox\dist\

index.d.mts [Correcto]
index.mjs [Correcto]
ini.d.mts [Correcto]
ini.mjs [Correcto]
json5.d.mts [Correcto]
json5.mjs [Correcto]
jsonc.d.mts [Correcto]
jsonc.mjs [Correcto]
THIRD-PARTY-LICENSES.md [Correcto]
toml.d.mts [Correcto]
toml.mjs [Correcto]
yaml.d.mts [Correcto]
yaml.mjs [Correcto]
_chunks [Correcto]

 Descomprimiendo archivos en C:\controlab-h\backend\node_modules\confbox\dist\_chunks\

json.mjs [Correcto]
libs [Correcto]
rolldown-runtime.mjs [Correcto]
_format.d.mts [Correcto]
_format.mjs [Correcto]

 Descomprimiendo archivos en C:\controlab-h\backend\node_modules\confbox\dist\_chunks\libs\

detect-indent.mjs [Correcto]
ini.mjs [Correcto]
js-yaml.mjs [Correcto]
json5.mjs [Correcto]
jsonc-parser.mjs [Correcto]
smol-toml.mjs [Correcto]

 Descomprimiendo archivos en C:\controlab-h\backend\node_modules\content-disposition\

index.js [Correcto]
LICENSE [Correcto]
package.json [Correcto]
README.md [Correcto]

 Descomprimiendo archivos en C:\controlab-h\backend\node_modules\content-type\

HISTORY.md [Correcto]
index.js [Correcto]
LICENSE [Correcto]
package.json [Correcto]
README.md [Correcto]

 Descomprimiendo archivos en C:\controlab-h\backend\node_modules\cookie\

index.js [Correcto]
LICENSE [Correcto]
package.json [Correcto]
README.md [Correcto]
SECURITY.md [Correcto]

 Descomprimiendo archivos en C:\controlab-h\backend\node_modules\cookie-signature\

History.md [Correcto]
index.js [Correcto]
LICENSE [Correcto]
package.json [Correcto]
Readme.md [Correcto]

 Descomprimiendo archivos en C:\controlab-h\backend\node_modules\cors\

lib [Correcto]
LICENSE [Correcto]
package.json [Correcto]
README.md [Correcto]

 Descomprimiendo archivos en C:\controlab-h\backend\node_modules\cors\lib\

index.js [Correcto]

 Descomprimiendo archivos en C:\controlab-h\backend\node_modules\cross-spawn\

index.js [Correcto]
lib [Correcto]
LICENSE [Correcto]
package.json [Correcto]
README.md [Correcto]

 Descomprimiendo archivos en C:\controlab-h\backend\node_modules\cross-spawn\lib\

enoent.js [Correcto]
parse.js [Correcto]
util [Correcto]

 Descomprimiendo archivos en C:\controlab-h\backend\node_modules\cross-spawn\lib\util\

escape.js [Correcto]
readShebang.js [Correcto]
resolveCommand.js [Correcto]

 Descomprimiendo archivos en C:\controlab-h\backend\node_modules\csstype\

index.d.ts [Correcto]
index.js.flow [Correcto]
LICENSE [Correcto]
package.json [Correcto]
README.md [Correcto]

 Descomprimiendo archivos en C:\controlab-h\backend\node_modules\debug\

LICENSE [Correcto]
package.json [Correcto]
README.md [Correcto]
src [Correcto]

 Descomprimiendo archivos en C:\controlab-h\backend\node_modules\debug\src\

browser.js [Correcto]
common.js [Correcto]
index.js [Correcto]
node.js [Correcto]

 Descomprimiendo archivos en C:\controlab-h\backend\node_modules\deepmerge-ts\

CHANGELOG.md [Correcto]
dist [Correcto]
LICENSE [Correcto]
package.json [Correcto]
README.md [Correcto]

 Descomprimiendo archivos en C:\controlab-h\backend\node_modules\deepmerge-ts\dist\

index.cjs [Correcto]
index.d.cts [Correcto]
index.d.mts [Correcto]
index.mjs [Correcto]

 Descomprimiendo archivos en C:\controlab-h\backend\node_modules\default-browser\

index.d.ts [Correcto]
index.js [Correcto]
license [Correcto]
package.json [Correcto]
readme.md [Correcto]
windows.js [Correcto]

 Descomprimiendo archivos en C:\controlab-h\backend\node_modules\default-browser-id\

index.js [Correcto]
license [Correcto]
package.json [Correcto]
readme.md [Correcto]

 Descomprimiendo archivos en C:\controlab-h\backend\node_modules\define-lazy-prop\

index.d.ts [Correcto]
index.js [Correcto]
license [Correcto]
package.json [Correcto]
readme.md [Correcto]

 Descomprimiendo archivos en C:\controlab-h\backend\node_modules\defu\

dist [Correcto]
lib [Correcto]
LICENSE [Correcto]
package.json [Correcto]
README.md [Correcto]

 Descomprimiendo archivos en C:\controlab-h\backend\node_modules\defu\dist\

defu.cjs [Correcto]
defu.d.cts [Correcto]
defu.d.mts [Correcto]
defu.d.ts [Correcto]
defu.mjs [Correcto]

 Descomprimiendo archivos en C:\controlab-h\backend\node_modules\defu\lib\

defu.cjs [Correcto]
defu.d.cts [Correcto]

 Descomprimiendo archivos en C:\controlab-h\backend\node_modules\denque\

CHANGELOG.md [Correcto]
index.d.ts [Correcto]
index.js [Correcto]
LICENSE [Correcto]
package.json [Correcto]
README.md [Correcto]

 Descomprimiendo archivos en C:\controlab-h\backend\node_modules\depd\

History.md [Correcto]
index.js [Correcto]
lib [Correcto]
LICENSE [Correcto]
package.json [Correcto]
Readme.md [Correcto]

 Descomprimiendo archivos en C:\controlab-h\backend\node_modules\depd\lib\

browser [Correcto]

 Descomprimiendo archivos en C:\controlab-h\backend\node_modules\depd\lib\browser\

index.js [Correcto]

 Descomprimiendo archivos en C:\controlab-h\backend\node_modules\destr\

dist [Correcto]
lib [Correcto]
LICENSE [Correcto]
package.json [Correcto]
README.md [Correcto]

 Descomprimiendo archivos en C:\controlab-h\backend\node_modules\destr\dist\

index.cjs [Correcto]
index.d.cts [Correcto]
index.d.mts [Correcto]
index.d.ts [Correcto]
index.mjs [Correcto]

 Descomprimiendo archivos en C:\controlab-h\backend\node_modules\destr\lib\

index.cjs [Correcto]

 Descomprimiendo archivos en C:\controlab-h\backend\node_modules\dotenv\

CHANGELOG.md [Correcto]
config.d.ts [Correcto]
config.js [Correcto]
lib [Correcto]
LICENSE [Correcto]
package.json [Correcto]
README-es.md [Correcto]
README.md [Correcto]
SECURITY.md [Correcto]
skills [Correcto]

 Descomprimiendo archivos en C:\controlab-h\backend\node_modules\dotenv\lib\

cli-options.js [Correcto]
env-options.js [Correcto]
main.d.ts [Correcto]
main.js [Correcto]

 Descomprimiendo archivos en C:\controlab-h\backend\node_modules\dotenv\skills\

dotenv [Correcto]
dotenvx [Correcto]

 Descomprimiendo archivos en C:\controlab-h\backend\node_modules\dotenv\skills\dotenv\

SKILL.md [Correcto]

 Descomprimiendo archivos en C:\controlab-h\backend\node_modules\dotenv\skills\dotenvx\

SKILL.md [Correcto]

 Descomprimiendo archivos en C:\controlab-h\backend\node_modules\dunder-proto\

.eslintrc [Correcto]
.github [Correcto]
.nycrc [Correcto]
CHANGELOG.md [Correcto]
get.d.ts [Correcto]
get.js [Correcto]
LICENSE [Correcto]
package.json [Correcto]
README.md [Correcto]
set.d.ts [Correcto]
set.js [Correcto]
test [Correcto]
tsconfig.json [Correcto]

 Descomprimiendo archivos en C:\controlab-h\backend\node_modules\dunder-proto\.github\

FUNDING.yml [Correcto]

 Descomprimiendo archivos en C:\controlab-h\backend\node_modules\dunder-proto\test\

get.js [Correcto]
index.js [Correcto]
set.js [Correcto]

 Descomprimiendo archivos en C:\controlab-h\backend\node_modules\ecdsa-sig-formatter\

CODEOWNERS [Correcto]
LICENSE [Correcto]
package.json [Correcto]
README.md [Correcto]
src [Correcto]

 Descomprimiendo archivos en C:\controlab-h\backend\node_modules\ecdsa-sig-formatter\src\

ecdsa-sig-formatter.d.ts [Correcto]
ecdsa-sig-formatter.js [Correcto]
param-bytes-for-alg.js [Correcto]

 Descomprimiendo archivos en C:\controlab-h\backend\node_modules\ee-first\

index.js [Correcto]
LICENSE [Correcto]
package.json [Correcto]
README.md [Correcto]

 Descomprimiendo archivos en C:\controlab-h\backend\node_modules\effect\

.index [Correcto]
Arbitrary [Correcto]
Array [Correcto]
BigDecimal [Correcto]
BigInt [Correcto]
Boolean [Correcto]
Brand [Correcto]
Cache [Correcto]
Cause [Correcto]
Channel [Correcto]
ChildExecutorDecision [Correcto]
Chunk [Correcto]
Clock [Correcto]
Config [Correcto]
ConfigError [Correcto]
ConfigProvider [Correcto]
ConfigProviderPathPatch [Correcto]
Console [Correcto]
Context [Correcto]
Cron [Correcto]
Data [Correcto]
DateTime [Correcto]
DefaultServices [Correcto]
Deferred [Correcto]
Differ [Correcto]
dist [Correcto]
Duration [Correcto]
Effect [Correcto]
Effectable [Correcto]
Either [Correcto]
Encoding [Correcto]
Equal [Correcto]
Equivalence [Correcto]
ExecutionPlan [Correcto]
ExecutionStrategy [Correcto]
Exit [Correcto]
FastCheck [Correcto]
Fiber [Correcto]
FiberHandle [Correcto]
FiberId [Correcto]
FiberMap [Correcto]
FiberRef [Correcto]
FiberRefs [Correcto]
FiberRefsPatch [Correcto]
FiberSet [Correcto]
FiberStatus [Correcto]
Function [Correcto]
GlobalValue [Correcto]
Graph [Correcto]
GroupBy [Correcto]
Hash [Correcto]
HashMap [Correcto]
HashRing [Correcto]
HashSet [Correcto]
HKT [Correcto]
index [Correcto]
Inspectable [Correcto]
Iterable [Correcto]
JSONSchema [Correcto]
KeyedPool [Correcto]
Layer [Correcto]
LayerMap [Correcto]
LICENSE [Correcto]
List [Correcto]
Logger [Correcto]
LogLevel [Correcto]
LogSpan [Correcto]
Mailbox [Correcto]
ManagedRuntime [Correcto]
Match [Correcto]
MergeDecision [Correcto]
MergeState [Correcto]
MergeStrategy [Correcto]
Metric [Correcto]
MetricBoundaries [Correcto]
MetricHook [Correcto]
MetricKey [Correcto]
MetricKeyType [Correcto]
MetricLabel [Correcto]
MetricPair [Correcto]
MetricPolling [Correcto]
MetricRegistry [Correcto]
MetricState [Correcto]
Micro [Correcto]
ModuleVersion [Correcto]
MutableHashMap [Correcto]
MutableHashSet [Correcto]
MutableList [Correcto]
MutableQueue [Correcto]
MutableRef [Correcto]
NonEmptyIterable [Correcto]
Number [Correcto]
Option [Correcto]
Order [Correcto]
Ordering [Correcto]
package.json [Correcto]
ParseResult [Correcto]
PartitionedSemaphore [Correcto]
Pipeable [Correcto]
Pool [Correcto]
Predicate [Correcto]
Pretty [Correcto]
PrimaryKey [Correcto]
PubSub [Correcto]
Queue [Correcto]
Random [Correcto]
RateLimiter [Correcto]
RcMap [Correcto]
RcRef [Correcto]
Readable [Correcto]
README.md [Correcto]
Record [Correcto]
Redacted [Correcto]
RedBlackTree [Correcto]
Ref [Correcto]
RegExp [Correcto]
Reloadable [Correcto]
Request [Correcto]
RequestBlock [Correcto]
RequestResolver [Correcto]
Resource [Correcto]
Runtime [Correcto]
RuntimeFlags [Correcto]
RuntimeFlagsPatch [Correcto]
Schedule [Correcto]
ScheduleDecision [Correcto]
ScheduleInterval [Correcto]
ScheduleIntervals [Correcto]
Scheduler [Correcto]
Schema [Correcto]
SchemaAST [Correcto]
Scope [Correcto]
ScopedCache [Correcto]
ScopedRef [Correcto]
Secret [Correcto]
SingleProducerAsyncInput [Correcto]
Sink [Correcto]
SortedMap [Correcto]
SortedSet [Correcto]
src [Correcto]
STM [Correcto]
Stream [Correcto]
Streamable [Correcto]
StreamEmit [Correcto]
StreamHaltStrategy [Correcto]
String [Correcto]
Struct [Correcto]
Subscribable [Correcto]
SubscriptionRef [Correcto]
Supervisor [Correcto]
Symbol [Correcto]
SynchronizedRef [Correcto]
Take [Correcto]
TArray [Correcto]
TDeferred [Correcto]
TestAnnotation [Correcto]
TestAnnotationMap [Correcto]
TestAnnotations [Correcto]
TestClock [Correcto]
TestConfig [Correcto]
TestContext [Correcto]
TestLive [Correcto]
TestServices [Correcto]
TestSized [Correcto]
TMap [Correcto]
TPriorityQueue [Correcto]
TPubSub [Correcto]
TQueue [Correcto]
Tracer [Correcto]
TRandom [Correcto]
TReentrantLock [Correcto]
TRef [Correcto]
Trie [Correcto]
TSemaphore [Correcto]
TSet [Correcto]
TSubscriptionRef [Correcto]
Tuple [Correcto]
Types [Correcto]
Unify [Correcto]
UpstreamPullRequest [Correcto]
UpstreamPullStrategy [Correcto]
Utils [Correcto]

 Descomprimiendo archivos en C:\controlab-h\backend\node_modules\effect\.index\

package.json [Correcto]

 Descomprimiendo archivos en C:\controlab-h\backend\node_modules\effect\Arbitrary\

package.json [Correcto]

 Descomprimiendo archivos en C:\controlab-h\backend\node_modules\effect\Array\

package.json [Correcto]

 Descomprimiendo archivos en C:\controlab-h\backend\node_modules\effect\BigDecimal\

package.json [Correcto]

 Descomprimiendo archivos en C:\controlab-h\backend\node_modules\effect\BigInt\

package.json [Correcto]

 Descomprimiendo archivos en C:\controlab-h\backend\node_modules\effect\Boolean\

package.json [Correcto]

 Descomprimiendo archivos en C:\controlab-h\backend\node_modules\effect\Brand\

package.json [Correcto]

 Descomprimiendo archivos en C:\controlab-h\backend\node_modules\effect\Cache\

package.json [Correcto]

 Descomprimiendo archivos en C:\controlab-h\backend\node_modules\effect\Cause\

package.json [Correcto]

 Descomprimiendo archivos en C:\controlab-h\backend\node_modules\effect\Channel\

package.json [Correcto]

 Descomprimiendo archivos en C:\controlab-h\backend\node_modules\effect\ChildExecutorDecision\

package.json [Correcto]

 Descomprimiendo archivos en C:\controlab-h\backend\node_modules\effect\Chunk\

package.json [Correcto]

 Descomprimiendo archivos en C:\controlab-h\backend\node_modules\effect\Clock\

package.json [Correcto]

 Descomprimiendo archivos en C:\controlab-h\backend\node_modules\effect\Config\

package.json [Correcto]

 Descomprimiendo archivos en C:\controlab-h\backend\node_modules\effect\ConfigError\

package.json [Correcto]

 Descomprimiendo archivos en C:\controlab-h\backend\node_modules\effect\ConfigProvider\

package.json [Correcto]

 Descomprimiendo archivos en C:\controlab-h\backend\node_modules\effect\ConfigProviderPathPatch\

package.json [Correcto]

 Descomprimiendo archivos en C:\controlab-h\backend\node_modules\effect\Console\

package.json [Correcto]

 Descomprimiendo archivos en C:\controlab-h\backend\node_modules\effect\Context\

package.json [Correcto]

 Descomprimiendo archivos en C:\controlab-h\backend\node_modules\effect\Cron\

package.json [Correcto]

 Descomprimiendo archivos en C:\controlab-h\backend\node_modules\effect\Data\

package.json [Correcto]

 Descomprimiendo archivos en C:\controlab-h\backend\node_modules\effect\DateTime\

package.json [Correcto]

 Descomprimiendo archivos en C:\controlab-h\backend\node_modules\effect\DefaultServices\

package.json [Correcto]

 Descomprimiendo archivos en C:\controlab-h\backend\node_modules\effect\Deferred\

package.json [Correcto]

 Descomprimiendo archivos en C:\controlab-h\backend\node_modules\effect\Differ\

package.json [Correcto]

 Descomprimiendo archivos en C:\controlab-h\backend\node_modules\effect\dist\

cjs [Correcto]
dts [Correcto]
esm [Correcto]

 Descomprimiendo archivos en C:\controlab-h\backend\node_modules\effect\dist\cjs\

Arbitrary.js [Correcto]
Arbitrary.js.map [Correcto]
Array.js [Correcto]
Array.js.map [Correcto]
BigDecimal.js [Correcto]
BigDecimal.js.map [Correcto]
BigInt.js [Correcto]
BigInt.js.map [Correcto]
Boolean.js [Correcto]
Boolean.js.map [Correcto]
Brand.js [Correcto]
Brand.js.map [Correcto]
Cache.js [Correcto]
Cache.js.map [Correcto]
Cause.js [Correcto]
Cause.js.map [Correcto]
Channel.js [Correcto]
Channel.js.map [Correcto]
ChildExecutorDecision.js [Correcto]
ChildExecutorDecision.js.map [Correcto]
Chunk.js [Correcto]
Chunk.js.map [Correcto]
Clock.js [Correcto]
Clock.js.map [Correcto]
Config.js [Correcto]
Config.js.map [Correcto]
ConfigError.js [Correcto]
ConfigError.js.map [Correcto]
ConfigProvider.js [Correcto]
ConfigProvider.js.map [Correcto]
ConfigProviderPathPatch.js [Correcto]
ConfigProviderPathPatch.js.map [Correcto]
Console.js [Correcto]
Console.js.map [Correcto]
Context.js [Correcto]
Context.js.map [Correcto]
Cron.js [Correcto]
Cron.js.map [Correcto]
Data.js [Correcto]
Data.js.map [Correcto]
DateTime.js [Correcto]
DateTime.js.map [Correcto]
DefaultServices.js [Correcto]
DefaultServices.js.map [Correcto]
Deferred.js [Correcto]
Deferred.js.map [Correcto]
Differ.js [Correcto]
Differ.js.map [Correcto]
Duration.js [Correcto]
Duration.js.map [Correcto]
Effect.js [Correcto]
Effect.js.map [Correcto]
Effectable.js [Correcto]
Effectable.js.map [Correcto]
Either.js [Correcto]
Either.js.map [Correcto]
Encoding.js [Correcto]
Encoding.js.map [Correcto]
Equal.js [Correcto]
Equal.js.map [Correcto]
Equivalence.js [Correcto]
Equivalence.js.map [Correcto]
ExecutionPlan.js [Correcto]
ExecutionPlan.js.map [Correcto]
ExecutionStrategy.js [Correcto]
ExecutionStrategy.js.map [Correcto]
Exit.js [Correcto]
Exit.js.map [Correcto]
FastCheck.js [Correcto]
FastCheck.js.map [Correcto]
Fiber.js [Correcto]
Fiber.js.map [Correcto]
FiberHandle.js [Correcto]
FiberHandle.js.map [Correcto]
FiberId.js [Correcto]
FiberId.js.map [Correcto]
FiberMap.js [Correcto]
FiberMap.js.map [Correcto]
FiberRef.js [Correcto]
FiberRef.js.map [Correcto]
FiberRefs.js [Correcto]
FiberRefs.js.map [Correcto]
FiberRefsPatch.js [Correcto]
FiberRefsPatch.js.map [Correcto]
FiberSet.js [Correcto]
FiberSet.js.map [Correcto]
FiberStatus.js [Correcto]
FiberStatus.js.map [Correcto]
Function.js [Correcto]
Function.js.map [Correcto]
GlobalValue.js [Correcto]
GlobalValue.js.map [Correcto]
Graph.js [Correcto]
Graph.js.map [Correcto]
GroupBy.js [Correcto]
GroupBy.js.map [Correcto]
Hash.js [Correcto]
Hash.js.map [Correcto]
HashMap.js [Correcto]
HashMap.js.map [Correcto]
HashRing.js [Correcto]
HashRing.js.map [Correcto]
HashSet.js [Correcto]
HashSet.js.map [Correcto]
HKT.js [Correcto]
HKT.js.map [Correcto]
index.js [Correcto]
index.js.map [Correcto]
Inspectable.js [Correcto]
Inspectable.js.map [Correcto]
internal [Correcto]
Iterable.js [Correcto]
Iterable.js.map [Correcto]
JSONSchema.js [Correcto]
JSONSchema.js.map [Correcto]
KeyedPool.js [Correcto]
KeyedPool.js.map [Correcto]
Layer.js [Correcto]
Layer.js.map [Correcto]
LayerMap.js [Correcto]
LayerMap.js.map [Correcto]
List.js [Correcto]
List.js.map [Correcto]
Logger.js [Correcto]
Logger.js.map [Correcto]
LogLevel.js [Correcto]
LogLevel.js.map [Correcto]
LogSpan.js [Correcto]
LogSpan.js.map [Correcto]
Mailbox.js [Correcto]
Mailbox.js.map [Correcto]
ManagedRuntime.js [Correcto]
ManagedRuntime.js.map [Correcto]
Match.js [Correcto]
Match.js.map [Correcto]
MergeDecision.js [Correcto]
MergeDecision.js.map [Correcto]
MergeState.js [Correcto]
MergeState.js.map [Correcto]
MergeStrategy.js [Correcto]
MergeStrategy.js.map [Correcto]
Metric.js [Correcto]
Metric.js.map [Correcto]
MetricBoundaries.js [Correcto]
MetricBoundaries.js.map [Correcto]
MetricHook.js [Correcto]
MetricHook.js.map [Correcto]
MetricKey.js [Correcto]
MetricKey.js.map [Correcto]
MetricKeyType.js [Correcto]
MetricKeyType.js.map [Correcto]
MetricLabel.js [Correcto]
MetricLabel.js.map [Correcto]
MetricPair.js [Correcto]
MetricPair.js.map [Correcto]
MetricPolling.js [Correcto]
MetricPolling.js.map [Correcto]
MetricRegistry.js [Correcto]
MetricRegistry.js.map [Correcto]
MetricState.js [Correcto]
MetricState.js.map [Correcto]
Micro.js [Correcto]
Micro.js.map [Correcto]
ModuleVersion.js [Correcto]
ModuleVersion.js.map [Correcto]
MutableHashMap.js [Correcto]
MutableHashMap.js.map [Correcto]
MutableHashSet.js [Correcto]
MutableHashSet.js.map [Correcto]
MutableList.js [Correcto]
MutableList.js.map [Correcto]
MutableQueue.js [Correcto]
MutableQueue.js.map [Correcto]
MutableRef.js [Correcto]
MutableRef.js.map [Correcto]
NonEmptyIterable.js [Correcto]
NonEmptyIterable.js.map [Correcto]
Number.js [Correcto]
Number.js.map [Correcto]
Option.js [Correcto]
Option.js.map [Correcto]
Order.js [Correcto]
Order.js.map [Correcto]
Ordering.js [Correcto]
Ordering.js.map [Correcto]
ParseResult.js [Correcto]
ParseResult.js.map [Correcto]
PartitionedSemaphore.js [Correcto]
PartitionedSemaphore.js.map [Correcto]
Pipeable.js [Correcto]
Pipeable.js.map [Correcto]
Pool.js [Correcto]
Pool.js.map [Correcto]
Predicate.js [Correcto]
Predicate.js.map [Correcto]
Pretty.js [Correcto]
Pretty.js.map [Correcto]
PrimaryKey.js [Correcto]
PrimaryKey.js.map [Correcto]
PubSub.js [Correcto]
PubSub.js.map [Correcto]
Queue.js [Correcto]
Queue.js.map [Correcto]
Random.js [Correcto]
Random.js.map [Correcto]
RateLimiter.js [Correcto]
RateLimiter.js.map [Correcto]
RcMap.js [Correcto]
RcMap.js.map [Correcto]
RcRef.js [Correcto]
RcRef.js.map [Correcto]
Readable.js [Correcto]
Readable.js.map [Correcto]
Record.js [Correcto]
Record.js.map [Correcto]
Redacted.js [Correcto]
Redacted.js.map [Correcto]
RedBlackTree.js [Correcto]
RedBlackTree.js.map [Correcto]
Ref.js [Correcto]
Ref.js.map [Correcto]
RegExp.js [Correcto]
RegExp.js.map [Correcto]
Reloadable.js [Correcto]
Reloadable.js.map [Correcto]
Request.js [Correcto]
Request.js.map [Correcto]
RequestBlock.js [Correcto]
RequestBlock.js.map [Correcto]
RequestResolver.js [Correcto]
RequestResolver.js.map [Correcto]
Resource.js [Correcto]
Resource.js.map [Correcto]
Runtime.js [Correcto]
Runtime.js.map [Correcto]
RuntimeFlags.js [Correcto]
RuntimeFlags.js.map [Correcto]
RuntimeFlagsPatch.js [Correcto]
RuntimeFlagsPatch.js.map [Correcto]
Schedule.js [Correcto]
Schedule.js.map [Correcto]
ScheduleDecision.js [Correcto]
ScheduleDecision.js.map [Correcto]
ScheduleInterval.js [Correcto]
ScheduleInterval.js.map [Correcto]
ScheduleIntervals.js [Correcto]
ScheduleIntervals.js.map [Correcto]
Scheduler.js [Correcto]
Scheduler.js.map [Correcto]
Schema.js [Correcto]
Schema.js.map [Correcto]
SchemaAST.js [Correcto]
SchemaAST.js.map [Correcto]
Scope.js [Correcto]
Scope.js.map [Correcto]
ScopedCache.js [Correcto]
ScopedCache.js.map [Correcto]
ScopedRef.js [Correcto]
ScopedRef.js.map [Correcto]
Secret.js [Correcto]
Secret.js.map [Correcto]
SingleProducerAsyncInput.js [Correcto]
SingleProducerAsyncInput.js.map [Correcto]
Sink.js [Correcto]
Sink.js.map [Correcto]
SortedMap.js [Correcto]
SortedMap.js.map [Correcto]
SortedSet.js [Correcto]
SortedSet.js.map [Correcto]
STM.js [Correcto]
STM.js.map [Correcto]
Stream.js [Correcto]
Stream.js.map [Correcto]
Streamable.js [Correcto]
Streamable.js.map [Correcto]
StreamEmit.js [Correcto]
StreamEmit.js.map [Correcto]
StreamHaltStrategy.js [Correcto]
StreamHaltStrategy.js.map [Correcto]
String.js [Correcto]
String.js.map [Correcto]
Struct.js [Correcto]
Struct.js.map [Correcto]
Subscribable.js [Correcto]
Subscribable.js.map [Correcto]
SubscriptionRef.js [Correcto]
SubscriptionRef.js.map [Correcto]
Supervisor.js [Correcto]
Supervisor.js.map [Correcto]
Symbol.js [Correcto]
Symbol.js.map [Correcto]
SynchronizedRef.js [Correcto]
SynchronizedRef.js.map [Correcto]
Take.js [Correcto]
Take.js.map [Correcto]
TArray.js [Correcto]
TArray.js.map [Correcto]
TDeferred.js [Correcto]
TDeferred.js.map [Correcto]
TestAnnotation.js [Correcto]
TestAnnotation.js.map [Correcto]
TestAnnotationMap.js [Correcto]
TestAnnotationMap.js.map [Correcto]
TestAnnotations.js [Correcto]
TestAnnotations.js.map [Correcto]
TestClock.js [Correcto]
TestClock.js.map [Correcto]
TestConfig.js [Correcto]
TestConfig.js.map [Correcto]
TestContext.js [Correcto]
TestContext.js.map [Correcto]
TestLive.js [Correcto]
TestLive.js.map [Correcto]
TestServices.js [Correcto]
TestServices.js.map [Correcto]
TestSized.js [Correcto]
TestSized.js.map [Correcto]
TMap.js [Correcto]
TMap.js.map [Correcto]
TPriorityQueue.js [Correcto]
TPriorityQueue.js.map [Correcto]
TPubSub.js [Correcto]
TPubSub.js.map [Correcto]
TQueue.js [Correcto]
TQueue.js.map [Correcto]
Tracer.js [Correcto]
Tracer.js.map [Correcto]
TRandom.js [Correcto]
TRandom.js.map [Correcto]
TReentrantLock.js [Correcto]
TReentrantLock.js.map [Correcto]
TRef.js [Correcto]
TRef.js.map [Correcto]
Trie.js [Correcto]
Trie.js.map [Correcto]
TSemaphore.js [Correcto]
TSemaphore.js.map [Correcto]
TSet.js [Correcto]
TSet.js.map [Correcto]
TSubscriptionRef.js [Correcto]
TSubscriptionRef.js.map [Correcto]
Tuple.js [Correcto]
Tuple.js.map [Correcto]
Types.js [Correcto]
Types.js.map [Correcto]
Unify.js [Correcto]
Unify.js.map [Correcto]
UpstreamPullRequest.js [Correcto]
UpstreamPullRequest.js.map [Correcto]
UpstreamPullStrategy.js [Correcto]
UpstreamPullStrategy.js.map [Correcto]
Utils.js [Correcto]
Utils.js.map [Correcto]

 Descomprimiendo archivos en C:\controlab-h\backend\node_modules\effect\dist\cjs\internal\

array.js [Correcto]
array.js.map [Correcto]
blockedRequests.js [Correcto]
blockedRequests.js.map [Correcto]
cache.js [Correcto]
cache.js.map [Correcto]
cause.js [Correcto]
cause.js.map [Correcto]
channel [Correcto]
channel.js [Correcto]
channel.js.map [Correcto]
clock.js [Correcto]
clock.js.map [Correcto]
completedRequestMap.js [Correcto]
completedRequestMap.js.map [Correcto]
concurrency.js [Correcto]
concurrency.js.map [Correcto]
config.js [Correcto]
config.js.map [Correcto]
configError.js [Correcto]
configError.js.map [Correcto]
configProvider [Correcto]
configProvider.js [Correcto]
configProvider.js.map [Correcto]
console.js [Correcto]
console.js.map [Correcto]
context.js [Correcto]
context.js.map [Correcto]
core-effect.js [Correcto]
core-effect.js.map [Correcto]
core-stream.js [Correcto]
core-stream.js.map [Correcto]
core.js [Correcto]
core.js.map [Correcto]
data.js [Correcto]
data.js.map [Correcto]
dataSource.js [Correcto]
dataSource.js.map [Correcto]
dateTime.js [Correcto]
dateTime.js.map [Correcto]
defaultServices [Correcto]
defaultServices.js [Correcto]
defaultServices.js.map [Correcto]
deferred.js [Correcto]
deferred.js.map [Correcto]
differ [Correcto]
differ.js [Correcto]
differ.js.map [Correcto]
doNotation.js [Correcto]
doNotation.js.map [Correcto]
effect [Correcto]
effectable.js [Correcto]
effectable.js.map [Correcto]
either.js [Correcto]
either.js.map [Correcto]
encoding [Correcto]
errors.js [Correcto]
errors.js.map [Correcto]
executionPlan.js [Correcto]
executionPlan.js.map [Correcto]
executionStrategy.js [Correcto]
executionStrategy.js.map [Correcto]
fiber.js [Correcto]
fiber.js.map [Correcto]
fiberId.js [Correcto]
fiberId.js.map [Correcto]
fiberMessage.js [Correcto]
fiberMessage.js.map [Correcto]
fiberRefs [Correcto]
fiberRefs.js [Correcto]
fiberRefs.js.map [Correcto]
fiberRuntime.js [Correcto]
fiberRuntime.js.map [Correcto]
fiberScope.js [Correcto]
fiberScope.js.map [Correcto]
fiberStatus.js [Correcto]
fiberStatus.js.map [Correcto]
groupBy.js [Correcto]
groupBy.js.map [Correcto]
hashMap [Correcto]
hashMap.js [Correcto]
hashMap.js.map [Correcto]
hashSet.js [Correcto]
hashSet.js.map [Correcto]
keyedPool.js [Correcto]
keyedPool.js.map [Correcto]
layer [Correcto]
layer.js [Correcto]
layer.js.map [Correcto]
logger-circular.js [Correcto]
logger-circular.js.map [Correcto]
logger.js [Correcto]
logger.js.map [Correcto]
logSpan.js [Correcto]
logSpan.js.map [Correcto]
mailbox.js [Correcto]
mailbox.js.map [Correcto]
managedRuntime [Correcto]
managedRuntime.js [Correcto]
managedRuntime.js.map [Correcto]
matcher.js [Correcto]
matcher.js.map [Correcto]
metric [Correcto]
metric.js [Correcto]
metric.js.map [Correcto]
opCodes [Correcto]
option.js [Correcto]
option.js.map [Correcto]
pool.js [Correcto]
pool.js.map [Correcto]
pubsub.js [Correcto]
pubsub.js.map [Correcto]
query.js [Correcto]
query.js.map [Correcto]
queue.js [Correcto]
queue.js.map [Correcto]
random.js [Correcto]
random.js.map [Correcto]
rateLimiter.js [Correcto]
rateLimiter.js.map [Correcto]
rcMap.js [Correcto]
rcMap.js.map [Correcto]
rcRef.js [Correcto]
rcRef.js.map [Correcto]
redacted.js [Correcto]
redacted.js.map [Correcto]
redBlackTree [Correcto]
redBlackTree.js [Correcto]
redBlackTree.js.map [Correcto]
ref.js [Correcto]
ref.js.map [Correcto]
reloadable.js [Correcto]
reloadable.js.map [Correcto]
request.js [Correcto]
request.js.map [Correcto]
resource.js [Correcto]
resource.js.map [Correcto]
ringBuffer.js [Correcto]
ringBuffer.js.map [Correcto]
runtime.js [Correcto]
runtime.js.map [Correcto]
runtimeFlags.js [Correcto]
runtimeFlags.js.map [Correcto]
runtimeFlagsPatch.js [Correcto]
runtimeFlagsPatch.js.map [Correcto]
schedule [Correcto]
schedule.js [Correcto]
schedule.js.map [Correcto]
schema [Correcto]
scopedCache.js [Correcto]
scopedCache.js.map [Correcto]
scopedRef.js [Correcto]
scopedRef.js.map [Correcto]
secret.js [Correcto]
secret.js.map [Correcto]
singleShotGen.js [Correcto]
singleShotGen.js.map [Correcto]
sink.js [Correcto]
sink.js.map [Correcto]
stack.js [Correcto]
stack.js.map [Correcto]
stm [Correcto]
stream [Correcto]
stream.js [Correcto]
stream.js.map [Correcto]
string-utils.js [Correcto]
string-utils.js.map [Correcto]
subscriptionRef.js [Correcto]
subscriptionRef.js.map [Correcto]
supervisor [Correcto]
supervisor.js [Correcto]
supervisor.js.map [Correcto]
synchronizedRef.js [Correcto]
synchronizedRef.js.map [Correcto]
take.js [Correcto]
take.js.map [Correcto]
testing [Correcto]
tracer.js [Correcto]
tracer.js.map [Correcto]
trie.js [Correcto]
trie.js.map [Correcto]
version.js [Correcto]
version.js.map [Correcto]

 Descomprimiendo archivos en C:\controlab-h\backend\node_modules\effect\dist\cjs\internal\channel\

channelExecutor.js [Correcto]
channelExecutor.js.map [Correcto]
channelState.js [Correcto]
channelState.js.map [Correcto]
childExecutorDecision.js [Correcto]
childExecutorDecision.js.map [Correcto]
continuation.js [Correcto]
continuation.js.map [Correcto]
mergeDecision.js [Correcto]
mergeDecision.js.map [Correcto]
mergeState.js [Correcto]
mergeState.js.map [Correcto]
mergeStrategy.js [Correcto]
mergeStrategy.js.map [Correcto]
singleProducerAsyncInput.js [Correcto]
singleProducerAsyncInput.js.map [Correcto]
subexecutor.js [Correcto]
subexecutor.js.map [Correcto]
upstreamPullRequest.js [Correcto]
upstreamPullRequest.js.map [Correcto]
upstreamPullStrategy.js [Correcto]
upstreamPullStrategy.js.map [Correcto]

 Descomprimiendo archivos en C:\controlab-h\backend\node_modules\effect\dist\cjs\internal\configProvider\

pathPatch.js [Correcto]
pathPatch.js.map [Correcto]

 Descomprimiendo archivos en C:\controlab-h\backend\node_modules\effect\dist\cjs\internal\defaultServices\

console.js [Correcto]
console.js.map [Correcto]

 Descomprimiendo archivos en C:\controlab-h\backend\node_modules\effect\dist\cjs\internal\differ\

chunkPatch.js [Correcto]
chunkPatch.js.map [Correcto]
contextPatch.js [Correcto]
contextPatch.js.map [Correcto]
hashMapPatch.js [Correcto]
hashMapPatch.js.map [Correcto]
hashSetPatch.js [Correcto]
hashSetPatch.js.map [Correcto]
orPatch.js [Correcto]
orPatch.js.map [Correcto]
readonlyArrayPatch.js [Correcto]
readonlyArrayPatch.js.map [Correcto]

 Descomprimiendo archivos en C:\controlab-h\backend\node_modules\effect\dist\cjs\internal\effect\

circular.js [Correcto]
circular.js.map [Correcto]

 Descomprimiendo archivos en C:\controlab-h\backend\node_modules\effect\dist\cjs\internal\encoding\

base64.js [Correcto]
base64.js.map [Correcto]
base64Url.js [Correcto]
base64Url.js.map [Correcto]
common.js [Correcto]
common.js.map [Correcto]
hex.js [Correcto]
hex.js.map [Correcto]

 Descomprimiendo archivos en C:\controlab-h\backend\node_modules\effect\dist\cjs\internal\fiberRefs\

patch.js [Correcto]
patch.js.map [Correcto]

 Descomprimiendo archivos en C:\controlab-h\backend\node_modules\effect\dist\cjs\internal\hashMap\

array.js [Correcto]
array.js.map [Correcto]
bitwise.js [Correcto]
bitwise.js.map [Correcto]
config.js [Correcto]
config.js.map [Correcto]
keySet.js [Correcto]
keySet.js.map [Correcto]
node.js [Correcto]
node.js.map [Correcto]

 Descomprimiendo archivos en C:\controlab-h\backend\node_modules\effect\dist\cjs\internal\layer\

circular.js [Correcto]
circular.js.map [Correcto]

 Descomprimiendo archivos en C:\controlab-h\backend\node_modules\effect\dist\cjs\internal\managedRuntime\

circular.js [Correcto]
circular.js.map [Correcto]

 Descomprimiendo archivos en C:\controlab-h\backend\node_modules\effect\dist\cjs\internal\metric\

boundaries.js [Correcto]
boundaries.js.map [Correcto]
hook.js [Correcto]
hook.js.map [Correcto]
key.js [Correcto]
key.js.map [Correcto]
keyType.js [Correcto]
keyType.js.map [Correcto]
label.js [Correcto]
label.js.map [Correcto]
pair.js [Correcto]
pair.js.map [Correcto]
polling.js [Correcto]
polling.js.map [Correcto]
registry.js [Correcto]
registry.js.map [Correcto]
state.js [Correcto]
state.js.map [Correcto]

 Descomprimiendo archivos en C:\controlab-h\backend\node_modules\effect\dist\cjs\internal\opCodes\

cause.js [Correcto]
cause.js.map [Correcto]
channel.js [Correcto]
channel.js.map [Correcto]
channelChildExecutorDecision.js [Correcto]
channelChildExecutorDecision.js.map [Correcto]
channelMergeDecision.js [Correcto]
channelMergeDecision.js.map [Correcto]
channelMergeState.js [Correcto]
channelMergeState.js.map [Correcto]
channelMergeStrategy.js [Correcto]
channelMergeStrategy.js.map [Correcto]
channelState.js [Correcto]
channelState.js.map [Correcto]
channelUpstreamPullRequest.js [Correcto]
channelUpstreamPullRequest.js.map [Correcto]
channelUpstreamPullStrategy.js [Correcto]
channelUpstreamPullStrategy.js.map [Correcto]
config.js [Correcto]
config.js.map [Correcto]
configError.js [Correcto]
configError.js.map [Correcto]
continuation.js [Correcto]
continuation.js.map [Correcto]
deferred.js [Correcto]
deferred.js.map [Correcto]
effect.js [Correcto]
effect.js.map [Correcto]
layer.js [Correcto]
layer.js.map [Correcto]
streamHaltStrategy.js [Correcto]
streamHaltStrategy.js.map [Correcto]

 Descomprimiendo archivos en C:\controlab-h\backend\node_modules\effect\dist\cjs\internal\redBlackTree\

iterator.js [Correcto]
iterator.js.map [Correcto]
node.js [Correcto]
node.js.map [Correcto]

 Descomprimiendo archivos en C:\controlab-h\backend\node_modules\effect\dist\cjs\internal\schedule\

decision.js [Correcto]
decision.js.map [Correcto]
interval.js [Correcto]
interval.js.map [Correcto]
intervals.js [Correcto]
intervals.js.map [Correcto]

 Descomprimiendo archivos en C:\controlab-h\backend\node_modules\effect\dist\cjs\internal\schema\

errors.js [Correcto]
errors.js.map [Correcto]
schemaId.js [Correcto]
schemaId.js.map [Correcto]
util.js [Correcto]
util.js.map [Correcto]

 Descomprimiendo archivos en C:\controlab-h\backend\node_modules\effect\dist\cjs\internal\stm\

core.js [Correcto]
core.js.map [Correcto]
entry.js [Correcto]
entry.js.map [Correcto]
journal.js [Correcto]
journal.js.map [Correcto]
opCodes [Correcto]
stm.js [Correcto]
stm.js.map [Correcto]
stmState.js [Correcto]
stmState.js.map [Correcto]
tArray.js [Correcto]
tArray.js.map [Correcto]
tDeferred.js [Correcto]
tDeferred.js.map [Correcto]
tExit.js [Correcto]
tExit.js.map [Correcto]
tMap.js [Correcto]
tMap.js.map [Correcto]
tPriorityQueue.js [Correcto]
tPriorityQueue.js.map [Correcto]
tPubSub.js [Correcto]
tPubSub.js.map [Correcto]
tQueue.js [Correcto]
tQueue.js.map [Correcto]
tRandom.js [Correcto]
tRandom.js.map [Correcto]
tReentrantLock.js [Correcto]
tReentrantLock.js.map [Correcto]
tRef.js [Correcto]
tRef.js.map [Correcto]
tryCommit.js [Correcto]
tryCommit.js.map [Correcto]
tSemaphore.js [Correcto]
tSemaphore.js.map [Correcto]
tSet.js [Correcto]
tSet.js.map [Correcto]
tSubscriptionRef.js [Correcto]
tSubscriptionRef.js.map [Correcto]
txnId.js [Correcto]
txnId.js.map [Correcto]
versioned.js [Correcto]
versioned.js.map [Correcto]

 Descomprimiendo archivos en C:\controlab-h\backend\node_modules\effect\dist\cjs\internal\stm\opCodes\

stm.js [Correcto]
stm.js.map [Correcto]
stmState.js [Correcto]
stmState.js.map [Correcto]
strategy.js [Correcto]
strategy.js.map [Correcto]
tExit.js [Correcto]
tExit.js.map [Correcto]
tryCommit.js [Correcto]
tryCommit.js.map [Correcto]

 Descomprimiendo archivos en C:\controlab-h\backend\node_modules\effect\dist\cjs\internal\stream\

debounceState.js [Correcto]
debounceState.js.map [Correcto]
emit.js [Correcto]
emit.js.map [Correcto]
haltStrategy.js [Correcto]
haltStrategy.js.map [Correcto]
handoff.js [Correcto]
handoff.js.map [Correcto]
handoffSignal.js [Correcto]
handoffSignal.js.map [Correcto]
pull.js [Correcto]
pull.js.map [Correcto]
sinkEndReason.js [Correcto]
sinkEndReason.js.map [Correcto]
zipAllState.js [Correcto]
zipAllState.js.map [Correcto]
zipChunksState.js [Correcto]
zipChunksState.js.map [Correcto]

 Descomprimiendo archivos en C:\controlab-h\backend\node_modules\effect\dist\cjs\internal\supervisor\

patch.js [Correcto]
patch.js.map [Correcto]

 Descomprimiendo archivos en C:\controlab-h\backend\node_modules\effect\dist\cjs\internal\testing\

sleep.js [Correcto]
sleep.js.map [Correcto]
suspendedWarningData.js [Correcto]
suspendedWarningData.js.map [Correcto]
warningData.js [Correcto]
warningData.js.map [Correcto]

 Descomprimiendo archivos en C:\controlab-h\backend\node_modules\effect\dist\dts\

Arbitrary.d.ts [Correcto]
Arbitrary.d.ts.map [Correcto]
Array.d.ts [Correcto]
Array.d.ts.map [Correcto]
BigDecimal.d.ts [Correcto]
BigDecimal.d.ts.map [Correcto]
BigInt.d.ts [Correcto]
BigInt.d.ts.map [Correcto]
Boolean.d.ts [Correcto]
Boolean.d.ts.map [Correcto]
Brand.d.ts [Correcto]
Brand.d.ts.map [Correcto]
Cache.d.ts [Correcto]
Cache.d.ts.map [Correcto]
Cause.d.ts [Correcto]
Cause.d.ts.map [Correcto]
Channel.d.ts [Correcto]
Channel.d.ts.map [Correcto]
ChildExecutorDecision.d.ts [Correcto]
ChildExecutorDecision.d.ts.map [Correcto]
Chunk.d.ts [Correcto]
Chunk.d.ts.map [Correcto]
Clock.d.ts [Correcto]
Clock.d.ts.map [Correcto]
Config.d.ts [Correcto]
Config.d.ts.map [Correcto]
ConfigError.d.ts [Correcto]
ConfigError.d.ts.map [Correcto]
ConfigProvider.d.ts [Correcto]
ConfigProvider.d.ts.map [Correcto]
ConfigProviderPathPatch.d.ts [Correcto]
ConfigProviderPathPatch.d.ts.map [Correcto]
Console.d.ts [Correcto]
Console.d.ts.map [Correcto]
Context.d.ts [Correcto]
Context.d.ts.map [Correcto]
Cron.d.ts [Correcto]
Cron.d.ts.map [Correcto]
Data.d.ts [Correcto]
Data.d.ts.map [Correcto]
DateTime.d.ts [Correcto]
DateTime.d.ts.map [Correcto]
DefaultServices.d.ts [Correcto]
DefaultServices.d.ts.map [Correcto]
Deferred.d.ts [Correcto]
Deferred.d.ts.map [Correcto]
Differ.d.ts [Correcto]
Differ.d.ts.map [Correcto]
Duration.d.ts [Correcto]
Duration.d.ts.map [Correcto]
Effect.d.ts [Correcto]
Effect.d.ts.map [Correcto]
Effectable.d.ts [Correcto]
Effectable.d.ts.map [Correcto]
Either.d.ts [Correcto]
Either.d.ts.map [Correcto]
Encoding.d.ts [Correcto]
Encoding.d.ts.map [Correcto]
Equal.d.ts [Correcto]
Equal.d.ts.map [Correcto]
Equivalence.d.ts [Correcto]
Equivalence.d.ts.map [Correcto]
ExecutionPlan.d.ts [Correcto]
ExecutionPlan.d.ts.map [Correcto]
ExecutionStrategy.d.ts [Correcto]
ExecutionStrategy.d.ts.map [Correcto]
Exit.d.ts [Correcto]
Exit.d.ts.map [Correcto]
FastCheck.d.ts [Correcto]
FastCheck.d.ts.map [Correcto]
Fiber.d.ts [Correcto]
Fiber.d.ts.map [Correcto]
FiberHandle.d.ts [Correcto]
FiberHandle.d.ts.map [Correcto]
FiberId.d.ts [Correcto]
FiberId.d.ts.map [Correcto]
FiberMap.d.ts [Correcto]
FiberMap.d.ts.map [Correcto]
FiberRef.d.ts [Correcto]
FiberRef.d.ts.map [Correcto]
FiberRefs.d.ts [Correcto]
FiberRefs.d.ts.map [Correcto]
FiberRefsPatch.d.ts [Correcto]
FiberRefsPatch.d.ts.map [Correcto]
FiberSet.d.ts [Correcto]
FiberSet.d.ts.map [Correcto]
FiberStatus.d.ts [Correcto]
FiberStatus.d.ts.map [Correcto]
Function.d.ts [Correcto]
Function.d.ts.map [Correcto]
GlobalValue.d.ts [Correcto]
GlobalValue.d.ts.map [Correcto]
Graph.d.ts [Correcto]
Graph.d.ts.map [Correcto]
GroupBy.d.ts [Correcto]
GroupBy.d.ts.map [Correcto]
Hash.d.ts [Correcto]
Hash.d.ts.map [Correcto]
HashMap.d.ts [Correcto]
HashMap.d.ts.map [Correcto]
HashRing.d.ts [Correcto]
HashRing.d.ts.map [Correcto]
HashSet.d.ts [Correcto]
HashSet.d.ts.map [Correcto]
HKT.d.ts [Correcto]
HKT.d.ts.map [Correcto]
index.d.ts [Correcto]
index.d.ts.map [Correcto]
Inspectable.d.ts [Correcto]
Inspectable.d.ts.map [Correcto]
internal [Correcto]
Iterable.d.ts [Correcto]
Iterable.d.ts.map [Correcto]
JSONSchema.d.ts [Correcto]
JSONSchema.d.ts.map [Correcto]
KeyedPool.d.ts [Correcto]
KeyedPool.d.ts.map [Correcto]
Layer.d.ts [Correcto]
Layer.d.ts.map [Correcto]
LayerMap.d.ts [Correcto]
LayerMap.d.ts.map [Correcto]
List.d.ts [Correcto]
List.d.ts.map [Correcto]
Logger.d.ts [Correcto]
Logger.d.ts.map [Correcto]
LogLevel.d.ts [Correcto]
LogLevel.d.ts.map [Correcto]
LogSpan.d.ts [Correcto]
LogSpan.d.ts.map [Correcto]
Mailbox.d.ts [Correcto]
Mailbox.d.ts.map [Correcto]
ManagedRuntime.d.ts [Correcto]
ManagedRuntime.d.ts.map [Correcto]
Match.d.ts [Correcto]
Match.d.ts.map [Correcto]
MergeDecision.d.ts [Correcto]
MergeDecision.d.ts.map [Correcto]
MergeState.d.ts [Correcto]
MergeState.d.ts.map [Correcto]
MergeStrategy.d.ts [Correcto]
MergeStrategy.d.ts.map [Correcto]
Metric.d.ts [Correcto]
Metric.d.ts.map [Correcto]
MetricBoundaries.d.ts [Correcto]
MetricBoundaries.d.ts.map [Correcto]
MetricHook.d.ts [Correcto]
MetricHook.d.ts.map [Correcto]
MetricKey.d.ts [Correcto]
MetricKey.d.ts.map [Correcto]
MetricKeyType.d.ts [Correcto]
MetricKeyType.d.ts.map [Correcto]
MetricLabel.d.ts [Correcto]
MetricLabel.d.ts.map [Correcto]
MetricPair.d.ts [Correcto]
MetricPair.d.ts.map [Correcto]
MetricPolling.d.ts [Correcto]
MetricPolling.d.ts.map [Correcto]
MetricRegistry.d.ts [Correcto]
MetricRegistry.d.ts.map [Correcto]
MetricState.d.ts [Correcto]
MetricState.d.ts.map [Correcto]
Micro.d.ts [Correcto]
Micro.d.ts.map [Correcto]
ModuleVersion.d.ts [Correcto]
ModuleVersion.d.ts.map [Correcto]
MutableHashMap.d.ts [Correcto]
MutableHashMap.d.ts.map [Correcto]
MutableHashSet.d.ts [Correcto]
MutableHashSet.d.ts.map [Correcto]
MutableList.d.ts [Correcto]
MutableList.d.ts.map [Correcto]
MutableQueue.d.ts [Correcto]
MutableQueue.d.ts.map [Correcto]
MutableRef.d.ts [Correcto]
MutableRef.d.ts.map [Correcto]
NonEmptyIterable.d.ts [Correcto]
NonEmptyIterable.d.ts.map [Correcto]
Number.d.ts [Correcto]
Number.d.ts.map [Correcto]
Option.d.ts [Correcto]
Option.d.ts.map [Correcto]
Order.d.ts [Correcto]
Order.d.ts.map [Correcto]
Ordering.d.ts [Correcto]
Ordering.d.ts.map [Correcto]
ParseResult.d.ts [Correcto]
ParseResult.d.ts.map [Correcto]
PartitionedSemaphore.d.ts [Correcto]
PartitionedSemaphore.d.ts.map [Correcto]
Pipeable.d.ts [Correcto]
Pipeable.d.ts.map [Correcto]
Pool.d.ts [Correcto]
Pool.d.ts.map [Correcto]
Predicate.d.ts [Correcto]
Predicate.d.ts.map [Correcto]
Pretty.d.ts [Correcto]
Pretty.d.ts.map [Correcto]
PrimaryKey.d.ts [Correcto]
PrimaryKey.d.ts.map [Correcto]
PubSub.d.ts [Correcto]
PubSub.d.ts.map [Correcto]
Queue.d.ts [Correcto]
Queue.d.ts.map [Correcto]
Random.d.ts [Correcto]
Random.d.ts.map [Correcto]
RateLimiter.d.ts [Correcto]
RateLimiter.d.ts.map [Correcto]
RcMap.d.ts [Correcto]
RcMap.d.ts.map [Correcto]
RcRef.d.ts [Correcto]
RcRef.d.ts.map [Correcto]
Readable.d.ts [Correcto]
Readable.d.ts.map [Correcto]
Record.d.ts [Correcto]
Record.d.ts.map [Correcto]
Redacted.d.ts [Correcto]
Redacted.d.ts.map [Correcto]
RedBlackTree.d.ts [Correcto]
RedBlackTree.d.ts.map [Correcto]
Ref.d.ts [Correcto]
Ref.d.ts.map [Correcto]
RegExp.d.ts [Correcto]
RegExp.d.ts.map [Correcto]
Reloadable.d.ts [Correcto]
Reloadable.d.ts.map [Correcto]
Request.d.ts [Correcto]
Request.d.ts.map [Correcto]
RequestBlock.d.ts [Correcto]
RequestBlock.d.ts.map [Correcto]
RequestResolver.d.ts [Correcto]
RequestResolver.d.ts.map [Correcto]
Resource.d.ts [Correcto]
Resource.d.ts.map [Correcto]
Runtime.d.ts [Correcto]
Runtime.d.ts.map [Correcto]
RuntimeFlags.d.ts [Correcto]
RuntimeFlags.d.ts.map [Correcto]
RuntimeFlagsPatch.d.ts [Correcto]
RuntimeFlagsPatch.d.ts.map [Correcto]
Schedule.d.ts [Correcto]
Schedule.d.ts.map [Correcto]
ScheduleDecision.d.ts [Correcto]
ScheduleDecision.d.ts.map [Correcto]
ScheduleInterval.d.ts [Correcto]
ScheduleInterval.d.ts.map [Correcto]
ScheduleIntervals.d.ts [Correcto]
ScheduleIntervals.d.ts.map [Correcto]
Scheduler.d.ts [Correcto]
Scheduler.d.ts.map [Correcto]
Schema.d.ts [Correcto]
Schema.d.ts.map [Correcto]
SchemaAST.d.ts [Correcto]
SchemaAST.d.ts.map [Correcto]
Scope.d.ts [Correcto]
Scope.d.ts.map [Correcto]
ScopedCache.d.ts [Correcto]
ScopedCache.d.ts.map [Correcto]
ScopedRef.d.ts [Correcto]
ScopedRef.d.ts.map [Correcto]
Secret.d.ts [Correcto]
Secret.d.ts.map [Correcto]
SingleProducerAsyncInput.d.ts [Correcto]
SingleProducerAsyncInput.d.ts.map [Correcto]
Sink.d.ts [Correcto]
Sink.d.ts.map [Correcto]
SortedMap.d.ts [Correcto]
SortedMap.d.ts.map [Correcto]
SortedSet.d.ts [Correcto]
SortedSet.d.ts.map [Correcto]
STM.d.ts [Correcto]
STM.d.ts.map [Correcto]
Stream.d.ts [Correcto]
Stream.d.ts.map [Correcto]
Streamable.d.ts [Correcto]
Streamable.d.ts.map [Correcto]
StreamEmit.d.ts [Correcto]
StreamEmit.d.ts.map [Correcto]
StreamHaltStrategy.d.ts [Correcto]
StreamHaltStrategy.d.ts.map [Correcto]
String.d.ts [Correcto]
String.d.ts.map [Correcto]
Struct.d.ts [Correcto]
Struct.d.ts.map [Correcto]
Subscribable.d.ts [Correcto]
Subscribable.d.ts.map [Correcto]
SubscriptionRef.d.ts [Correcto]
SubscriptionRef.d.ts.map [Correcto]
Supervisor.d.ts [Correcto]
Supervisor.d.ts.map [Correcto]
Symbol.d.ts [Correcto]
Symbol.d.ts.map [Correcto]
SynchronizedRef.d.ts [Correcto]
SynchronizedRef.d.ts.map [Correcto]
Take.d.ts [Correcto]
Take.d.ts.map [Correcto]
TArray.d.ts [Correcto]
TArray.d.ts.map [Correcto]
TDeferred.d.ts [Correcto]
TDeferred.d.ts.map [Correcto]
TestAnnotation.d.ts [Correcto]
TestAnnotation.d.ts.map [Correcto]
TestAnnotationMap.d.ts [Correcto]
TestAnnotationMap.d.ts.map [Correcto]
TestAnnotations.d.ts [Correcto]
TestAnnotations.d.ts.map [Correcto]
TestClock.d.ts [Correcto]
TestClock.d.ts.map [Correcto]
TestConfig.d.ts [Correcto]
TestConfig.d.ts.map [Correcto]
TestContext.d.ts [Correcto]
TestContext.d.ts.map [Correcto]
TestLive.d.ts [Correcto]
TestLive.d.ts.map [Correcto]
TestServices.d.ts [Correcto]
TestServices.d.ts.map [Correcto]
TestSized.d.ts [Correcto]
TestSized.d.ts.map [Correcto]
TMap.d.ts [Correcto]
TMap.d.ts.map [Correcto]
TPriorityQueue.d.ts [Correcto]
TPriorityQueue.d.ts.map [Correcto]
TPubSub.d.ts [Correcto]
TPubSub.d.ts.map [Correcto]
TQueue.d.ts [Correcto]
TQueue.d.ts.map [Correcto]
Tracer.d.ts [Correcto]
Tracer.d.ts.map [Correcto]
TRandom.d.ts [Correcto]
TRandom.d.ts.map [Correcto]
TReentrantLock.d.ts [Correcto]
TReentrantLock.d.ts.map [Correcto]
TRef.d.ts [Correcto]
TRef.d.ts.map [Correcto]
Trie.d.ts [Correcto]
Trie.d.ts.map [Correcto]
TSemaphore.d.ts [Correcto]
TSemaphore.d.ts.map [Correcto]
TSet.d.ts [Correcto]
TSet.d.ts.map [Correcto]
TSubscriptionRef.d.ts [Correcto]
TSubscriptionRef.d.ts.map [Correcto]
Tuple.d.ts [Correcto]
Tuple.d.ts.map [Correcto]
Types.d.ts [Correcto]
Types.d.ts.map [Correcto]
Unify.d.ts [Correcto]
Unify.d.ts.map [Correcto]
UpstreamPullRequest.d.ts [Correcto]
UpstreamPullRequest.d.ts.map [Correcto]
UpstreamPullStrategy.d.ts [Correcto]
UpstreamPullStrategy.d.ts.map [Correcto]
Utils.d.ts [Correcto]
Utils.d.ts.map [Correcto]

 Descomprimiendo archivos en C:\controlab-h\backend\node_modules\effect\dist\dts\internal\

array.d.ts [Correcto]
array.d.ts.map [Correcto]
blockedRequests.d.ts [Correcto]
blockedRequests.d.ts.map [Correcto]
cache.d.ts [Correcto]
cache.d.ts.map [Correcto]
cause.d.ts [Correcto]
cause.d.ts.map [Correcto]
channel [Correcto]
channel.d.ts [Correcto]
channel.d.ts.map [Correcto]
clock.d.ts [Correcto]
clock.d.ts.map [Correcto]
completedRequestMap.d.ts [Correcto]
completedRequestMap.d.ts.map [Correcto]
concurrency.d.ts [Correcto]
concurrency.d.ts.map [Correcto]
config.d.ts [Correcto]
config.d.ts.map [Correcto]
configError.d.ts [Correcto]
configError.d.ts.map [Correcto]
configProvider [Correcto]
configProvider.d.ts [Correcto]
configProvider.d.ts.map [Correcto]
console.d.ts [Correcto]
console.d.ts.map [Correcto]
context.d.ts [Correcto]
context.d.ts.map [Correcto]
core-effect.d.ts [Correcto]
core-effect.d.ts.map [Correcto]
core-stream.d.ts [Correcto]
core-stream.d.ts.map [Correcto]
core.d.ts [Correcto]
core.d.ts.map [Correcto]
data.d.ts [Correcto]
data.d.ts.map [Correcto]
dataSource.d.ts [Correcto]
dataSource.d.ts.map [Correcto]
dateTime.d.ts [Correcto]
dateTime.d.ts.map [Correcto]
defaultServices [Correcto]
defaultServices.d.ts [Correcto]
defaultServices.d.ts.map [Correcto]
deferred.d.ts [Correcto]
deferred.d.ts.map [Correcto]
differ [Correcto]
differ.d.ts [Correcto]
differ.d.ts.map [Correcto]
doNotation.d.ts [Correcto]
doNotation.d.ts.map [Correcto]
effect [Correcto]
effectable.d.ts [Correcto]
effectable.d.ts.map [Correcto]
either.d.ts [Correcto]
either.d.ts.map [Correcto]
encoding [Correcto]
errors.d.ts [Correcto]
errors.d.ts.map [Correcto]
executionPlan.d.ts [Correcto]
executionPlan.d.ts.map [Correcto]
executionStrategy.d.ts [Correcto]
executionStrategy.d.ts.map [Correcto]
fiber.d.ts [Correcto]
fiber.d.ts.map [Correcto]
fiberId.d.ts [Correcto]
fiberId.d.ts.map [Correcto]
fiberMessage.d.ts [Correcto]
fiberMessage.d.ts.map [Correcto]
fiberRefs [Correcto]
fiberRefs.d.ts [Correcto]
fiberRefs.d.ts.map [Correcto]
fiberRuntime.d.ts [Correcto]
fiberRuntime.d.ts.map [Correcto]
fiberScope.d.ts [Correcto]
fiberScope.d.ts.map [Correcto]
fiberStatus.d.ts [Correcto]
fiberStatus.d.ts.map [Correcto]
groupBy.d.ts [Correcto]
groupBy.d.ts.map [Correcto]
hashMap [Correcto]
hashMap.d.ts [Correcto]
hashMap.d.ts.map [Correcto]
hashSet.d.ts [Correcto]
hashSet.d.ts.map [Correcto]
keyedPool.d.ts [Correcto]
keyedPool.d.ts.map [Correcto]
layer [Correcto]
layer.d.ts [Correcto]
layer.d.ts.map [Correcto]
logger-circular.d.ts [Correcto]
logger-circular.d.ts.map [Correcto]
logger.d.ts [Correcto]
logger.d.ts.map [Correcto]
logSpan.d.ts [Correcto]
logSpan.d.ts.map [Correcto]
mailbox.d.ts [Correcto]
mailbox.d.ts.map [Correcto]
managedRuntime [Correcto]
managedRuntime.d.ts [Correcto]
managedRuntime.d.ts.map [Correcto]
matcher.d.ts [Correcto]
matcher.d.ts.map [Correcto]
metric [Correcto]
metric.d.ts [Correcto]
metric.d.ts.map [Correcto]
opCodes [Correcto]
option.d.ts [Correcto]
option.d.ts.map [Correcto]
pool.d.ts [Correcto]
pool.d.ts.map [Correcto]
pubsub.d.ts [Correcto]
pubsub.d.ts.map [Correcto]
query.d.ts [Correcto]
query.d.ts.map [Correcto]
queue.d.ts [Correcto]
queue.d.ts.map [Correcto]
random.d.ts [Correcto]
random.d.ts.map [Correcto]
rateLimiter.d.ts [Correcto]
rateLimiter.d.ts.map [Correcto]
rcMap.d.ts [Correcto]
rcMap.d.ts.map [Correcto]
rcRef.d.ts [Correcto]
rcRef.d.ts.map [Correcto]
redacted.d.ts [Correcto]
redacted.d.ts.map [Correcto]
redBlackTree [Correcto]
redBlackTree.d.ts [Correcto]
redBlackTree.d.ts.map [Correcto]
ref.d.ts [Correcto]
ref.d.ts.map [Correcto]
reloadable.d.ts [Correcto]
reloadable.d.ts.map [Correcto]
request.d.ts [Correcto]
request.d.ts.map [Correcto]
resource.d.ts [Correcto]
resource.d.ts.map [Correcto]
ringBuffer.d.ts [Correcto]
ringBuffer.d.ts.map [Correcto]
runtime.d.ts [Correcto]
runtime.d.ts.map [Correcto]
runtimeFlags.d.ts [Correcto]
runtimeFlags.d.ts.map [Correcto]
runtimeFlagsPatch.d.ts [Correcto]
runtimeFlagsPatch.d.ts.map [Correcto]
schedule [Correcto]
schedule.d.ts [Correcto]
schedule.d.ts.map [Correcto]
schema [Correcto]
scopedCache.d.ts [Correcto]
scopedCache.d.ts.map [Correcto]
scopedRef.d.ts [Correcto]
scopedRef.d.ts.map [Correcto]
secret.d.ts [Correcto]
secret.d.ts.map [Correcto]
singleShotGen.d.ts [Correcto]
singleShotGen.d.ts.map [Correcto]
sink.d.ts [Correcto]
sink.d.ts.map [Correcto]
stack.d.ts [Correcto]
stack.d.ts.map [Correcto]
stm [Correcto]
stream [Correcto]
stream.d.ts [Correcto]
stream.d.ts.map [Correcto]
string-utils.d.ts [Correcto]
string-utils.d.ts.map [Correcto]
subscriptionRef.d.ts [Correcto]
subscriptionRef.d.ts.map [Correcto]
supervisor [Correcto]
supervisor.d.ts [Correcto]
supervisor.d.ts.map [Correcto]
synchronizedRef.d.ts [Correcto]
synchronizedRef.d.ts.map [Correcto]
take.d.ts [Correcto]
take.d.ts.map [Correcto]
testing [Correcto]
tracer.d.ts [Correcto]
tracer.d.ts.map [Correcto]
trie.d.ts [Correcto]
trie.d.ts.map [Correcto]
version.d.ts [Correcto]
version.d.ts.map [Correcto]

 Descomprimiendo archivos en C:\controlab-h\backend\node_modules\effect\dist\dts\internal\channel\

channelExecutor.d.ts [Correcto]
channelExecutor.d.ts.map [Correcto]
channelState.d.ts [Correcto]
channelState.d.ts.map [Correcto]
childExecutorDecision.d.ts [Correcto]
childExecutorDecision.d.ts.map [Correcto]
continuation.d.ts [Correcto]
continuation.d.ts.map [Correcto]
mergeDecision.d.ts [Correcto]
mergeDecision.d.ts.map [Correcto]
mergeState.d.ts [Correcto]
mergeState.d.ts.map [Correcto]
mergeStrategy.d.ts [Correcto]
mergeStrategy.d.ts.map [Correcto]
singleProducerAsyncInput.d.ts [Correcto]
singleProducerAsyncInput.d.ts.map [Correcto]
subexecutor.d.ts [Correcto]
subexecutor.d.ts.map [Correcto]
upstreamPullRequest.d.ts [Correcto]
upstreamPullRequest.d.ts.map [Correcto]
upstreamPullStrategy.d.ts [Correcto]
upstreamPullStrategy.d.ts.map [Correcto]

 Descomprimiendo archivos en C:\controlab-h\backend\node_modules\effect\dist\dts\internal\configProvider\

pathPatch.d.ts [Correcto]
pathPatch.d.ts.map [Correcto]

 Descomprimiendo archivos en C:\controlab-h\backend\node_modules\effect\dist\dts\internal\defaultServices\

console.d.ts [Correcto]
console.d.ts.map [Correcto]

 Descomprimiendo archivos en C:\controlab-h\backend\node_modules\effect\dist\dts\internal\differ\

chunkPatch.d.ts [Correcto]
chunkPatch.d.ts.map [Correcto]
contextPatch.d.ts [Correcto]
contextPatch.d.ts.map [Correcto]
hashMapPatch.d.ts [Correcto]
hashMapPatch.d.ts.map [Correcto]
hashSetPatch.d.ts [Correcto]
hashSetPatch.d.ts.map [Correcto]
orPatch.d.ts [Correcto]
orPatch.d.ts.map [Correcto]
readonlyArrayPatch.d.ts [Correcto]
readonlyArrayPatch.d.ts.map [Correcto]

 Descomprimiendo archivos en C:\controlab-h\backend\node_modules\effect\dist\dts\internal\effect\

circular.d.ts [Correcto]
circular.d.ts.map [Correcto]

 Descomprimiendo archivos en C:\controlab-h\backend\node_modules\effect\dist\dts\internal\encoding\

base64.d.ts [Correcto]
base64.d.ts.map [Correcto]
base64Url.d.ts [Correcto]
base64Url.d.ts.map [Correcto]
common.d.ts [Correcto]
common.d.ts.map [Correcto]
hex.d.ts [Correcto]
hex.d.ts.map [Correcto]

 Descomprimiendo archivos en C:\controlab-h\backend\node_modules\effect\dist\dts\internal\fiberRefs\

patch.d.ts [Correcto]
patch.d.ts.map [Correcto]

 Descomprimiendo archivos en C:\controlab-h\backend\node_modules\effect\dist\dts\internal\hashMap\

array.d.ts [Correcto]
array.d.ts.map [Correcto]
bitwise.d.ts [Correcto]
bitwise.d.ts.map [Correcto]
config.d.ts [Correcto]
config.d.ts.map [Correcto]
keySet.d.ts [Correcto]
keySet.d.ts.map [Correcto]
node.d.ts [Correcto]
node.d.ts.map [Correcto]

 Descomprimiendo archivos en C:\controlab-h\backend\node_modules\effect\dist\dts\internal\layer\

circular.d.ts [Correcto]
circular.d.ts.map [Correcto]

 Descomprimiendo archivos en C:\controlab-h\backend\node_modules\effect\dist\dts\internal\managedRuntime\

circular.d.ts [Correcto]
circular.d.ts.map [Correcto]

 Descomprimiendo archivos en C:\controlab-h\backend\node_modules\effect\dist\dts\internal\metric\

boundaries.d.ts [Correcto]
boundaries.d.ts.map [Correcto]
hook.d.ts [Correcto]
hook.d.ts.map [Correcto]
key.d.ts [Correcto]
key.d.ts.map [Correcto]
keyType.d.ts [Correcto]
keyType.d.ts.map [Correcto]
label.d.ts [Correcto]
label.d.ts.map [Correcto]
pair.d.ts [Correcto]
pair.d.ts.map [Correcto]
polling.d.ts [Correcto]
polling.d.ts.map [Correcto]
registry.d.ts [Correcto]
registry.d.ts.map [Correcto]
state.d.ts [Correcto]
state.d.ts.map [Correcto]

 Descomprimiendo archivos en C:\controlab-h\backend\node_modules\effect\dist\dts\internal\opCodes\

cause.d.ts [Correcto]
cause.d.ts.map [Correcto]
channel.d.ts [Correcto]
channel.d.ts.map [Correcto]
channelChildExecutorDecision.d.ts [Correcto]
channelChildExecutorDecision.d.ts.map [Correcto]
channelMergeDecision.d.ts [Correcto]
channelMergeDecision.d.ts.map [Correcto]
channelMergeState.d.ts [Correcto]
channelMergeState.d.ts.map [Correcto]
channelMergeStrategy.d.ts [Correcto]
channelMergeStrategy.d.ts.map [Correcto]
channelState.d.ts [Correcto]
channelState.d.ts.map [Correcto]
channelUpstreamPullRequest.d.ts [Correcto]
channelUpstreamPullRequest.d.ts.map [Correcto]
channelUpstreamPullStrategy.d.ts [Correcto]
channelUpstreamPullStrategy.d.ts.map [Correcto]
config.d.ts [Correcto]
config.d.ts.map [Correcto]
configError.d.ts [Correcto]
configError.d.ts.map [Correcto]
continuation.d.ts [Correcto]
continuation.d.ts.map [Correcto]
deferred.d.ts [Correcto]
deferred.d.ts.map [Correcto]
effect.d.ts [Correcto]
effect.d.ts.map [Correcto]
layer.d.ts [Correcto]
layer.d.ts.map [Correcto]
streamHaltStrategy.d.ts [Correcto]
streamHaltStrategy.d.ts.map [Correcto]

 Descomprimiendo archivos en C:\controlab-h\backend\node_modules\effect\dist\dts\internal\redBlackTree\

iterator.d.ts [Correcto]
iterator.d.ts.map [Correcto]
node.d.ts [Correcto]
node.d.ts.map [Correcto]

 Descomprimiendo archivos en C:\controlab-h\backend\node_modules\effect\dist\dts\internal\schedule\

decision.d.ts [Correcto]
decision.d.ts.map [Correcto]
interval.d.ts [Correcto]
interval.d.ts.map [Correcto]
intervals.d.ts [Correcto]
intervals.d.ts.map [Correcto]

 Descomprimiendo archivos en C:\controlab-h\backend\node_modules\effect\dist\dts\internal\schema\

errors.d.ts [Correcto]
errors.d.ts.map [Correcto]
schemaId.d.ts [Correcto]
schemaId.d.ts.map [Correcto]
util.d.ts [Correcto]
util.d.ts.map [Correcto]

 Descomprimiendo archivos en C:\controlab-h\backend\node_modules\effect\dist\dts\internal\stm\

core.d.ts [Correcto]
core.d.ts.map [Correcto]
entry.d.ts [Correcto]
entry.d.ts.map [Correcto]
journal.d.ts [Correcto]
journal.d.ts.map [Correcto]
opCodes [Correcto]
stm.d.ts [Correcto]
stm.d.ts.map [Correcto]
stmState.d.ts [Correcto]
stmState.d.ts.map [Correcto]
tArray.d.ts [Correcto]
tArray.d.ts.map [Correcto]
tDeferred.d.ts [Correcto]
tDeferred.d.ts.map [Correcto]
tExit.d.ts [Correcto]
tExit.d.ts.map [Correcto]
tMap.d.ts [Correcto]
tMap.d.ts.map [Correcto]
tPriorityQueue.d.ts [Correcto]
tPriorityQueue.d.ts.map [Correcto]
tPubSub.d.ts [Correcto]
tPubSub.d.ts.map [Correcto]
tQueue.d.ts [Correcto]
tQueue.d.ts.map [Correcto]
tRandom.d.ts [Correcto]
tRandom.d.ts.map [Correcto]
tReentrantLock.d.ts [Correcto]
tReentrantLock.d.ts.map [Correcto]
tRef.d.ts [Correcto]
tRef.d.ts.map [Correcto]
tryCommit.d.ts [Correcto]
tryCommit.d.ts.map [Correcto]
tSemaphore.d.ts [Correcto]
tSemaphore.d.ts.map [Correcto]
tSet.d.ts [Correcto]
tSet.d.ts.map [Correcto]
tSubscriptionRef.d.ts [Correcto]
tSubscriptionRef.d.ts.map [Correcto]
txnId.d.ts [Correcto]
txnId.d.ts.map [Correcto]
versioned.d.ts [Correcto]
versioned.d.ts.map [Correcto]

 Descomprimiendo archivos en C:\controlab-h\backend\node_modules\effect\dist\dts\internal\stm\opCodes\

stm.d.ts [Correcto]
stm.d.ts.map [Correcto]
stmState.d.ts [Correcto]
stmState.d.ts.map [Correcto]
strategy.d.ts [Correcto]
strategy.d.ts.map [Correcto]
tExit.d.ts [Correcto]
tExit.d.ts.map [Correcto]
tryCommit.d.ts [Correcto]
tryCommit.d.ts.map [Correcto]

 Descomprimiendo archivos en C:\controlab-h\backend\node_modules\effect\dist\dts\internal\stream\

debounceState.d.ts [Correcto]
debounceState.d.ts.map [Correcto]
emit.d.ts [Correcto]
emit.d.ts.map [Correcto]
haltStrategy.d.ts [Correcto]
haltStrategy.d.ts.map [Correcto]
handoff.d.ts [Correcto]
handoff.d.ts.map [Correcto]
handoffSignal.d.ts [Correcto]
handoffSignal.d.ts.map [Correcto]
pull.d.ts [Correcto]
pull.d.ts.map [Correcto]
sinkEndReason.d.ts [Correcto]
sinkEndReason.d.ts.map [Correcto]
zipAllState.d.ts [Correcto]
zipAllState.d.ts.map [Correcto]
zipChunksState.d.ts [Correcto]
zipChunksState.d.ts.map [Correcto]

 Descomprimiendo archivos en C:\controlab-h\backend\node_modules\effect\dist\dts\internal\supervisor\

patch.d.ts [Correcto]
patch.d.ts.map [Correcto]

 Descomprimiendo archivos en C:\controlab-h\backend\node_modules\effect\dist\dts\internal\testing\

sleep.d.ts [Correcto]
sleep.d.ts.map [Correcto]
suspendedWarningData.d.ts [Correcto]
suspendedWarningData.d.ts.map [Correcto]
warningData.d.ts [Correcto]
warningData.d.ts.map [Correcto]

 Descomprimiendo archivos en C:\controlab-h\backend\node_modules\effect\dist\esm\

Arbitrary.js [Correcto]
Arbitrary.js.map [Correcto]
Array.js [Correcto]
Array.js.map [Correcto]
BigDecimal.js [Correcto]
BigDecimal.js.map [Correcto]
BigInt.js [Correcto]
BigInt.js.map [Correcto]
Boolean.js [Correcto]
Boolean.js.map [Correcto]
Brand.js [Correcto]
Brand.js.map [Correcto]
Cache.js [Correcto]
Cache.js.map [Correcto]
Cause.js [Correcto]
Cause.js.map [Correcto]
Channel.js [Correcto]
Channel.js.map [Correcto]
ChildExecutorDecision.js [Correcto]
ChildExecutorDecision.js.map [Correcto]
Chunk.js [Correcto]
Chunk.js.map [Correcto]
Clock.js [Correcto]
Clock.js.map [Correcto]
Config.js [Correcto]
Config.js.map [Correcto]
ConfigError.js [Correcto]
ConfigError.js.map [Correcto]
ConfigProvider.js [Correcto]
ConfigProvider.js.map [Correcto]
ConfigProviderPathPatch.js [Correcto]
ConfigProviderPathPatch.js.map [Correcto]
Console.js [Correcto]
Console.js.map [Correcto]
Context.js [Correcto]
Context.js.map [Correcto]
Cron.js [Correcto]
Cron.js.map [Correcto]
Data.js [Correcto]
Data.js.map [Correcto]
DateTime.js [Correcto]
DateTime.js.map [Correcto]
DefaultServices.js [Correcto]
DefaultServices.js.map [Correcto]
Deferred.js [Correcto]
Deferred.js.map [Correcto]
Differ.js [Correcto]
Differ.js.map [Correcto]
Duration.js [Correcto]
Duration.js.map [Correcto]
Effect.js [Correcto]
Effect.js.map [Correcto]
Effectable.js [Correcto]
Effectable.js.map [Correcto]
Either.js [Correcto]
Either.js.map [Correcto]
Encoding.js [Correcto]
Encoding.js.map [Correcto]
Equal.js [Correcto]
Equal.js.map [Correcto]
Equivalence.js [Correcto]
Equivalence.js.map [Correcto]
ExecutionPlan.js [Correcto]
ExecutionPlan.js.map [Correcto]
ExecutionStrategy.js [Correcto]
ExecutionStrategy.js.map [Correcto]
Exit.js [Correcto]
Exit.js.map [Correcto]
FastCheck.js [Correcto]
FastCheck.js.map [Correcto]
Fiber.js [Correcto]
Fiber.js.map [Correcto]
FiberHandle.js [Correcto]
FiberHandle.js.map [Correcto]
FiberId.js [Correcto]
FiberId.js.map [Correcto]
FiberMap.js [Correcto]
FiberMap.js.map [Correcto]
FiberRef.js [Correcto]
FiberRef.js.map [Correcto]
FiberRefs.js [Correcto]
FiberRefs.js.map [Correcto]
FiberRefsPatch.js [Correcto]
FiberRefsPatch.js.map [Correcto]
FiberSet.js [Correcto]
FiberSet.js.map [Correcto]
FiberStatus.js [Correcto]
FiberStatus.js.map [Correcto]
Function.js [Correcto]
Function.js.map [Correcto]
GlobalValue.js [Correcto]
GlobalValue.js.map [Correcto]
Graph.js [Correcto]
Graph.js.map [Correcto]
GroupBy.js [Correcto]
GroupBy.js.map [Correcto]
Hash.js [Correcto]
Hash.js.map [Correcto]
HashMap.js [Correcto]
HashMap.js.map [Correcto]
HashRing.js [Correcto]
HashRing.js.map [Correcto]
HashSet.js [Correcto]
HashSet.js.map [Correcto]
HKT.js [Correcto]
HKT.js.map [Correcto]
index.js [Correcto]
index.js.map [Correcto]
Inspectable.js [Correcto]
Inspectable.js.map [Correcto]
internal [Correcto]
Iterable.js [Correcto]
Iterable.js.map [Correcto]
JSONSchema.js [Correcto]
JSONSchema.js.map [Correcto]
KeyedPool.js [Correcto]
KeyedPool.js.map [Correcto]
Layer.js [Correcto]
Layer.js.map [Correcto]
LayerMap.js [Correcto]
LayerMap.js.map [Correcto]
List.js [Correcto]
List.js.map [Correcto]
Logger.js [Correcto]
Logger.js.map [Correcto]
LogLevel.js [Correcto]
LogLevel.js.map [Correcto]
LogSpan.js [Correcto]
LogSpan.js.map [Correcto]
Mailbox.js [Correcto]
Mailbox.js.map [Correcto]
ManagedRuntime.js [Correcto]
ManagedRuntime.js.map [Correcto]
Match.js [Correcto]
Match.js.map [Correcto]
MergeDecision.js [Correcto]
MergeDecision.js.map [Correcto]
MergeState.js [Correcto]
MergeState.js.map [Correcto]
MergeStrategy.js [Correcto]
MergeStrategy.js.map [Correcto]
Metric.js [Correcto]
Metric.js.map [Correcto]
MetricBoundaries.js [Correcto]
MetricBoundaries.js.map [Correcto]
MetricHook.js [Correcto]
MetricHook.js.map [Correcto]
MetricKey.js [Correcto]
MetricKey.js.map [Correcto]
MetricKeyType.js [Correcto]
MetricKeyType.js.map [Correcto]
MetricLabel.js [Correcto]
MetricLabel.js.map [Correcto]
MetricPair.js [Correcto]
MetricPair.js.map [Correcto]
MetricPolling.js [Correcto]
MetricPolling.js.map [Correcto]
MetricRegistry.js [Correcto]
MetricRegistry.js.map [Correcto]
MetricState.js [Correcto]
MetricState.js.map [Correcto]
Micro.js [Correcto]
Micro.js.map [Correcto]
ModuleVersion.js [Correcto]
ModuleVersion.js.map [Correcto]
MutableHashMap.js [Correcto]
MutableHashMap.js.map [Correcto]
MutableHashSet.js [Correcto]
MutableHashSet.js.map [Correcto]
MutableList.js [Correcto]
MutableList.js.map [Correcto]
MutableQueue.js [Correcto]
MutableQueue.js.map [Correcto]
MutableRef.js [Correcto]
MutableRef.js.map [Correcto]
NonEmptyIterable.js [Correcto]
NonEmptyIterable.js.map [Correcto]
Number.js [Correcto]
Number.js.map [Correcto]
Option.js [Correcto]
Option.js.map [Correcto]
Order.js [Correcto]
Order.js.map [Correcto]
Ordering.js [Correcto]
Ordering.js.map [Correcto]
package.json [Correcto]
ParseResult.js [Correcto]
ParseResult.js.map [Correcto]
PartitionedSemaphore.js [Correcto]
PartitionedSemaphore.js.map [Correcto]
Pipeable.js [Correcto]
Pipeable.js.map [Correcto]
Pool.js [Correcto]
Pool.js.map [Correcto]
Predicate.js [Correcto]
Predicate.js.map [Correcto]
Pretty.js [Correcto]
Pretty.js.map [Correcto]
PrimaryKey.js [Correcto]
PrimaryKey.js.map [Correcto]
PubSub.js [Correcto]
PubSub.js.map [Correcto]
Queue.js [Correcto]
Queue.js.map [Correcto]
Random.js [Correcto]
Random.js.map [Correcto]
RateLimiter.js [Correcto]
RateLimiter.js.map [Correcto]
RcMap.js [Correcto]
RcMap.js.map [Correcto]
RcRef.js [Correcto]
RcRef.js.map [Correcto]
Readable.js [Correcto]
Readable.js.map [Correcto]
Record.js [Correcto]
Record.js.map [Correcto]
Redacted.js [Correcto]
Redacted.js.map [Correcto]
RedBlackTree.js [Correcto]
RedBlackTree.js.map [Correcto]
Ref.js [Correcto]
Ref.js.map [Correcto]
RegExp.js [Correcto]
RegExp.js.map [Correcto]
Reloadable.js [Correcto]
Reloadable.js.map [Correcto]
Request.js [Correcto]
Request.js.map [Correcto]
RequestBlock.js [Correcto]
RequestBlock.js.map [Correcto]
RequestResolver.js [Correcto]
RequestResolver.js.map [Correcto]
Resource.js [Correcto]
Resource.js.map [Correcto]
Runtime.js [Correcto]
Runtime.js.map [Correcto]
RuntimeFlags.js [Correcto]
RuntimeFlags.js.map [Correcto]
RuntimeFlagsPatch.js [Correcto]
RuntimeFlagsPatch.js.map [Correcto]
Schedule.js [Correcto]
Schedule.js.map [Correcto]
ScheduleDecision.js [Correcto]
ScheduleDecision.js.map [Correcto]
ScheduleInterval.js [Correcto]
ScheduleInterval.js.map [Correcto]
ScheduleIntervals.js [Correcto]
ScheduleIntervals.js.map [Correcto]
Scheduler.js [Correcto]
Scheduler.js.map [Correcto]
Schema.js [Correcto]
Schema.js.map [Correcto]
SchemaAST.js [Correcto]
SchemaAST.js.map [Correcto]
Scope.js [Correcto]
Scope.js.map [Correcto]
ScopedCache.js [Correcto]
ScopedCache.js.map [Correcto]
ScopedRef.js [Correcto]
ScopedRef.js.map [Correcto]
Secret.js [Correcto]
Secret.js.map [Correcto]
SingleProducerAsyncInput.js [Correcto]
SingleProducerAsyncInput.js.map [Correcto]
Sink.js [Correcto]
Sink.js.map [Correcto]
SortedMap.js [Correcto]
SortedMap.js.map [Correcto]
SortedSet.js [Correcto]
SortedSet.js.map [Correcto]
STM.js [Correcto]
STM.js.map [Correcto]
Stream.js [Correcto]
Stream.js.map [Correcto]
Streamable.js [Correcto]
Streamable.js.map [Correcto]
StreamEmit.js [Correcto]
StreamEmit.js.map [Correcto]
StreamHaltStrategy.js [Correcto]
StreamHaltStrategy.js.map [Correcto]
String.js [Correcto]
String.js.map [Correcto]
Struct.js [Correcto]
Struct.js.map [Correcto]
Subscribable.js [Correcto]
Subscribable.js.map [Correcto]
SubscriptionRef.js [Correcto]
SubscriptionRef.js.map [Correcto]
Supervisor.js [Correcto]
Supervisor.js.map [Correcto]
Symbol.js [Correcto]
Symbol.js.map [Correcto]
SynchronizedRef.js [Correcto]
SynchronizedRef.js.map [Correcto]
Take.js [Correcto]
Take.js.map [Correcto]
TArray.js [Correcto]
TArray.js.map [Correcto]
TDeferred.js [Correcto]
TDeferred.js.map [Correcto]
TestAnnotation.js [Correcto]
TestAnnotation.js.map [Correcto]
TestAnnotationMap.js [Correcto]
TestAnnotationMap.js.map [Correcto]
TestAnnotations.js [Correcto]
TestAnnotations.js.map [Correcto]
TestClock.js [Correcto]
TestClock.js.map [Correcto]
TestConfig.js [Correcto]
TestConfig.js.map [Correcto]
TestContext.js [Correcto]
TestContext.js.map [Correcto]
TestLive.js [Correcto]
TestLive.js.map [Correcto]
TestServices.js [Correcto]
TestServices.js.map [Correcto]
TestSized.js [Correcto]
TestSized.js.map [Correcto]
TMap.js [Correcto]
TMap.js.map [Correcto]
TPriorityQueue.js [Correcto]
TPriorityQueue.js.map [Correcto]
TPubSub.js [Correcto]
TPubSub.js.map [Correcto]
TQueue.js [Correcto]
TQueue.js.map [Correcto]
Tracer.js [Correcto]
Tracer.js.map [Correcto]
TRandom.js [Correcto]
TRandom.js.map [Correcto]
TReentrantLock.js [Correcto]
TReentrantLock.js.map [Correcto]
TRef.js [Correcto]
TRef.js.map [Correcto]
Trie.js [Correcto]
Trie.js.map [Correcto]
TSemaphore.js [Correcto]
TSemaphore.js.map [Correcto]
TSet.js [Correcto]
TSet.js.map [Correcto]
TSubscriptionRef.js [Correcto]
TSubscriptionRef.js.map [Correcto]
Tuple.js [Correcto]
Tuple.js.map [Correcto]
Types.js [Correcto]
Types.js.map [Correcto]
Unify.js [Correcto]
Unify.js.map [Correcto]
UpstreamPullRequest.js [Correcto]
UpstreamPullRequest.js.map [Correcto]
UpstreamPullStrategy.js [Correcto]
UpstreamPullStrategy.js.map [Correcto]
Utils.js [Correcto]
Utils.js.map [Correcto]

 Descomprimiendo archivos en C:\controlab-h\backend\node_modules\effect\dist\esm\internal\

array.js [Correcto]
array.js.map [Correcto]
blockedRequests.js [Correcto]
blockedRequests.js.map [Correcto]
cache.js [Correcto]
cache.js.map [Correcto]
cause.js [Correcto]
cause.js.map [Correcto]
channel [Correcto]
channel.js [Correcto]
channel.js.map [Correcto]
clock.js [Correcto]
clock.js.map [Correcto]
completedRequestMap.js [Correcto]
completedRequestMap.js.map [Correcto]
concurrency.js [Correcto]
concurrency.js.map [Correcto]
config.js [Correcto]
config.js.map [Correcto]
configError.js [Correcto]
configError.js.map [Correcto]
configProvider [Correcto]
configProvider.js [Correcto]
configProvider.js.map [Correcto]
console.js [Correcto]
console.js.map [Correcto]
context.js [Correcto]
context.js.map [Correcto]
core-effect.js [Correcto]
core-effect.js.map [Correcto]
core-stream.js [Correcto]
core-stream.js.map [Correcto]
core.js [Correcto]
core.js.map [Correcto]
data.js [Correcto]
data.js.map [Correcto]
dataSource.js [Correcto]
dataSource.js.map [Correcto]
dateTime.js [Correcto]
dateTime.js.map [Correcto]
defaultServices [Correcto]
defaultServices.js [Correcto]
defaultServices.js.map [Correcto]
deferred.js [Correcto]
deferred.js.map [Correcto]
differ [Correcto]
differ.js [Correcto]
differ.js.map [Correcto]
doNotation.js [Correcto]
doNotation.js.map [Correcto]
effect [Correcto]
effectable.js [Correcto]
effectable.js.map [Correcto]
either.js [Correcto]
either.js.map [Correcto]
encoding [Correcto]
errors.js [Correcto]
errors.js.map [Correcto]
executionPlan.js [Correcto]
executionPlan.js.map [Correcto]
executionStrategy.js [Correcto]
executionStrategy.js.map [Correcto]
fiber.js [Correcto]
fiber.js.map [Correcto]
fiberId.js [Correcto]
fiberId.js.map [Correcto]
fiberMessage.js [Correcto]
fiberMessage.js.map [Correcto]
fiberRefs [Correcto]
fiberRefs.js [Correcto]
fiberRefs.js.map [Correcto]
fiberRuntime.js [Correcto]
fiberRuntime.js.map [Correcto]
fiberScope.js [Correcto]
fiberScope.js.map [Correcto]
fiberStatus.js [Correcto]
fiberStatus.js.map [Correcto]
groupBy.js [Correcto]
groupBy.js.map [Correcto]
hashMap [Correcto]
hashMap.js [Correcto]
hashMap.js.map [Correcto]
hashSet.js [Correcto]
hashSet.js.map [Correcto]
keyedPool.js [Correcto]
keyedPool.js.map [Correcto]
layer [Correcto]
layer.js [Correcto]
layer.js.map [Correcto]
logger-circular.js [Correcto]
logger-circular.js.map [Correcto]
logger.js [Correcto]
logger.js.map [Correcto]
logSpan.js [Correcto]
logSpan.js.map [Correcto]
mailbox.js [Correcto]
mailbox.js.map [Correcto]
managedRuntime [Correcto]
managedRuntime.js [Correcto]
managedRuntime.js.map [Correcto]
matcher.js [Correcto]
matcher.js.map [Correcto]
metric [Correcto]
metric.js [Correcto]
metric.js.map [Correcto]
opCodes [Correcto]
option.js [Correcto]
option.js.map [Correcto]
pool.js [Correcto]
pool.js.map [Correcto]
pubsub.js [Correcto]
pubsub.js.map [Correcto]
query.js [Correcto]
query.js.map [Correcto]
queue.js [Correcto]
queue.js.map [Correcto]
random.js [Correcto]
random.js.map [Correcto]
rateLimiter.js [Correcto]
rateLimiter.js.map [Correcto]
rcMap.js [Correcto]
rcMap.js.map [Correcto]
rcRef.js [Correcto]
rcRef.js.map [Correcto]
redacted.js [Correcto]
redacted.js.map [Correcto]
redBlackTree [Correcto]
redBlackTree.js [Correcto]
redBlackTree.js.map [Correcto]
ref.js [Correcto]
ref.js.map [Correcto]
reloadable.js [Correcto]
reloadable.js.map [Correcto]
request.js [Correcto]
request.js.map [Correcto]
resource.js [Correcto]
resource.js.map [Correcto]
ringBuffer.js [Correcto]
ringBuffer.js.map [Correcto]
runtime.js [Correcto]
runtime.js.map [Correcto]
runtimeFlags.js [Correcto]
runtimeFlags.js.map [Correcto]
runtimeFlagsPatch.js [Correcto]
runtimeFlagsPatch.js.map [Correcto]
schedule [Correcto]
schedule.js [Correcto]
schedule.js.map [Correcto]
schema [Correcto]
scopedCache.js [Correcto]
scopedCache.js.map [Correcto]
scopedRef.js [Correcto]
scopedRef.js.map [Correcto]
secret.js [Correcto]
secret.js.map [Correcto]
singleShotGen.js [Correcto]
singleShotGen.js.map [Correcto]
sink.js [Correcto]
sink.js.map [Correcto]
stack.js [Correcto]
stack.js.map [Correcto]
stm [Correcto]
stream [Correcto]
stream.js [Correcto]
stream.js.map [Correcto]
string-utils.js [Correcto]
string-utils.js.map [Correcto]
subscriptionRef.js [Correcto]
subscriptionRef.js.map [Correcto]
supervisor [Correcto]
supervisor.js [Correcto]
supervisor.js.map [Correcto]
synchronizedRef.js [Correcto]
synchronizedRef.js.map [Correcto]
take.js [Correcto]
take.js.map [Correcto]
testing [Correcto]
tracer.js [Correcto]
tracer.js.map [Correcto]
trie.js [Correcto]
trie.js.map [Correcto]
version.js [Correcto]
version.js.map [Correcto]

 Descomprimiendo archivos en C:\controlab-h\backend\node_modules\effect\dist\esm\internal\channel\

channelExecutor.js [Correcto]
channelExecutor.js.map [Correcto]
channelState.js [Correcto]
channelState.js.map [Correcto]
childExecutorDecision.js [Correcto]
childExecutorDecision.js.map [Correcto]
continuation.js [Correcto]
continuation.js.map [Correcto]
mergeDecision.js [Correcto]
mergeDecision.js.map [Correcto]
mergeState.js [Correcto]
mergeState.js.map [Correcto]
mergeStrategy.js [Correcto]
mergeStrategy.js.map [Correcto]
singleProducerAsyncInput.js [Correcto]
singleProducerAsyncInput.js.map [Correcto]
subexecutor.js [Correcto]
subexecutor.js.map [Correcto]
upstreamPullRequest.js [Correcto]
upstreamPullRequest.js.map [Correcto]
upstreamPullStrategy.js [Correcto]
upstreamPullStrategy.js.map [Correcto]

 Descomprimiendo archivos en C:\controlab-h\backend\node_modules\effect\dist\esm\internal\configProvider\

pathPatch.js [Correcto]
pathPatch.js.map [Correcto]

 Descomprimiendo archivos en C:\controlab-h\backend\node_modules\effect\dist\esm\internal\defaultServices\

console.js [Correcto]
console.js.map [Correcto]

 Descomprimiendo archivos en C:\controlab-h\backend\node_modules\effect\dist\esm\internal\differ\

chunkPatch.js [Correcto]
chunkPatch.js.map [Correcto]
contextPatch.js [Correcto]
contextPatch.js.map [Correcto]
hashMapPatch.js [Correcto]
hashMapPatch.js.map [Correcto]
hashSetPatch.js [Correcto]
hashSetPatch.js.map [Correcto]
orPatch.js [Correcto]
orPatch.js.map [Correcto]
readonlyArrayPatch.js [Correcto]
readonlyArrayPatch.js.map [Correcto]

 Descomprimiendo archivos en C:\controlab-h\backend\node_modules\effect\dist\esm\internal\effect\

circular.js [Correcto]
circular.js.map [Correcto]

 Descomprimiendo archivos en C:\controlab-h\backend\node_modules\effect\dist\esm\internal\encoding\

base64.js [Correcto]
base64.js.map [Correcto]
base64Url.js [Correcto]
base64Url.js.map [Correcto]
common.js [Correcto]
common.js.map [Correcto]
hex.js [Correcto]
hex.js.map [Correcto]

 Descomprimiendo archivos en C:\controlab-h\backend\node_modules\effect\dist\esm\internal\fiberRefs\

patch.js [Correcto]
patch.js.map [Correcto]

 Descomprimiendo archivos en C:\controlab-h\backend\node_modules\effect\dist\esm\internal\hashMap\

array.js [Correcto]
array.js.map [Correcto]
bitwise.js [Correcto]
bitwise.js.map [Correcto]
config.js [Correcto]
config.js.map [Correcto]
keySet.js [Correcto]
keySet.js.map [Correcto]
node.js [Correcto]
node.js.map [Correcto]

 Descomprimiendo archivos en C:\controlab-h\backend\node_modules\effect\dist\esm\internal\layer\

circular.js [Correcto]
circular.js.map [Correcto]

 Descomprimiendo archivos en C:\controlab-h\backend\node_modules\effect\dist\esm\internal\managedRuntime\

circular.js [Correcto]
circular.js.map [Correcto]

 Descomprimiendo archivos en C:\controlab-h\backend\node_modules\effect\dist\esm\internal\metric\

boundaries.js [Correcto]
boundaries.js.map [Correcto]
hook.js [Correcto]
hook.js.map [Correcto]
key.js [Correcto]
key.js.map [Correcto]
keyType.js [Correcto]
keyType.js.map [Correcto]
label.js [Correcto]
label.js.map [Correcto]
pair.js [Correcto]
pair.js.map [Correcto]
polling.js [Correcto]
polling.js.map [Correcto]
registry.js [Correcto]
registry.js.map [Correcto]
state.js [Correcto]
state.js.map [Correcto]

 Descomprimiendo archivos en C:\controlab-h\backend\node_modules\effect\dist\esm\internal\opCodes\

cause.js [Correcto]
cause.js.map [Correcto]
channel.js [Correcto]
channel.js.map [Correcto]
channelChildExecutorDecision.js [Correcto]
channelChildExecutorDecision.js.map [Correcto]
channelMergeDecision.js [Correcto]
channelMergeDecision.js.map [Correcto]
channelMergeState.js [Correcto]
channelMergeState.js.map [Correcto]
channelMergeStrategy.js [Correcto]
channelMergeStrategy.js.map [Correcto]
channelState.js [Correcto]
channelState.js.map [Correcto]
channelUpstreamPullRequest.js [Correcto]
channelUpstreamPullRequest.js.map [Correcto]
channelUpstreamPullStrategy.js [Correcto]
channelUpstreamPullStrategy.js.map [Correcto]
config.js [Correcto]
config.js.map [Correcto]
configError.js [Correcto]
configError.js.map [Correcto]
continuation.js [Correcto]
continuation.js.map [Correcto]
deferred.js [Correcto]
deferred.js.map [Correcto]
effect.js [Correcto]
effect.js.map [Correcto]
layer.js [Correcto]
layer.js.map [Correcto]
streamHaltStrategy.js [Correcto]
streamHaltStrategy.js.map [Correcto]

 Descomprimiendo archivos en C:\controlab-h\backend\node_modules\effect\dist\esm\internal\redBlackTree\

iterator.js [Correcto]
iterator.js.map [Correcto]
node.js [Correcto]
node.js.map [Correcto]

 Descomprimiendo archivos en C:\controlab-h\backend\node_modules\effect\dist\esm\internal\schedule\

decision.js [Correcto]
decision.js.map [Correcto]
interval.js [Correcto]
interval.js.map [Correcto]
intervals.js [Correcto]
intervals.js.map [Correcto]

 Descomprimiendo archivos en C:\controlab-h\backend\node_modules\effect\dist\esm\internal\schema\

errors.js [Correcto]
errors.js.map [Correcto]
schemaId.js [Correcto]
schemaId.js.map [Correcto]
util.js [Correcto]
util.js.map [Correcto]

 Descomprimiendo archivos en C:\controlab-h\backend\node_modules\effect\dist\esm\internal\stm\

core.js [Correcto]
core.js.map [Correcto]
entry.js [Correcto]
entry.js.map [Correcto]
journal.js [Correcto]
journal.js.map [Correcto]
opCodes [Correcto]
stm.js [Correcto]
stm.js.map [Correcto]
stmState.js [Correcto]
stmState.js.map [Correcto]
tArray.js [Correcto]
tArray.js.map [Correcto]
tDeferred.js [Correcto]
tDeferred.js.map [Correcto]
tExit.js [Correcto]
tExit.js.map [Correcto]
tMap.js [Correcto]
tMap.js.map [Correcto]
tPriorityQueue.js [Correcto]
tPriorityQueue.js.map [Correcto]
tPubSub.js [Correcto]
tPubSub.js.map [Correcto]
tQueue.js [Correcto]
tQueue.js.map [Correcto]
tRandom.js [Correcto]
tRandom.js.map [Correcto]
tReentrantLock.js [Correcto]
tReentrantLock.js.map [Correcto]
tRef.js [Correcto]
tRef.js.map [Correcto]
tryCommit.js [Correcto]
tryCommit.js.map [Correcto]
tSemaphore.js [Correcto]
tSemaphore.js.map [Correcto]
tSet.js [Correcto]
tSet.js.map [Correcto]
tSubscriptionRef.js [Correcto]
tSubscriptionRef.js.map [Correcto]
txnId.js [Correcto]
txnId.js.map [Correcto]
versioned.js [Correcto]
versioned.js.map [Correcto]

 Descomprimiendo archivos en C:\controlab-h\backend\node_modules\effect\dist\esm\internal\stm\opCodes\

stm.js [Correcto]
stm.js.map [Correcto]
stmState.js [Correcto]
stmState.js.map [Correcto]
strategy.js [Correcto]
strategy.js.map [Correcto]
tExit.js [Correcto]
tExit.js.map [Correcto]
tryCommit.js [Correcto]
tryCommit.js.map [Correcto]

 Descomprimiendo archivos en C:\controlab-h\backend\node_modules\effect\dist\esm\internal\stream\

debounceState.js [Correcto]
debounceState.js.map [Correcto]
emit.js [Correcto]
emit.js.map [Correcto]
haltStrategy.js [Correcto]
haltStrategy.js.map [Correcto]
handoff.js [Correcto]
handoff.js.map [Correcto]
handoffSignal.js [Correcto]
handoffSignal.js.map [Correcto]
pull.js [Correcto]
pull.js.map [Correcto]
sinkEndReason.js [Correcto]
sinkEndReason.js.map [Correcto]
zipAllState.js [Correcto]
zipAllState.js.map [Correcto]
zipChunksState.js [Correcto]
zipChunksState.js.map [Correcto]

 Descomprimiendo archivos en C:\controlab-h\backend\node_modules\effect\dist\esm\internal\supervisor\

patch.js [Correcto]
patch.js.map [Correcto]

 Descomprimiendo archivos en C:\controlab-h\backend\node_modules\effect\dist\esm\internal\testing\

sleep.js [Correcto]
sleep.js.map [Correcto]
suspendedWarningData.js [Correcto]
suspendedWarningData.js.map [Correcto]
warningData.js [Correcto]
warningData.js.map [Correcto]

 Descomprimiendo archivos en C:\controlab-h\backend\node_modules\effect\Duration\

package.json [Correcto]

 Descomprimiendo archivos en C:\controlab-h\backend\node_modules\effect\Effect\

package.json [Correcto]

 Descomprimiendo archivos en C:\controlab-h\backend\node_modules\effect\Effectable\

package.json [Correcto]

 Descomprimiendo archivos en C:\controlab-h\backend\node_modules\effect\Either\

package.json [Correcto]

 Descomprimiendo archivos en C:\controlab-h\backend\node_modules\effect\Encoding\

package.json [Correcto]

 Descomprimiendo archivos en C:\controlab-h\backend\node_modules\effect\Equal\

package.json [Correcto]

 Descomprimiendo archivos en C:\controlab-h\backend\node_modules\effect\Equivalence\

package.json [Correcto]

 Descomprimiendo archivos en C:\controlab-h\backend\node_modules\effect\ExecutionPlan\

package.json [Correcto]

 Descomprimiendo archivos en C:\controlab-h\backend\node_modules\effect\ExecutionStrategy\

package.json [Correcto]

 Descomprimiendo archivos en C:\controlab-h\backend\node_modules\effect\Exit\

package.json [Correcto]

 Descomprimiendo archivos en C:\controlab-h\backend\node_modules\effect\FastCheck\

package.json [Correcto]

 Descomprimiendo archivos en C:\controlab-h\backend\node_modules\effect\Fiber\

package.json [Correcto]

 Descomprimiendo archivos en C:\controlab-h\backend\node_modules\effect\FiberHandle\

package.json [Correcto]

 Descomprimiendo archivos en C:\controlab-h\backend\node_modules\effect\FiberId\

package.json [Correcto]

 Descomprimiendo archivos en C:\controlab-h\backend\node_modules\effect\FiberMap\

package.json [Correcto]

 Descomprimiendo archivos en C:\controlab-h\backend\node_modules\effect\FiberRef\

package.json [Correcto]

 Descomprimiendo archivos en C:\controlab-h\backend\node_modules\effect\FiberRefs\

package.json [Correcto]

 Descomprimiendo archivos en C:\controlab-h\backend\node_modules\effect\FiberRefsPatch\

package.json [Correcto]

 Descomprimiendo archivos en C:\controlab-h\backend\node_modules\effect\FiberSet\

package.json [Correcto]

 Descomprimiendo archivos en C:\controlab-h\backend\node_modules\effect\FiberStatus\

package.json [Correcto]

 Descomprimiendo archivos en C:\controlab-h\backend\node_modules\effect\Function\

package.json [Correcto]

 Descomprimiendo archivos en C:\controlab-h\backend\node_modules\effect\GlobalValue\

package.json [Correcto]

 Descomprimiendo archivos en C:\controlab-h\backend\node_modules\effect\Graph\

package.json [Correcto]

 Descomprimiendo archivos en C:\controlab-h\backend\node_modules\effect\GroupBy\

package.json [Correcto]

 Descomprimiendo archivos en C:\controlab-h\backend\node_modules\effect\Hash\

package.json [Correcto]

 Descomprimiendo archivos en C:\controlab-h\backend\node_modules\effect\HashMap\

package.json [Correcto]

 Descomprimiendo archivos en C:\controlab-h\backend\node_modules\effect\HashRing\

package.json [Correcto]

 Descomprimiendo archivos en C:\controlab-h\backend\node_modules\effect\HashSet\

package.json [Correcto]

 Descomprimiendo archivos en C:\controlab-h\backend\node_modules\effect\HKT\

package.json [Correcto]

 Descomprimiendo archivos en C:\controlab-h\backend\node_modules\effect\index\

package.json [Correcto]

 Descomprimiendo archivos en C:\controlab-h\backend\node_modules\effect\Inspectable\

package.json [Correcto]

 Descomprimiendo archivos en C:\controlab-h\backend\node_modules\effect\Iterable\

package.json [Correcto]

 Descomprimiendo archivos en C:\controlab-h\backend\node_modules\effect\JSONSchema\

package.json [Correcto]

 Descomprimiendo archivos en C:\controlab-h\backend\node_modules\effect\KeyedPool\

package.json [Correcto]

 Descomprimiendo archivos en C:\controlab-h\backend\node_modules\effect\Layer\

package.json [Correcto]

 Descomprimiendo archivos en C:\controlab-h\backend\node_modules\effect\LayerMap\

package.json [Correcto]

 Descomprimiendo archivos en C:\controlab-h\backend\node_modules\effect\List\

package.json [Correcto]

 Descomprimiendo archivos en C:\controlab-h\backend\node_modules\effect\Logger\

package.json [Correcto]

 Descomprimiendo archivos en C:\controlab-h\backend\node_modules\effect\LogLevel\

package.json [Correcto]

 Descomprimiendo archivos en C:\controlab-h\backend\node_modules\effect\LogSpan\

package.json [Correcto]

 Descomprimiendo archivos en C:\controlab-h\backend\node_modules\effect\Mailbox\

package.json [Correcto]

 Descomprimiendo archivos en C:\controlab-h\backend\node_modules\effect\ManagedRuntime\

package.json [Correcto]

 Descomprimiendo archivos en C:\controlab-h\backend\node_modules\effect\Match\

package.json [Correcto]

 Descomprimiendo archivos en C:\controlab-h\backend\node_modules\effect\MergeDecision\

package.json [Correcto]

 Descomprimiendo archivos en C:\controlab-h\backend\node_modules\effect\MergeState\

package.json [Correcto]

 Descomprimiendo archivos en C:\controlab-h\backend\node_modules\effect\MergeStrategy\

package.json [Correcto]

 Descomprimiendo archivos en C:\controlab-h\backend\node_modules\effect\Metric\

package.json [Correcto]

 Descomprimiendo archivos en C:\controlab-h\backend\node_modules\effect\MetricBoundaries\

package.json [Correcto]

 Descomprimiendo archivos en C:\controlab-h\backend\node_modules\effect\MetricHook\

package.json [Correcto]

 Descomprimiendo archivos en C:\controlab-h\backend\node_modules\effect\MetricKey\

package.json [Correcto]

 Descomprimiendo archivos en C:\controlab-h\backend\node_modules\effect\MetricKeyType\

package.json [Correcto]

 Descomprimiendo archivos en C:\controlab-h\backend\node_modules\effect\MetricLabel\

package.json [Correcto]

 Descomprimiendo archivos en C:\controlab-h\backend\node_modules\effect\MetricPair\

package.json [Correcto]

 Descomprimiendo archivos en C:\controlab-h\backend\node_modules\effect\MetricPolling\

package.json [Correcto]

 Descomprimiendo archivos en C:\controlab-h\backend\node_modules\effect\MetricRegistry\

package.json [Correcto]

 Descomprimiendo archivos en C:\controlab-h\backend\node_modules\effect\MetricState\

package.json [Correcto]

 Descomprimiendo archivos en C:\controlab-h\backend\node_modules\effect\Micro\

package.json [Correcto]

 Descomprimiendo archivos en C:\controlab-h\backend\node_modules\effect\ModuleVersion\

package.json [Correcto]

 Descomprimiendo archivos en C:\controlab-h\backend\node_modules\effect\MutableHashMap\

package.json [Correcto]

 Descomprimiendo archivos en C:\controlab-h\backend\node_modules\effect\MutableHashSet\

package.json [Correcto]

 Descomprimiendo archivos en C:\controlab-h\backend\node_modules\effect\MutableList\

package.json [Correcto]

 Descomprimiendo archivos en C:\controlab-h\backend\node_modules\effect\MutableQueue\

package.json [Correcto]

 Descomprimiendo archivos en C:\controlab-h\backend\node_modules\effect\MutableRef\

package.json [Correcto]

 Descomprimiendo archivos en C:\controlab-h\backend\node_modules\effect\NonEmptyIterable\

package.json [Correcto]

 Descomprimiendo archivos en C:\controlab-h\backend\node_modules\effect\Number\

package.json [Correcto]

 Descomprimiendo archivos en C:\controlab-h\backend\node_modules\effect\Option\

package.json [Correcto]

 Descomprimiendo archivos en C:\controlab-h\backend\node_modules\effect\Order\

package.json [Correcto]

 Descomprimiendo archivos en C:\controlab-h\backend\node_modules\effect\Ordering\

package.json [Correcto]

 Descomprimiendo archivos en C:\controlab-h\backend\node_modules\effect\ParseResult\

package.json [Correcto]

 Descomprimiendo archivos en C:\controlab-h\backend\node_modules\effect\PartitionedSemaphore\

package.json [Correcto]

 Descomprimiendo archivos en C:\controlab-h\backend\node_modules\effect\Pipeable\

package.json [Correcto]

 Descomprimiendo archivos en C:\controlab-h\backend\node_modules\effect\Pool\

package.json [Correcto]

 Descomprimiendo archivos en C:\controlab-h\backend\node_modules\effect\Predicate\

package.json [Correcto]

 Descomprimiendo archivos en C:\controlab-h\backend\node_modules\effect\Pretty\

package.json [Correcto]

 Descomprimiendo archivos en C:\controlab-h\backend\node_modules\effect\PrimaryKey\

package.json [Correcto]

 Descomprimiendo archivos en C:\controlab-h\backend\node_modules\effect\PubSub\

package.json [Correcto]

 Descomprimiendo archivos en C:\controlab-h\backend\node_modules\effect\Queue\

package.json [Correcto]

 Descomprimiendo archivos en C:\controlab-h\backend\node_modules\effect\Random\

package.json [Correcto]

 Descomprimiendo archivos en C:\controlab-h\backend\node_modules\effect\RateLimiter\

package.json [Correcto]

 Descomprimiendo archivos en C:\controlab-h\backend\node_modules\effect\RcMap\

package.json [Correcto]

 Descomprimiendo archivos en C:\controlab-h\backend\node_modules\effect\RcRef\

package.json [Correcto]

 Descomprimiendo archivos en C:\controlab-h\backend\node_modules\effect\Readable\

package.json [Correcto]

 Descomprimiendo archivos en C:\controlab-h\backend\node_modules\effect\Record\

package.json [Correcto]

 Descomprimiendo archivos en C:\controlab-h\backend\node_modules\effect\Redacted\

package.json [Correcto]

 Descomprimiendo archivos en C:\controlab-h\backend\node_modules\effect\RedBlackTree\

package.json [Correcto]

 Descomprimiendo archivos en C:\controlab-h\backend\node_modules\effect\Ref\

package.json [Correcto]

 Descomprimiendo archivos en C:\controlab-h\backend\node_modules\effect\RegExp\

package.json [Correcto]

 Descomprimiendo archivos en C:\controlab-h\backend\node_modules\effect\Reloadable\

package.json [Correcto]

 Descomprimiendo archivos en C:\controlab-h\backend\node_modules\effect\Request\

package.json [Correcto]

 Descomprimiendo archivos en C:\controlab-h\backend\node_modules\effect\RequestBlock\

package.json [Correcto]

 Descomprimiendo archivos en C:\controlab-h\backend\node_modules\effect\RequestResolver\

package.json [Correcto]

 Descomprimiendo archivos en C:\controlab-h\backend\node_modules\effect\Resource\

package.json [Correcto]

 Descomprimiendo archivos en C:\controlab-h\backend\node_modules\effect\Runtime\

package.json [Correcto]

 Descomprimiendo archivos en C:\controlab-h\backend\node_modules\effect\RuntimeFlags\

package.json [Correcto]

 Descomprimiendo archivos en C:\controlab-h\backend\node_modules\effect\RuntimeFlagsPatch\

package.json [Correcto]

 Descomprimiendo archivos en C:\controlab-h\backend\node_modules\effect\Schedule\

package.json [Correcto]

 Descomprimiendo archivos en C:\controlab-h\backend\node_modules\effect\ScheduleDecision\

package.json [Correcto]

 Descomprimiendo archivos en C:\controlab-h\backend\node_modules\effect\ScheduleInterval\

package.json [Correcto]

 Descomprimiendo archivos en C:\controlab-h\backend\node_modules\effect\ScheduleIntervals\

package.json [Correcto]

 Descomprimiendo archivos en C:\controlab-h\backend\node_modules\effect\Scheduler\

package.json [Correcto]

 Descomprimiendo archivos en C:\controlab-h\backend\node_modules\effect\Schema\

package.json [Correcto]

 Descomprimiendo archivos en C:\controlab-h\backend\node_modules\effect\SchemaAST\

package.json [Correcto]

 Descomprimiendo archivos en C:\controlab-h\backend\node_modules\effect\Scope\

package.json [Correcto]

 Descomprimiendo archivos en C:\controlab-h\backend\node_modules\effect\ScopedCache\

package.json [Correcto]

 Descomprimiendo archivos en C:\controlab-h\backend\node_modules\effect\ScopedRef\

package.json [Correcto]

 Descomprimiendo archivos en C:\controlab-h\backend\node_modules\effect\Secret\

package.json [Correcto]

 Descomprimiendo archivos en C:\controlab-h\backend\node_modules\effect\SingleProducerAsyncInput\

package.json [Correcto]

 Descomprimiendo archivos en C:\controlab-h\backend\node_modules\effect\Sink\

package.json [Correcto]

 Descomprimiendo archivos en C:\controlab-h\backend\node_modules\effect\SortedMap\

package.json [Correcto]

 Descomprimiendo archivos en C:\controlab-h\backend\node_modules\effect\SortedSet\

package.json [Correcto]

 Descomprimiendo archivos en C:\controlab-h\backend\node_modules\effect\src\

Arbitrary.ts [Correcto]
Array.ts [Correcto]
BigDecimal.ts [Correcto]
BigInt.ts [Correcto]
Boolean.ts [Correcto]
Brand.ts [Correcto]
Cache.ts [Correcto]
Cause.ts [Correcto]
Channel.ts [Correcto]
ChildExecutorDecision.ts [Correcto]
Chunk.ts [Correcto]
Clock.ts [Correcto]
Config.ts [Correcto]
ConfigError.ts [Correcto]
ConfigProvider.ts [Correcto]
ConfigProviderPathPatch.ts [Correcto]
Console.ts [Correcto]
Context.ts [Correcto]
Cron.ts [Correcto]
Data.ts [Correcto]
DateTime.ts [Correcto]
DefaultServices.ts [Correcto]
Deferred.ts [Correcto]
Differ.ts [Correcto]
Duration.ts [Correcto]
Effect.ts [Correcto]
Effectable.ts [Correcto]
Either.ts [Correcto]
Encoding.ts [Correcto]
Equal.ts [Correcto]
Equivalence.ts [Correcto]
ExecutionPlan.ts [Correcto]
ExecutionStrategy.ts [Correcto]
Exit.ts [Correcto]
FastCheck.ts [Correcto]
Fiber.ts [Correcto]
FiberHandle.ts [Correcto]
FiberId.ts [Correcto]
FiberMap.ts [Correcto]
FiberRef.ts [Correcto]
FiberRefs.ts [Correcto]
FiberRefsPatch.ts [Correcto]
FiberSet.ts [Correcto]
FiberStatus.ts [Correcto]
Function.ts [Correcto]
GlobalValue.ts [Correcto]
Graph.ts [Correcto]
GroupBy.ts [Correcto]
Hash.ts [Correcto]
HashMap.ts [Correcto]
HashRing.ts [Correcto]
HashSet.ts [Correcto]
HKT.ts [Correcto]
index.ts [Correcto]
Inspectable.ts [Correcto]
internal [Correcto]
Iterable.ts [Correcto]
JSONSchema.ts [Correcto]
KeyedPool.ts [Correcto]
Layer.ts [Correcto]
LayerMap.ts [Correcto]
List.ts [Correcto]
Logger.ts [Correcto]
LogLevel.ts [Correcto]
LogSpan.ts [Correcto]
Mailbox.ts [Correcto]
ManagedRuntime.ts [Correcto]
Match.ts [Correcto]
MergeDecision.ts [Correcto]
MergeState.ts [Correcto]
MergeStrategy.ts [Correcto]
Metric.ts [Correcto]
MetricBoundaries.ts [Correcto]
MetricHook.ts [Correcto]
MetricKey.ts [Correcto]
MetricKeyType.ts [Correcto]
MetricLabel.ts [Correcto]
MetricPair.ts [Correcto]
MetricPolling.ts [Correcto]
MetricRegistry.ts [Correcto]
MetricState.ts [Correcto]
Micro.ts [Correcto]
ModuleVersion.ts [Correcto]
MutableHashMap.ts [Correcto]
MutableHashSet.ts [Correcto]
MutableList.ts [Correcto]
MutableQueue.ts [Correcto]
MutableRef.ts [Correcto]
NonEmptyIterable.ts [Correcto]
Number.ts [Correcto]
Option.ts [Correcto]
Order.ts [Correcto]
Ordering.ts [Correcto]
ParseResult.ts [Correcto]
PartitionedSemaphore.ts [Correcto]
Pipeable.ts [Correcto]
Pool.ts [Correcto]
Predicate.ts [Correcto]
Pretty.ts [Correcto]
PrimaryKey.ts [Correcto]
PubSub.ts [Correcto]
Queue.ts [Correcto]
Random.ts [Correcto]
RateLimiter.ts [Correcto]
RcMap.ts [Correcto]
RcRef.ts [Correcto]
Readable.ts [Correcto]
Record.ts [Correcto]
Redacted.ts [Correcto]
RedBlackTree.ts [Correcto]
Ref.ts [Correcto]
RegExp.ts [Correcto]
Reloadable.ts [Correcto]
Request.ts [Correcto]
RequestBlock.ts [Correcto]
RequestResolver.ts [Correcto]
Resource.ts [Correcto]
Runtime.ts [Correcto]
RuntimeFlags.ts [Correcto]
RuntimeFlagsPatch.ts [Correcto]
Schedule.ts [Correcto]
ScheduleDecision.ts [Correcto]
ScheduleInterval.ts [Correcto]
ScheduleIntervals.ts [Correcto]
Scheduler.ts [Correcto]
Schema.ts [Correcto]
SchemaAST.ts [Correcto]
Scope.ts [Correcto]
ScopedCache.ts [Correcto]
ScopedRef.ts [Correcto]
Secret.ts [Correcto]
SingleProducerAsyncInput.ts [Correcto]
Sink.ts [Correcto]
SortedMap.ts [Correcto]
SortedSet.ts [Correcto]
STM.ts [Correcto]
Stream.ts [Correcto]
Streamable.ts [Correcto]
StreamEmit.ts [Correcto]
StreamHaltStrategy.ts [Correcto]
String.ts [Correcto]
Struct.ts [Correcto]
Subscribable.ts [Correcto]
SubscriptionRef.ts [Correcto]
Supervisor.ts [Correcto]
Symbol.ts [Correcto]
SynchronizedRef.ts [Correcto]
Take.ts [Correcto]
TArray.ts [Correcto]
TDeferred.ts [Correcto]
TestAnnotation.ts [Correcto]
TestAnnotationMap.ts [Correcto]
TestAnnotations.ts [Correcto]
TestClock.ts [Correcto]
TestConfig.ts [Correcto]
TestContext.ts [Correcto]
TestLive.ts [Correcto]
TestServices.ts [Correcto]
TestSized.ts [Correcto]
TMap.ts [Correcto]
TPriorityQueue.ts [Correcto]
TPubSub.ts [Correcto]
TQueue.ts [Correcto]
Tracer.ts [Correcto]
TRandom.ts [Correcto]
TReentrantLock.ts [Correcto]
TRef.ts [Correcto]
Trie.ts [Correcto]
TSemaphore.ts [Correcto]
TSet.ts [Correcto]
TSubscriptionRef.ts [Correcto]
Tuple.ts [Correcto]
Types.ts [Correcto]
Unify.ts [Correcto]
UpstreamPullRequest.ts [Correcto]
UpstreamPullStrategy.ts [Correcto]
Utils.ts [Correcto]

 Descomprimiendo archivos en C:\controlab-h\backend\node_modules\effect\src\internal\

array.ts [Correcto]
blockedRequests.ts [Correcto]
cache.ts [Correcto]
cause.ts [Correcto]
channel [Correcto]
channel.ts [Correcto]
clock.ts [Correcto]
completedRequestMap.ts [Correcto]
concurrency.ts [Correcto]
config.ts [Correcto]
configError.ts [Correcto]
configProvider [Correcto]
configProvider.ts [Correcto]
console.ts [Correcto]
context.ts [Correcto]
core-effect.ts [Correcto]
core-stream.ts [Correcto]
core.ts [Correcto]
data.ts [Correcto]
dataSource.ts [Correcto]
dateTime.ts [Correcto]
defaultServices [Correcto]
defaultServices.ts [Correcto]
deferred.ts [Correcto]
differ [Correcto]
differ.ts [Correcto]
doNotation.ts [Correcto]
effect [Correcto]
effectable.ts [Correcto]
either.ts [Correcto]
encoding [Correcto]
errors.ts [Correcto]
executionPlan.ts [Correcto]
executionStrategy.ts [Correcto]
fiber.ts [Correcto]
fiberId.ts [Correcto]
fiberMessage.ts [Correcto]
fiberRefs [Correcto]
fiberRefs.ts [Correcto]
fiberRuntime.ts [Correcto]
fiberScope.ts [Correcto]
fiberStatus.ts [Correcto]
groupBy.ts [Correcto]
hashMap [Correcto]
hashMap.ts [Correcto]
hashSet.ts [Correcto]
keyedPool.ts [Correcto]
layer [Correcto]
layer.ts [Correcto]
logger-circular.ts [Correcto]
logger.ts [Correcto]
logSpan.ts [Correcto]
mailbox.ts [Correcto]
managedRuntime [Correcto]
managedRuntime.ts [Correcto]
matcher.ts [Correcto]
metric [Correcto]
metric.ts [Correcto]
opCodes [Correcto]
option.ts [Correcto]
pool.ts [Correcto]
pubsub.ts [Correcto]
query.ts [Correcto]
queue.ts [Correcto]
random.ts [Correcto]
rateLimiter.ts [Correcto]
rcMap.ts [Correcto]
rcRef.ts [Correcto]
redacted.ts [Correcto]
redBlackTree [Correcto]
redBlackTree.ts [Correcto]
ref.ts [Correcto]
reloadable.ts [Correcto]
request.ts [Correcto]
resource.ts [Correcto]
ringBuffer.ts [Correcto]
runtime.ts [Correcto]
runtimeFlags.ts [Correcto]
runtimeFlagsPatch.ts [Correcto]
schedule [Correcto]
schedule.ts [Correcto]
schema [Correcto]
scopedCache.ts [Correcto]
scopedRef.ts [Correcto]
secret.ts [Correcto]
singleShotGen.ts [Correcto]
sink.ts [Correcto]
stack.ts [Correcto]
stm [Correcto]
stream [Correcto]
stream.ts [Correcto]
string-utils.ts [Correcto]
subscriptionRef.ts [Correcto]
supervisor [Correcto]
supervisor.ts [Correcto]
synchronizedRef.ts [Correcto]
take.ts [Correcto]
testing [Correcto]
tracer.ts [Correcto]
trie.ts [Correcto]
version.ts [Correcto]

 Descomprimiendo archivos en C:\controlab-h\backend\node_modules\effect\src\internal\channel\

channelExecutor.ts [Correcto]
channelState.ts [Correcto]
childExecutorDecision.ts [Correcto]
continuation.ts [Correcto]
mergeDecision.ts [Correcto]
mergeState.ts [Correcto]
mergeStrategy.ts [Correcto]
singleProducerAsyncInput.ts [Correcto]
subexecutor.ts [Correcto]
upstreamPullRequest.ts [Correcto]
upstreamPullStrategy.ts [Correcto]

 Descomprimiendo archivos en C:\controlab-h\backend\node_modules\effect\src\internal\configProvider\

pathPatch.ts [Correcto]

 Descomprimiendo archivos en C:\controlab-h\backend\node_modules\effect\src\internal\defaultServices\

console.ts [Correcto]

 Descomprimiendo archivos en C:\controlab-h\backend\node_modules\effect\src\internal\differ\

chunkPatch.ts [Correcto]
contextPatch.ts [Correcto]
hashMapPatch.ts [Correcto]
hashSetPatch.ts [Correcto]
orPatch.ts [Correcto]
readonlyArrayPatch.ts [Correcto]

 Descomprimiendo archivos en C:\controlab-h\backend\node_modules\effect\src\internal\effect\

circular.ts [Correcto]

 Descomprimiendo archivos en C:\controlab-h\backend\node_modules\effect\src\internal\encoding\

base64.ts [Correcto]
base64Url.ts [Correcto]
common.ts [Correcto]
hex.ts [Correcto]

 Descomprimiendo archivos en C:\controlab-h\backend\node_modules\effect\src\internal\fiberRefs\

patch.ts [Correcto]

 Descomprimiendo archivos en C:\controlab-h\backend\node_modules\effect\src\internal\hashMap\

array.ts [Correcto]
bitwise.ts [Correcto]
config.ts [Correcto]
keySet.ts [Correcto]
node.ts [Correcto]

 Descomprimiendo archivos en C:\controlab-h\backend\node_modules\effect\src\internal\layer\

circular.ts [Correcto]

 Descomprimiendo archivos en C:\controlab-h\backend\node_modules\effect\src\internal\managedRuntime\

circular.ts [Correcto]

 Descomprimiendo archivos en C:\controlab-h\backend\node_modules\effect\src\internal\metric\

boundaries.ts [Correcto]
hook.ts [Correcto]
key.ts [Correcto]
keyType.ts [Correcto]
label.ts [Correcto]
pair.ts [Correcto]
polling.ts [Correcto]
registry.ts [Correcto]
state.ts [Correcto]

 Descomprimiendo archivos en C:\controlab-h\backend\node_modules\effect\src\internal\opCodes\

cause.ts [Correcto]
channel.ts [Correcto]
channelChildExecutorDecision.ts [Correcto]
channelMergeDecision.ts [Correcto]
channelMergeState.ts [Correcto]
channelMergeStrategy.ts [Correcto]
channelState.ts [Correcto]
channelUpstreamPullRequest.ts [Correcto]
channelUpstreamPullStrategy.ts [Correcto]
config.ts [Correcto]
configError.ts [Correcto]
continuation.ts [Correcto]
deferred.ts [Correcto]
effect.ts [Correcto]
layer.ts [Correcto]
streamHaltStrategy.ts [Correcto]

 Descomprimiendo archivos en C:\controlab-h\backend\node_modules\effect\src\internal\redBlackTree\

iterator.ts [Correcto]
node.ts [Correcto]

 Descomprimiendo archivos en C:\controlab-h\backend\node_modules\effect\src\internal\schedule\

decision.ts [Correcto]
interval.ts [Correcto]
intervals.ts [Correcto]

 Descomprimiendo archivos en C:\controlab-h\backend\node_modules\effect\src\internal\schema\

errors.ts [Correcto]
schemaId.ts [Correcto]
util.ts [Correcto]

 Descomprimiendo archivos en C:\controlab-h\backend\node_modules\effect\src\internal\stm\

core.ts [Correcto]
entry.ts [Correcto]
journal.ts [Correcto]
opCodes [Correcto]
stm.ts [Correcto]
stmState.ts [Correcto]
tArray.ts [Correcto]
tDeferred.ts [Correcto]
tExit.ts [Correcto]
tMap.ts [Correcto]
tPriorityQueue.ts [Correcto]
tPubSub.ts [Correcto]
tQueue.ts [Correcto]
tRandom.ts [Correcto]
tReentrantLock.ts [Correcto]
tRef.ts [Correcto]
tryCommit.ts [Correcto]
tSemaphore.ts [Correcto]
tSet.ts [Correcto]
tSubscriptionRef.ts [Correcto]
txnId.ts [Correcto]
versioned.ts [Correcto]

 Descomprimiendo archivos en C:\controlab-h\backend\node_modules\effect\src\internal\stm\opCodes\

stm.ts [Correcto]
stmState.ts [Correcto]
strategy.ts [Correcto]
tExit.ts [Correcto]
tryCommit.ts [Correcto]

 Descomprimiendo archivos en C:\controlab-h\backend\node_modules\effect\src\internal\stream\

debounceState.ts [Correcto]
emit.ts [Correcto]
haltStrategy.ts [Correcto]
handoff.ts [Correcto]
handoffSignal.ts [Correcto]
pull.ts [Correcto]
sinkEndReason.ts [Correcto]
zipAllState.ts [Correcto]
zipChunksState.ts [Correcto]

 Descomprimiendo archivos en C:\controlab-h\backend\node_modules\effect\src\internal\supervisor\

patch.ts [Correcto]

 Descomprimiendo archivos en C:\controlab-h\backend\node_modules\effect\src\internal\testing\

sleep.ts [Correcto]
suspendedWarningData.ts [Correcto]
warningData.ts [Correcto]

 Descomprimiendo archivos en C:\controlab-h\backend\node_modules\effect\STM\

package.json [Correcto]

 Descomprimiendo archivos en C:\controlab-h\backend\node_modules\effect\Stream\

package.json [Correcto]

 Descomprimiendo archivos en C:\controlab-h\backend\node_modules\effect\Streamable\

package.json [Correcto]

 Descomprimiendo archivos en C:\controlab-h\backend\node_modules\effect\StreamEmit\

package.json [Correcto]

 Descomprimiendo archivos en C:\controlab-h\backend\node_modules\effect\StreamHaltStrategy\

package.json [Correcto]

 Descomprimiendo archivos en C:\controlab-h\backend\node_modules\effect\String\

package.json [Correcto]

 Descomprimiendo archivos en C:\controlab-h\backend\node_modules\effect\Struct\

package.json [Correcto]

 Descomprimiendo archivos en C:\controlab-h\backend\node_modules\effect\Subscribable\

package.json [Correcto]

 Descomprimiendo archivos en C:\controlab-h\backend\node_modules\effect\SubscriptionRef\

package.json [Correcto]

 Descomprimiendo archivos en C:\controlab-h\backend\node_modules\effect\Supervisor\

package.json [Correcto]

 Descomprimiendo archivos en C:\controlab-h\backend\node_modules\effect\Symbol\

package.json [Correcto]

 Descomprimiendo archivos en C:\controlab-h\backend\node_modules\effect\SynchronizedRef\

package.json [Correcto]

 Descomprimiendo archivos en C:\controlab-h\backend\node_modules\effect\Take\

package.json [Correcto]

 Descomprimiendo archivos en C:\controlab-h\backend\node_modules\effect\TArray\

package.json [Correcto]

 Descomprimiendo archivos en C:\controlab-h\backend\node_modules\effect\TDeferred\

package.json [Correcto]

 Descomprimiendo archivos en C:\controlab-h\backend\node_modules\effect\TestAnnotation\

package.json [Correcto]

 Descomprimiendo archivos en C:\controlab-h\backend\node_modules\effect\TestAnnotationMap\

package.json [Correcto]

 Descomprimiendo archivos en C:\controlab-h\backend\node_modules\effect\TestAnnotations\

package.json [Correcto]

 Descomprimiendo archivos en C:\controlab-h\backend\node_modules\effect\TestClock\

package.json [Correcto]

 Descomprimiendo archivos en C:\controlab-h\backend\node_modules\effect\TestConfig\

package.json [Correcto]

 Descomprimiendo archivos en C:\controlab-h\backend\node_modules\effect\TestContext\

package.json [Correcto]

 Descomprimiendo archivos en C:\controlab-h\backend\node_modules\effect\TestLive\

package.json [Correcto]

 Descomprimiendo archivos en C:\controlab-h\backend\node_modules\effect\TestServices\

package.json [Correcto]

 Descomprimiendo archivos en C:\controlab-h\backend\node_modules\effect\TestSized\

package.json [Correcto]

 Descomprimiendo archivos en C:\controlab-h\backend\node_modules\effect\TMap\

package.json [Correcto]

 Descomprimiendo archivos en C:\controlab-h\backend\node_modules\effect\TPriorityQueue\

package.json [Correcto]

 Descomprimiendo archivos en C:\controlab-h\backend\node_modules\effect\TPubSub\

package.json [Correcto]

 Descomprimiendo archivos en C:\controlab-h\backend\node_modules\effect\TQueue\

package.json [Correcto]

 Descomprimiendo archivos en C:\controlab-h\backend\node_modules\effect\Tracer\

package.json [Correcto]

 Descomprimiendo archivos en C:\controlab-h\backend\node_modules\effect\TRandom\

package.json [Correcto]

 Descomprimiendo archivos en C:\controlab-h\backend\node_modules\effect\TReentrantLock\

package.json [Correcto]

 Descomprimiendo archivos en C:\controlab-h\backend\node_modules\effect\TRef\

package.json [Correcto]

 Descomprimiendo archivos en C:\controlab-h\backend\node_modules\effect\Trie\

package.json [Correcto]

 Descomprimiendo archivos en C:\controlab-h\backend\node_modules\effect\TSemaphore\

package.json [Correcto]

 Descomprimiendo archivos en C:\controlab-h\backend\node_modules\effect\TSet\

package.json [Correcto]

 Descomprimiendo archivos en C:\controlab-h\backend\node_modules\effect\TSubscriptionRef\

package.json [Correcto]

 Descomprimiendo archivos en C:\controlab-h\backend\node_modules\effect\Tuple\

package.json [Correcto]

 Descomprimiendo archivos en C:\controlab-h\backend\node_modules\effect\Types\

package.json [Correcto]

 Descomprimiendo archivos en C:\controlab-h\backend\node_modules\effect\Unify\

package.json [Correcto]

 Descomprimiendo archivos en C:\controlab-h\backend\node_modules\effect\UpstreamPullRequest\

package.json [Correcto]

 Descomprimiendo archivos en C:\controlab-h\backend\node_modules\effect\UpstreamPullStrategy\

package.json [Correcto]

 Descomprimiendo archivos en C:\controlab-h\backend\node_modules\effect\Utils\

package.json [Correcto]

 Descomprimiendo archivos en C:\controlab-h\backend\node_modules\empathic\

access.d.ts [Correcto]
access.js [Correcto]
access.mjs [Correcto]
find.d.ts [Correcto]
find.js [Correcto]
find.mjs [Correcto]
license [Correcto]
package.d.ts [Correcto]
package.js [Correcto]
package.json [Correcto]
package.mjs [Correcto]
readme.md [Correcto]
resolve.d.ts [Correcto]
resolve.js [Correcto]
resolve.mjs [Correcto]
walk.d.ts [Correcto]
walk.js [Correcto]
walk.mjs [Correcto]

 Descomprimiendo archivos en C:\controlab-h\backend\node_modules\encodeurl\

index.js [Correcto]
LICENSE [Correcto]
package.json [Correcto]
README.md [Correcto]

 Descomprimiendo archivos en C:\controlab-h\backend\node_modules\env-paths\

index.d.ts [Correcto]
index.js [Correcto]
license [Correcto]
package.json [Correcto]
readme.md [Correcto]

 Descomprimiendo archivos en C:\controlab-h\backend\node_modules\es-define-property\

.eslintrc [Correcto]
.github [Correcto]
.nycrc [Correcto]
CHANGELOG.md [Correcto]
index.d.ts [Correcto]
index.js [Correcto]
LICENSE [Correcto]
package.json [Correcto]
README.md [Correcto]
test [Correcto]
tsconfig.json [Correcto]

 Descomprimiendo archivos en C:\controlab-h\backend\node_modules\es-define-property\.github\

FUNDING.yml [Correcto]

 Descomprimiendo archivos en C:\controlab-h\backend\node_modules\es-define-property\test\

index.js [Correcto]

 Descomprimiendo archivos en C:\controlab-h\backend\node_modules\es-errors\

.eslintrc [Correcto]
.github [Correcto]
CHANGELOG.md [Correcto]
eval.d.ts [Correcto]
eval.js [Correcto]
index.d.ts [Correcto]
index.js [Correcto]
LICENSE [Correcto]
package.json [Correcto]
range.d.ts [Correcto]
range.js [Correcto]
README.md [Correcto]
ref.d.ts [Correcto]
ref.js [Correcto]
syntax.d.ts [Correcto]
syntax.js [Correcto]
test [Correcto]
tsconfig.json [Correcto]
type.d.ts [Correcto]
type.js [Correcto]
uri.d.ts [Correcto]
uri.js [Correcto]

 Descomprimiendo archivos en C:\controlab-h\backend\node_modules\es-errors\.github\

FUNDING.yml [Correcto]

 Descomprimiendo archivos en C:\controlab-h\backend\node_modules\es-errors\test\

index.js [Correcto]

 Descomprimiendo archivos en C:\controlab-h\backend\node_modules\es-object-atoms\

.eslintrc [Correcto]
.github [Correcto]
CHANGELOG.md [Correcto]
index.d.ts [Correcto]
index.js [Correcto]
isObject.d.ts [Correcto]
isObject.js [Correcto]
LICENSE [Correcto]
package.json [Correcto]
README.md [Correcto]
RequireObjectCoercible.d.ts [Correcto]
RequireObjectCoercible.js [Correcto]
test [Correcto]
ToObject.d.ts [Correcto]
ToObject.js [Correcto]
tsconfig.json [Correcto]

 Descomprimiendo archivos en C:\controlab-h\backend\node_modules\es-object-atoms\.github\

FUNDING.yml [Correcto]

 Descomprimiendo archivos en C:\controlab-h\backend\node_modules\es-object-atoms\test\

index.js [Correcto]

 Descomprimiendo archivos en C:\controlab-h\backend\node_modules\escape-html\

index.js [Correcto]
LICENSE [Correcto]
package.json [Correcto]
Readme.md [Correcto]

 Descomprimiendo archivos en C:\controlab-h\backend\node_modules\etag\

HISTORY.md [Correcto]
index.js [Correcto]
LICENSE [Correcto]
package.json [Correcto]
README.md [Correcto]

 Descomprimiendo archivos en C:\controlab-h\backend\node_modules\event-target-shim\

dist [Correcto]
index.d.ts [Correcto]
LICENSE [Correcto]
package.json [Correcto]
README.md [Correcto]

 Descomprimiendo archivos en C:\controlab-h\backend\node_modules\event-target-shim\dist\

event-target-shim.js [Correcto]
event-target-shim.js.map [Correcto]
event-target-shim.mjs [Correcto]
event-target-shim.mjs.map [Correcto]
event-target-shim.umd.js [Correcto]
event-target-shim.umd.js.map [Correcto]

 Descomprimiendo archivos en C:\controlab-h\backend\node_modules\events\

.airtap.yml [Correcto]
.github [Correcto]
.travis.yml [Correcto]
events.js [Correcto]
History.md [Correcto]
LICENSE [Correcto]
package.json [Correcto]
Readme.md [Correcto]
security.md [Correcto]
tests [Correcto]

 Descomprimiendo archivos en C:\controlab-h\backend\node_modules\events\.github\

FUNDING.yml [Correcto]

 Descomprimiendo archivos en C:\controlab-h\backend\node_modules\events\tests\

add-listeners.js [Correcto]
check-listener-leaks.js [Correcto]
common.js [Correcto]
errors.js [Correcto]
events-list.js [Correcto]
events-once.js [Correcto]
index.js [Correcto]
legacy-compat.js [Correcto]
listener-count.js [Correcto]
listeners-side-effects.js [Correcto]
listeners.js [Correcto]
max-listeners.js [Correcto]
method-names.js [Correcto]
modify-in-emit.js [Correcto]
num-args.js [Correcto]
once.js [Correcto]
prepend.js [Correcto]
remove-all-listeners.js [Correcto]
remove-listeners.js [Correcto]
set-max-listeners-side-effects.js [Correcto]
special-event-names.js [Correcto]
subclass.js [Correcto]
symbols.js [Correcto]

 Descomprimiendo archivos en C:\controlab-h\backend\node_modules\express\

index.js [Correcto]
lib [Correcto]
LICENSE [Correcto]
package.json [Correcto]
Readme.md [Correcto]

 Descomprimiendo archivos en C:\controlab-h\backend\node_modules\express\lib\

application.js [Correcto]
express.js [Correcto]
request.js [Correcto]
response.js [Correcto]
utils.js [Correcto]
view.js [Correcto]

 Descomprimiendo archivos en C:\controlab-h\backend\node_modules\exsolve\

dist [Correcto]
LICENSE [Correcto]
package.json [Correcto]
README.md [Correcto]

 Descomprimiendo archivos en C:\controlab-h\backend\node_modules\exsolve\dist\

index.d.mts [Correcto]
index.mjs [Correcto]

 Descomprimiendo archivos en C:\controlab-h\backend\node_modules\fast-check\

CHANGELOG.md [Correcto]
lib [Correcto]
LICENSE [Correcto]
package.json [Correcto]
README.md [Correcto]
runkit.cjs [Correcto]

 Descomprimiendo archivos en C:\controlab-h\backend\node_modules\fast-check\lib\

arbitrary [Correcto]
check [Correcto]
esm [Correcto]
fast-check-default.js [Correcto]
fast-check.js [Correcto]
random [Correcto]
stream [Correcto]
types [Correcto]
utils [Correcto]

 Descomprimiendo archivos en C:\controlab-h\backend\node_modules\fast-check\lib\arbitrary\

anything.js [Correcto]
array.js [Correcto]
ascii.js [Correcto]
asciiString.js [Correcto]
base64.js [Correcto]
base64String.js [Correcto]
bigInt.js [Correcto]
bigInt64Array.js [Correcto]
bigIntN.js [Correcto]
bigUint.js [Correcto]
bigUint64Array.js [Correcto]
bigUintN.js [Correcto]
boolean.js [Correcto]
char.js [Correcto]
char16bits.js [Correcto]
clone.js [Correcto]
commands.js [Correcto]
compareBooleanFunc.js [Correcto]
compareFunc.js [Correcto]
constant.js [Correcto]
constantFrom.js [Correcto]
context.js [Correcto]
date.js [Correcto]
dictionary.js [Correcto]
domain.js [Correcto]
double.js [Correcto]
emailAddress.js [Correcto]
falsy.js [Correcto]
float.js [Correcto]
float32Array.js [Correcto]
float64Array.js [Correcto]
fullUnicode.js [Correcto]
fullUnicodeString.js [Correcto]
func.js [Correcto]
gen.js [Correcto]
hexa.js [Correcto]
hexaString.js [Correcto]
infiniteStream.js [Correcto]
int16Array.js [Correcto]
int32Array.js [Correcto]
int8Array.js [Correcto]
integer.js [Correcto]
ipV4.js [Correcto]
ipV4Extended.js [Correcto]
ipV6.js [Correcto]
json.js [Correcto]
jsonValue.js [Correcto]
letrec.js [Correcto]
limitShrink.js [Correcto]
lorem.js [Correcto]
mapToConstant.js [Correcto]
maxSafeInteger.js [Correcto]
maxSafeNat.js [Correcto]
memo.js [Correcto]
mixedCase.js [Correcto]
nat.js [Correcto]
noBias.js [Correcto]
noShrink.js [Correcto]
object.js [Correcto]
oneof.js [Correcto]
option.js [Correcto]
record.js [Correcto]
scheduler.js [Correcto]
shuffledSubarray.js [Correcto]
sparseArray.js [Correcto]
string.js [Correcto]
string16bits.js [Correcto]
stringMatching.js [Correcto]
stringOf.js [Correcto]
subarray.js [Correcto]
tuple.js [Correcto]
uint16Array.js [Correcto]
uint32Array.js [Correcto]
uint8Array.js [Correcto]
uint8ClampedArray.js [Correcto]
ulid.js [Correcto]
unicode.js [Correcto]
unicodeJson.js [Correcto]
unicodeJsonValue.js [Correcto]
unicodeString.js [Correcto]
uniqueArray.js [Correcto]
uuid.js [Correcto]
uuidV.js [Correcto]
webAuthority.js [Correcto]
webFragments.js [Correcto]
webPath.js [Correcto]
webQueryParameters.js [Correcto]
webSegment.js [Correcto]
webUrl.js [Correcto]
_internals [Correcto]
_shared [Correcto]

 Descomprimiendo archivos en C:\controlab-h\backend\node_modules\fast-check\lib\arbitrary\_internals\

AdapterArbitrary.js [Correcto]
AlwaysShrinkableArbitrary.js [Correcto]
ArrayArbitrary.js [Correcto]
ArrayInt64Arbitrary.js [Correcto]
BigIntArbitrary.js [Correcto]
builders [Correcto]
CloneArbitrary.js [Correcto]
CommandsArbitrary.js [Correcto]
ConstantArbitrary.js [Correcto]
data [Correcto]
FrequencyArbitrary.js [Correcto]
GeneratorArbitrary.js [Correcto]
helpers [Correcto]
implementations [Correcto]
IntegerArbitrary.js [Correcto]
interfaces [Correcto]
LazyArbitrary.js [Correcto]
LimitedShrinkArbitrary.js [Correcto]
mappers [Correcto]
MixedCaseArbitrary.js [Correcto]
SchedulerArbitrary.js [Correcto]
StreamArbitrary.js [Correcto]
StringUnitArbitrary.js [Correcto]
SubarrayArbitrary.js [Correcto]
TupleArbitrary.js [Correcto]
WithShrinkFromOtherArbitrary.js [Correcto]

 Descomprimiendo archivos en C:\controlab-h\backend\node_modules\fast-check\lib\arbitrary\_internals\builders\

AnyArbitraryBuilder.js [Correcto]
BoxedArbitraryBuilder.js [Correcto]
CharacterArbitraryBuilder.js [Correcto]
CharacterRangeArbitraryBuilder.js [Correcto]
CompareFunctionArbitraryBuilder.js [Correcto]
GeneratorValueBuilder.js [Correcto]
PaddedNumberArbitraryBuilder.js [Correcto]
PartialRecordArbitraryBuilder.js [Correcto]
RestrictedIntegerArbitraryBuilder.js [Correcto]
StableArbitraryGeneratorCache.js [Correcto]
StringifiedNatArbitraryBuilder.js [Correcto]
TypedIntArrayArbitraryBuilder.js [Correcto]
UriPathArbitraryBuilder.js [Correcto]
UriQueryOrFragmentArbitraryBuilder.js [Correcto]

 Descomprimiendo archivos en C:\controlab-h\backend\node_modules\fast-check\lib\arbitrary\_internals\data\

GraphemeRanges.js [Correcto]

 Descomprimiendo archivos en C:\controlab-h\backend\node_modules\fast-check\lib\arbitrary\_internals\helpers\

ArrayInt64.js [Correcto]
BiasNumericRange.js [Correcto]
BuildSchedulerFor.js [Correcto]
BuildSlicedGenerator.js [Correcto]
CustomEqualSet.js [Correcto]
DepthContext.js [Correcto]
DoubleHelpers.js [Correcto]
DoubleOnlyHelpers.js [Correcto]
EnumerableKeysExtractor.js [Correcto]
FloatHelpers.js [Correcto]
FloatingOnlyHelpers.js [Correcto]
FloatOnlyHelpers.js [Correcto]
GraphemeRangesHelpers.js [Correcto]
InvalidSubdomainLabelFiIter.js [Correcto]
IsSubarrayOf.js [Correcto]
JsonConstraintsBuilder.js [Correcto]
MaxLengthFromMinLength.js [Correcto]
NoUndefinedAsContext.js [Correcto]
QualifiedObjectConstraints.js [Correcto]
ReadRegex.js [Correcto]
SameValueSet.js [Correcto]
SameValueZeroSet.js [Correcto]
SanitizeRegexAst.js [Correcto]
ShrinkBigInt.js [Correcto]
ShrinkInteger.js [Correcto]
SlicesForStringBuilder.js [Correcto]
StrictlyEqualSet.js [Correcto]
TextEscaper.js [Correcto]
ToggleFlags.js [Correcto]
TokenizeRegex.js [Correcto]
TokenizeString.js [Correcto]
ZipIterableIterators.js [Correcto]

 Descomprimiendo archivos en C:\controlab-h\backend\node_modules\fast-check\lib\arbitrary\_internals\implementations\

NoopSlicedGenerator.js [Correcto]
SchedulerImplem.js [Correcto]
SlicedBasedGenerator.js [Correcto]

 Descomprimiendo archivos en C:\controlab-h\backend\node_modules\fast-check\lib\arbitrary\_internals\interfaces\

CustomSet.js [Correcto]
Scheduler.js [Correcto]
SlicedGenerator.js [Correcto]

 Descomprimiendo archivos en C:\controlab-h\backend\node_modules\fast-check\lib\arbitrary\_internals\mappers\

ArrayToMap.js [Correcto]
ArrayToSet.js [Correcto]
CharsToString.js [Correcto]
CodePointsToString.js [Correcto]
EntitiesToIPv6.js [Correcto]
IndexToCharString.js [Correcto]
IndexToMappedConstant.js [Correcto]
IndexToPrintableIndex.js [Correcto]
KeyValuePairsToObject.js [Correcto]
NatToStringifiedNat.js [Correcto]
NumberToPaddedEight.js [Correcto]
PaddedEightsToUuid.js [Correcto]
PartsToUrl.js [Correcto]
PatternsToString.js [Correcto]
SegmentsToPath.js [Correcto]
StringToBase64.js [Correcto]
TimeToDate.js [Correcto]
UintToBase32String.js [Correcto]
UnboxedToBoxed.js [Correcto]
ValuesAndSeparateKeysToObject.js [Correcto]
VersionsApplierForUuid.js [Correcto]
WordsToLorem.js [Correcto]

 Descomprimiendo archivos en C:\controlab-h\backend\node_modules\fast-check\lib\arbitrary\_shared\

StringSharedConstraints.js [Correcto]

 Descomprimiendo archivos en C:\controlab-h\backend\node_modules\fast-check\lib\check\

arbitrary [Correcto]
model [Correcto]
precondition [Correcto]
property [Correcto]
runner [Correcto]
symbols.js [Correcto]

 Descomprimiendo archivos en C:\controlab-h\backend\node_modules\fast-check\lib\check\arbitrary\

definition [Correcto]

 Descomprimiendo archivos en C:\controlab-h\backend\node_modules\fast-check\lib\check\arbitrary\definition\

Arbitrary.js [Correcto]
Value.js [Correcto]

 Descomprimiendo archivos en C:\controlab-h\backend\node_modules\fast-check\lib\check\model\

command [Correcto]
commands [Correcto]
ModelRunner.js [Correcto]
ReplayPath.js [Correcto]

 Descomprimiendo archivos en C:\controlab-h\backend\node_modules\fast-check\lib\check\model\command\

AsyncCommand.js [Correcto]
Command.js [Correcto]
ICommand.js [Correcto]

 Descomprimiendo archivos en C:\controlab-h\backend\node_modules\fast-check\lib\check\model\commands\

CommandsContraints.js [Correcto]
CommandsIterable.js [Correcto]
CommandWrapper.js [Correcto]
ScheduledCommand.js [Correcto]

 Descomprimiendo archivos en C:\controlab-h\backend\node_modules\fast-check\lib\check\precondition\

Pre.js [Correcto]
PreconditionFailure.js [Correcto]

 Descomprimiendo archivos en C:\controlab-h\backend\node_modules\fast-check\lib\check\property\

AsyncProperty.generic.js [Correcto]
AsyncProperty.js [Correcto]
IgnoreEqualValuesProperty.js [Correcto]
IRawProperty.js [Correcto]
Property.generic.js [Correcto]
Property.js [Correcto]
SkipAfterProperty.js [Correcto]
TimeoutProperty.js [Correcto]
UnbiasedProperty.js [Correcto]

 Descomprimiendo archivos en C:\controlab-h\backend\node_modules\fast-check\lib\check\runner\

configuration [Correcto]
DecorateProperty.js [Correcto]
reporter [Correcto]
Runner.js [Correcto]
RunnerIterator.js [Correcto]
Sampler.js [Correcto]
SourceValuesIterator.js [Correcto]
Tosser.js [Correcto]
utils [Correcto]

 Descomprimiendo archivos en C:\controlab-h\backend\node_modules\fast-check\lib\check\runner\configuration\

GlobalParameters.js [Correcto]
Parameters.js [Correcto]
QualifiedParameters.js [Correcto]
RandomType.js [Correcto]
VerbosityLevel.js [Correcto]

 Descomprimiendo archivos en C:\controlab-h\backend\node_modules\fast-check\lib\check\runner\reporter\

ExecutionStatus.js [Correcto]
ExecutionTree.js [Correcto]
RunDetails.js [Correcto]
RunExecution.js [Correcto]

 Descomprimiendo archivos en C:\controlab-h\backend\node_modules\fast-check\lib\check\runner\utils\

PathWalker.js [Correcto]
RunDetailsFormatter.js [Correcto]

 Descomprimiendo archivos en C:\controlab-h\backend\node_modules\fast-check\lib\esm\

arbitrary [Correcto]
check [Correcto]
fast-check-default.js [Correcto]
fast-check.js [Correcto]
package.json [Correcto]
random [Correcto]
stream [Correcto]
types [Correcto]
utils [Correcto]

 Descomprimiendo archivos en C:\controlab-h\backend\node_modules\fast-check\lib\esm\arbitrary\

anything.js [Correcto]
array.js [Correcto]
ascii.js [Correcto]
asciiString.js [Correcto]
base64.js [Correcto]
base64String.js [Correcto]
bigInt.js [Correcto]
bigInt64Array.js [Correcto]
bigIntN.js [Correcto]
bigUint.js [Correcto]
bigUint64Array.js [Correcto]
bigUintN.js [Correcto]
boolean.js [Correcto]
char.js [Correcto]
char16bits.js [Correcto]
clone.js [Correcto]
commands.js [Correcto]
compareBooleanFunc.js [Correcto]
compareFunc.js [Correcto]
constant.js [Correcto]
constantFrom.js [Correcto]
context.js [Correcto]
date.js [Correcto]
dictionary.js [Correcto]
domain.js [Correcto]
double.js [Correcto]
emailAddress.js [Correcto]
falsy.js [Correcto]
float.js [Correcto]
float32Array.js [Correcto]
float64Array.js [Correcto]
fullUnicode.js [Correcto]
fullUnicodeString.js [Correcto]
func.js [Correcto]
gen.js [Correcto]
hexa.js [Correcto]
hexaString.js [Correcto]
infiniteStream.js [Correcto]
int16Array.js [Correcto]
int32Array.js [Correcto]
int8Array.js [Correcto]
integer.js [Correcto]
ipV4.js [Correcto]
ipV4Extended.js [Correcto]
ipV6.js [Correcto]
json.js [Correcto]
jsonValue.js [Correcto]
letrec.js [Correcto]
limitShrink.js [Correcto]
lorem.js [Correcto]
mapToConstant.js [Correcto]
maxSafeInteger.js [Correcto]
maxSafeNat.js [Correcto]
memo.js [Correcto]
mixedCase.js [Correcto]
nat.js [Correcto]
noBias.js [Correcto]
noShrink.js [Correcto]
object.js [Correcto]
oneof.js [Correcto]
option.js [Correcto]
record.js [Correcto]
scheduler.js [Correcto]
shuffledSubarray.js [Correcto]
sparseArray.js [Correcto]
string.js [Correcto]
string16bits.js [Correcto]
stringMatching.js [Correcto]
stringOf.js [Correcto]
subarray.js [Correcto]
tuple.js [Correcto]
uint16Array.js [Correcto]
uint32Array.js [Correcto]
uint8Array.js [Correcto]
uint8ClampedArray.js [Correcto]
ulid.js [Correcto]
unicode.js [Correcto]
unicodeJson.js [Correcto]
unicodeJsonValue.js [Correcto]
unicodeString.js [Correcto]
uniqueArray.js [Correcto]
uuid.js [Correcto]
uuidV.js [Correcto]
webAuthority.js [Correcto]
webFragments.js [Correcto]
webPath.js [Correcto]
webQueryParameters.js [Correcto]
webSegment.js [Correcto]
webUrl.js [Correcto]
_internals [Correcto]
_shared [Correcto]

 Descomprimiendo archivos en C:\controlab-h\backend\node_modules\fast-check\lib\esm\arbitrary\_internals\

AdapterArbitrary.js [Correcto]
AlwaysShrinkableArbitrary.js [Correcto]
ArrayArbitrary.js [Correcto]
ArrayInt64Arbitrary.js [Correcto]
BigIntArbitrary.js [Correcto]
builders [Correcto]
CloneArbitrary.js [Correcto]
CommandsArbitrary.js [Correcto]
ConstantArbitrary.js [Correcto]
data [Correcto]
FrequencyArbitrary.js [Correcto]
GeneratorArbitrary.js [Correcto]
helpers [Correcto]
implementations [Correcto]
IntegerArbitrary.js [Correcto]
interfaces [Correcto]
LazyArbitrary.js [Correcto]
LimitedShrinkArbitrary.js [Correcto]
mappers [Correcto]
MixedCaseArbitrary.js [Correcto]
SchedulerArbitrary.js [Correcto]
StreamArbitrary.js [Correcto]
StringUnitArbitrary.js [Correcto]
SubarrayArbitrary.js [Correcto]
TupleArbitrary.js [Correcto]
WithShrinkFromOtherArbitrary.js [Correcto]

 Descomprimiendo archivos en C:\controlab-h\backend\node_modules\fast-check\lib\esm\arbitrary\_internals\builders\

AnyArbitraryBuilder.js [Correcto]
BoxedArbitraryBuilder.js [Correcto]
CharacterArbitraryBuilder.js [Correcto]
CharacterRangeArbitraryBuilder.js [Correcto]
CompareFunctionArbitraryBuilder.js [Correcto]
GeneratorValueBuilder.js [Correcto]
PaddedNumberArbitraryBuilder.js [Correcto]
PartialRecordArbitraryBuilder.js [Correcto]
RestrictedIntegerArbitraryBuilder.js [Correcto]
StableArbitraryGeneratorCache.js [Correcto]
StringifiedNatArbitraryBuilder.js [Correcto]
TypedIntArrayArbitraryBuilder.js [Correcto]
UriPathArbitraryBuilder.js [Correcto]
UriQueryOrFragmentArbitraryBuilder.js [Correcto]

 Descomprimiendo archivos en C:\controlab-h\backend\node_modules\fast-check\lib\esm\arbitrary\_internals\data\

GraphemeRanges.js [Correcto]

 Descomprimiendo archivos en C:\controlab-h\backend\node_modules\fast-check\lib\esm\arbitrary\_internals\helpers\

ArrayInt64.js [Correcto]
BiasNumericRange.js [Correcto]
BuildSchedulerFor.js [Correcto]
BuildSlicedGenerator.js [Correcto]
CustomEqualSet.js [Correcto]
DepthContext.js [Correcto]
DoubleHelpers.js [Correcto]
DoubleOnlyHelpers.js [Correcto]
EnumerableKeysExtractor.js [Correcto]
FloatHelpers.js [Correcto]
FloatingOnlyHelpers.js [Correcto]
FloatOnlyHelpers.js [Correcto]
GraphemeRangesHelpers.js [Correcto]
InvalidSubdomainLabelFiIter.js [Correcto]
IsSubarrayOf.js [Correcto]
JsonConstraintsBuilder.js [Correcto]
MaxLengthFromMinLength.js [Correcto]
NoUndefinedAsContext.js [Correcto]
QualifiedObjectConstraints.js [Correcto]
ReadRegex.js [Correcto]
SameValueSet.js [Correcto]
SameValueZeroSet.js [Correcto]
SanitizeRegexAst.js [Correcto]
ShrinkBigInt.js [Correcto]
ShrinkInteger.js [Correcto]
SlicesForStringBuilder.js [Correcto]
StrictlyEqualSet.js [Correcto]
TextEscaper.js [Correcto]
ToggleFlags.js [Correcto]
TokenizeRegex.js [Correcto]
TokenizeString.js [Correcto]
ZipIterableIterators.js [Correcto]

 Descomprimiendo archivos en C:\controlab-h\backend\node_modules\fast-check\lib\esm\arbitrary\_internals\implementations\

NoopSlicedGenerator.js [Correcto]
SchedulerImplem.js [Correcto]
SlicedBasedGenerator.js [Correcto]

 Descomprimiendo archivos en C:\controlab-h\backend\node_modules\fast-check\lib\esm\arbitrary\_internals\interfaces\

CustomSet.js [Correcto]
Scheduler.js [Correcto]
SlicedGenerator.js [Correcto]

 Descomprimiendo archivos en C:\controlab-h\backend\node_modules\fast-check\lib\esm\arbitrary\_internals\mappers\

ArrayToMap.js [Correcto]
ArrayToSet.js [Correcto]
CharsToString.js [Correcto]
CodePointsToString.js [Correcto]
EntitiesToIPv6.js [Correcto]
IndexToCharString.js [Correcto]
IndexToMappedConstant.js [Correcto]
IndexToPrintableIndex.js [Correcto]
KeyValuePairsToObject.js [Correcto]
NatToStringifiedNat.js [Correcto]
NumberToPaddedEight.js [Correcto]
PaddedEightsToUuid.js [Correcto]
PartsToUrl.js [Correcto]
PatternsToString.js [Correcto]
SegmentsToPath.js [Correcto]
StringToBase64.js [Correcto]
TimeToDate.js [Correcto]
UintToBase32String.js [Correcto]
UnboxedToBoxed.js [Correcto]
ValuesAndSeparateKeysToObject.js [Correcto]
VersionsApplierForUuid.js [Correcto]
WordsToLorem.js [Correcto]

 Descomprimiendo archivos en C:\controlab-h\backend\node_modules\fast-check\lib\esm\arbitrary\_shared\

StringSharedConstraints.js [Correcto]

 Descomprimiendo archivos en C:\controlab-h\backend\node_modules\fast-check\lib\esm\check\

arbitrary [Correcto]
model [Correcto]
precondition [Correcto]
property [Correcto]
runner [Correcto]
symbols.js [Correcto]

 Descomprimiendo archivos en C:\controlab-h\backend\node_modules\fast-check\lib\esm\check\arbitrary\

definition [Correcto]

 Descomprimiendo archivos en C:\controlab-h\backend\node_modules\fast-check\lib\esm\check\arbitrary\definition\

Arbitrary.js [Correcto]
Value.js [Correcto]

 Descomprimiendo archivos en C:\controlab-h\backend\node_modules\fast-check\lib\esm\check\model\

command [Correcto]
commands [Correcto]
ModelRunner.js [Correcto]
ReplayPath.js [Correcto]

 Descomprimiendo archivos en C:\controlab-h\backend\node_modules\fast-check\lib\esm\check\model\command\

AsyncCommand.js [Correcto]
Command.js [Correcto]
ICommand.js [Correcto]

 Descomprimiendo archivos en C:\controlab-h\backend\node_modules\fast-check\lib\esm\check\model\commands\

CommandsContraints.js [Correcto]
CommandsIterable.js [Correcto]
CommandWrapper.js [Correcto]
ScheduledCommand.js [Correcto]

 Descomprimiendo archivos en C:\controlab-h\backend\node_modules\fast-check\lib\esm\check\precondition\

Pre.js [Correcto]
PreconditionFailure.js [Correcto]

 Descomprimiendo archivos en C:\controlab-h\backend\node_modules\fast-check\lib\esm\check\property\

AsyncProperty.generic.js [Correcto]
AsyncProperty.js [Correcto]
IgnoreEqualValuesProperty.js [Correcto]
IRawProperty.js [Correcto]
Property.generic.js [Correcto]
Property.js [Correcto]
SkipAfterProperty.js [Correcto]
TimeoutProperty.js [Correcto]
UnbiasedProperty.js [Correcto]

 Descomprimiendo archivos en C:\controlab-h\backend\node_modules\fast-check\lib\esm\check\runner\

configuration [Correcto]
DecorateProperty.js [Correcto]
reporter [Correcto]
Runner.js [Correcto]
RunnerIterator.js [Correcto]
Sampler.js [Correcto]
SourceValuesIterator.js [Correcto]
Tosser.js [Correcto]
utils [Correcto]

 Descomprimiendo archivos en C:\controlab-h\backend\node_modules\fast-check\lib\esm\check\runner\configuration\

GlobalParameters.js [Correcto]
Parameters.js [Correcto]
QualifiedParameters.js [Correcto]
RandomType.js [Correcto]
VerbosityLevel.js [Correcto]

 Descomprimiendo archivos en C:\controlab-h\backend\node_modules\fast-check\lib\esm\check\runner\reporter\

ExecutionStatus.js [Correcto]
ExecutionTree.js [Correcto]
RunDetails.js [Correcto]
RunExecution.js [Correcto]

 Descomprimiendo archivos en C:\controlab-h\backend\node_modules\fast-check\lib\esm\check\runner\utils\

PathWalker.js [Correcto]
RunDetailsFormatter.js [Correcto]

 Descomprimiendo archivos en C:\controlab-h\backend\node_modules\fast-check\lib\esm\random\

generator [Correcto]

 Descomprimiendo archivos en C:\controlab-h\backend\node_modules\fast-check\lib\esm\random\generator\

Random.js [Correcto]

 Descomprimiendo archivos en C:\controlab-h\backend\node_modules\fast-check\lib\esm\stream\

LazyIterableIterator.js [Correcto]
Stream.js [Correcto]
StreamHelpers.js [Correcto]

 Descomprimiendo archivos en C:\controlab-h\backend\node_modules\fast-check\lib\esm\types\

arbitrary [Correcto]
check [Correcto]
fast-check-default.d.ts [Correcto]
fast-check.d.ts [Correcto]
random [Correcto]
stream [Correcto]
utils [Correcto]

 Descomprimiendo archivos en C:\controlab-h\backend\node_modules\fast-check\lib\esm\types\arbitrary\

anything.d.ts [Correcto]
array.d.ts [Correcto]
ascii.d.ts [Correcto]
asciiString.d.ts [Correcto]
base64.d.ts [Correcto]
base64String.d.ts [Correcto]
bigInt.d.ts [Correcto]
bigInt64Array.d.ts [Correcto]
bigIntN.d.ts [Correcto]
bigUint.d.ts [Correcto]
bigUint64Array.d.ts [Correcto]
bigUintN.d.ts [Correcto]
boolean.d.ts [Correcto]
char.d.ts [Correcto]
char16bits.d.ts [Correcto]
clone.d.ts [Correcto]
commands.d.ts [Correcto]
compareBooleanFunc.d.ts [Correcto]
compareFunc.d.ts [Correcto]
constant.d.ts [Correcto]
constantFrom.d.ts [Correcto]
context.d.ts [Correcto]
date.d.ts [Correcto]
dictionary.d.ts [Correcto]
domain.d.ts [Correcto]
double.d.ts [Correcto]
emailAddress.d.ts [Correcto]
falsy.d.ts [Correcto]
float.d.ts [Correcto]
float32Array.d.ts [Correcto]
float64Array.d.ts [Correcto]
fullUnicode.d.ts [Correcto]
fullUnicodeString.d.ts [Correcto]
func.d.ts [Correcto]
gen.d.ts [Correcto]
hexa.d.ts [Correcto]
hexaString.d.ts [Correcto]
infiniteStream.d.ts [Correcto]
int16Array.d.ts [Correcto]
int32Array.d.ts [Correcto]
int8Array.d.ts [Correcto]
integer.d.ts [Correcto]
ipV4.d.ts [Correcto]
ipV4Extended.d.ts [Correcto]
ipV6.d.ts [Correcto]
json.d.ts [Correcto]
jsonValue.d.ts [Correcto]
letrec.d.ts [Correcto]
limitShrink.d.ts [Correcto]
lorem.d.ts [Correcto]
mapToConstant.d.ts [Correcto]
maxSafeInteger.d.ts [Correcto]
maxSafeNat.d.ts [Correcto]
memo.d.ts [Correcto]
mixedCase.d.ts [Correcto]
nat.d.ts [Correcto]
noBias.d.ts [Correcto]
noShrink.d.ts [Correcto]
object.d.ts [Correcto]
oneof.d.ts [Correcto]
option.d.ts [Correcto]
record.d.ts [Correcto]
scheduler.d.ts [Correcto]
shuffledSubarray.d.ts [Correcto]
sparseArray.d.ts [Correcto]
string.d.ts [Correcto]
string16bits.d.ts [Correcto]
stringMatching.d.ts [Correcto]
stringOf.d.ts [Correcto]
subarray.d.ts [Correcto]
tuple.d.ts [Correcto]
uint16Array.d.ts [Correcto]
uint32Array.d.ts [Correcto]
uint8Array.d.ts [Correcto]
uint8ClampedArray.d.ts [Correcto]
ulid.d.ts [Correcto]
unicode.d.ts [Correcto]
unicodeJson.d.ts [Correcto]
unicodeJsonValue.d.ts [Correcto]
unicodeString.d.ts [Correcto]
uniqueArray.d.ts [Correcto]
uuid.d.ts [Correcto]
uuidV.d.ts [Correcto]
webAuthority.d.ts [Correcto]
webFragments.d.ts [Correcto]
webPath.d.ts [Correcto]
webQueryParameters.d.ts [Correcto]
webSegment.d.ts [Correcto]
webUrl.d.ts [Correcto]
_internals [Correcto]
_shared [Correcto]

 Descomprimiendo archivos en C:\controlab-h\backend\node_modules\fast-check\lib\esm\types\arbitrary\_internals\

AdapterArbitrary.d.ts [Correcto]
AlwaysShrinkableArbitrary.d.ts [Correcto]
ArrayArbitrary.d.ts [Correcto]
ArrayInt64Arbitrary.d.ts [Correcto]
BigIntArbitrary.d.ts [Correcto]
builders [Correcto]
CloneArbitrary.d.ts [Correcto]
CommandsArbitrary.d.ts [Correcto]
ConstantArbitrary.d.ts [Correcto]
data [Correcto]
FrequencyArbitrary.d.ts [Correcto]
GeneratorArbitrary.d.ts [Correcto]
helpers [Correcto]
implementations [Correcto]
IntegerArbitrary.d.ts [Correcto]
interfaces [Correcto]
LazyArbitrary.d.ts [Correcto]
LimitedShrinkArbitrary.d.ts [Correcto]
mappers [Correcto]
MixedCaseArbitrary.d.ts [Correcto]
SchedulerArbitrary.d.ts [Correcto]
StreamArbitrary.d.ts [Correcto]
StringUnitArbitrary.d.ts [Correcto]
SubarrayArbitrary.d.ts [Correcto]
TupleArbitrary.d.ts [Correcto]
WithShrinkFromOtherArbitrary.d.ts [Correcto]

 Descomprimiendo archivos en C:\controlab-h\backend\node_modules\fast-check\lib\esm\types\arbitrary\_internals\builders\

AnyArbitraryBuilder.d.ts [Correcto]
BoxedArbitraryBuilder.d.ts [Correcto]
CharacterArbitraryBuilder.d.ts [Correcto]
CharacterRangeArbitraryBuilder.d.ts [Correcto]
CompareFunctionArbitraryBuilder.d.ts [Correcto]
GeneratorValueBuilder.d.ts [Correcto]
PaddedNumberArbitraryBuilder.d.ts [Correcto]
PartialRecordArbitraryBuilder.d.ts [Correcto]
RestrictedIntegerArbitraryBuilder.d.ts [Correcto]
StableArbitraryGeneratorCache.d.ts [Correcto]
StringifiedNatArbitraryBuilder.d.ts [Correcto]
TypedIntArrayArbitraryBuilder.d.ts [Correcto]
UriPathArbitraryBuilder.d.ts [Correcto]
UriQueryOrFragmentArbitraryBuilder.d.ts [Correcto]

 Descomprimiendo archivos en C:\controlab-h\backend\node_modules\fast-check\lib\esm\types\arbitrary\_internals\data\

GraphemeRanges.d.ts [Correcto]

 Descomprimiendo archivos en C:\controlab-h\backend\node_modules\fast-check\lib\esm\types\arbitrary\_internals\helpers\

ArrayInt64.d.ts [Correcto]
BiasNumericRange.d.ts [Correcto]
BuildSchedulerFor.d.ts [Correcto]
BuildSlicedGenerator.d.ts [Correcto]
CustomEqualSet.d.ts [Correcto]
DepthContext.d.ts [Correcto]
DoubleHelpers.d.ts [Correcto]
DoubleOnlyHelpers.d.ts [Correcto]
EnumerableKeysExtractor.d.ts [Correcto]
FloatHelpers.d.ts [Correcto]
FloatingOnlyHelpers.d.ts [Correcto]
FloatOnlyHelpers.d.ts [Correcto]
GraphemeRangesHelpers.d.ts [Correcto]
InvalidSubdomainLabelFiIter.d.ts [Correcto]
IsSubarrayOf.d.ts [Correcto]
JsonConstraintsBuilder.d.ts [Correcto]
MaxLengthFromMinLength.d.ts [Correcto]
NoUndefinedAsContext.d.ts [Correcto]
QualifiedObjectConstraints.d.ts [Correcto]
ReadRegex.d.ts [Correcto]
SameValueSet.d.ts [Correcto]
SameValueZeroSet.d.ts [Correcto]
SanitizeRegexAst.d.ts [Correcto]
ShrinkBigInt.d.ts [Correcto]
ShrinkInteger.d.ts [Correcto]
SlicesForStringBuilder.d.ts [Correcto]
StrictlyEqualSet.d.ts [Correcto]
TextEscaper.d.ts [Correcto]
ToggleFlags.d.ts [Correcto]
TokenizeRegex.d.ts [Correcto]
TokenizeString.d.ts [Correcto]
ZipIterableIterators.d.ts [Correcto]

 Descomprimiendo archivos en C:\controlab-h\backend\node_modules\fast-check\lib\esm\types\arbitrary\_internals\implementations\

NoopSlicedGenerator.d.ts [Correcto]
SchedulerImplem.d.ts [Correcto]
SlicedBasedGenerator.d.ts [Correcto]

 Descomprimiendo archivos en C:\controlab-h\backend\node_modules\fast-check\lib\esm\types\arbitrary\_internals\interfaces\

CustomSet.d.ts [Correcto]
Scheduler.d.ts [Correcto]
SlicedGenerator.d.ts [Correcto]

 Descomprimiendo archivos en C:\controlab-h\backend\node_modules\fast-check\lib\esm\types\arbitrary\_internals\mappers\

ArrayToMap.d.ts [Correcto]
ArrayToSet.d.ts [Correcto]
CharsToString.d.ts [Correcto]
CodePointsToString.d.ts [Correcto]
EntitiesToIPv6.d.ts [Correcto]
IndexToCharString.d.ts [Correcto]
IndexToMappedConstant.d.ts [Correcto]
IndexToPrintableIndex.d.ts [Correcto]
KeyValuePairsToObject.d.ts [Correcto]
NatToStringifiedNat.d.ts [Correcto]
NumberToPaddedEight.d.ts [Correcto]
PaddedEightsToUuid.d.ts [Correcto]
PartsToUrl.d.ts [Correcto]
PatternsToString.d.ts [Correcto]
SegmentsToPath.d.ts [Correcto]
StringToBase64.d.ts [Correcto]
TimeToDate.d.ts [Correcto]
UintToBase32String.d.ts [Correcto]
UnboxedToBoxed.d.ts [Correcto]
ValuesAndSeparateKeysToObject.d.ts [Correcto]
VersionsApplierForUuid.d.ts [Correcto]
WordsToLorem.d.ts [Correcto]

 Descomprimiendo archivos en C:\controlab-h\backend\node_modules\fast-check\lib\esm\types\arbitrary\_shared\

StringSharedConstraints.d.ts [Correcto]

 Descomprimiendo archivos en C:\controlab-h\backend\node_modules\fast-check\lib\esm\types\check\

arbitrary [Correcto]
model [Correcto]
precondition [Correcto]
property [Correcto]
runner [Correcto]
symbols.d.ts [Correcto]

 Descomprimiendo archivos en C:\controlab-h\backend\node_modules\fast-check\lib\esm\types\check\arbitrary\

definition [Correcto]

 Descomprimiendo archivos en C:\controlab-h\backend\node_modules\fast-check\lib\esm\types\check\arbitrary\definition\

Arbitrary.d.ts [Correcto]
Value.d.ts [Correcto]

 Descomprimiendo archivos en C:\controlab-h\backend\node_modules\fast-check\lib\esm\types\check\model\

command [Correcto]
commands [Correcto]
ModelRunner.d.ts [Correcto]
ReplayPath.d.ts [Correcto]

 Descomprimiendo archivos en C:\controlab-h\backend\node_modules\fast-check\lib\esm\types\check\model\command\

AsyncCommand.d.ts [Correcto]
Command.d.ts [Correcto]
ICommand.d.ts [Correcto]

 Descomprimiendo archivos en C:\controlab-h\backend\node_modules\fast-check\lib\esm\types\check\model\commands\

CommandsContraints.d.ts [Correcto]
CommandsIterable.d.ts [Correcto]
CommandWrapper.d.ts [Correcto]
ScheduledCommand.d.ts [Correcto]

 Descomprimiendo archivos en C:\controlab-h\backend\node_modules\fast-check\lib\esm\types\check\precondition\

Pre.d.ts [Correcto]
PreconditionFailure.d.ts [Correcto]

 Descomprimiendo archivos en C:\controlab-h\backend\node_modules\fast-check\lib\esm\types\check\property\

AsyncProperty.d.ts [Correcto]
AsyncProperty.generic.d.ts [Correcto]
IgnoreEqualValuesProperty.d.ts [Correcto]
IRawProperty.d.ts [Correcto]
Property.d.ts [Correcto]
Property.generic.d.ts [Correcto]
SkipAfterProperty.d.ts [Correcto]
TimeoutProperty.d.ts [Correcto]
UnbiasedProperty.d.ts [Correcto]

 Descomprimiendo archivos en C:\controlab-h\backend\node_modules\fast-check\lib\esm\types\check\runner\

configuration [Correcto]
DecorateProperty.d.ts [Correcto]
reporter [Correcto]
Runner.d.ts [Correcto]
RunnerIterator.d.ts [Correcto]
Sampler.d.ts [Correcto]
SourceValuesIterator.d.ts [Correcto]
Tosser.d.ts [Correcto]
utils [Correcto]

 Descomprimiendo archivos en C:\controlab-h\backend\node_modules\fast-check\lib\esm\types\check\runner\configuration\

GlobalParameters.d.ts [Correcto]
Parameters.d.ts [Correcto]
QualifiedParameters.d.ts [Correcto]
RandomType.d.ts [Correcto]
VerbosityLevel.d.ts [Correcto]

 Descomprimiendo archivos en C:\controlab-h\backend\node_modules\fast-check\lib\esm\types\check\runner\reporter\

ExecutionStatus.d.ts [Correcto]
ExecutionTree.d.ts [Correcto]
RunDetails.d.ts [Correcto]
RunExecution.d.ts [Correcto]

 Descomprimiendo archivos en C:\controlab-h\backend\node_modules\fast-check\lib\esm\types\check\runner\utils\

PathWalker.d.ts [Correcto]
RunDetailsFormatter.d.ts [Correcto]

 Descomprimiendo archivos en C:\controlab-h\backend\node_modules\fast-check\lib\esm\types\random\

generator [Correcto]

 Descomprimiendo archivos en C:\controlab-h\backend\node_modules\fast-check\lib\esm\types\random\generator\

Random.d.ts [Correcto]

 Descomprimiendo archivos en C:\controlab-h\backend\node_modules\fast-check\lib\esm\types\stream\

LazyIterableIterator.d.ts [Correcto]
Stream.d.ts [Correcto]
StreamHelpers.d.ts [Correcto]

 Descomprimiendo archivos en C:\controlab-h\backend\node_modules\fast-check\lib\esm\types\utils\

apply.d.ts [Correcto]
globals.d.ts [Correcto]
hash.d.ts [Correcto]
stringify.d.ts [Correcto]

 Descomprimiendo archivos en C:\controlab-h\backend\node_modules\fast-check\lib\esm\utils\

apply.js [Correcto]
globals.js [Correcto]
hash.js [Correcto]
stringify.js [Correcto]

 Descomprimiendo archivos en C:\controlab-h\backend\node_modules\fast-check\lib\random\

generator [Correcto]

 Descomprimiendo archivos en C:\controlab-h\backend\node_modules\fast-check\lib\random\generator\

Random.js [Correcto]

 Descomprimiendo archivos en C:\controlab-h\backend\node_modules\fast-check\lib\stream\

LazyIterableIterator.js [Correcto]
Stream.js [Correcto]
StreamHelpers.js [Correcto]

 Descomprimiendo archivos en C:\controlab-h\backend\node_modules\fast-check\lib\types\

arbitrary [Correcto]
check [Correcto]
fast-check-default.d.ts [Correcto]
fast-check.d.ts [Correcto]
random [Correcto]
stream [Correcto]
utils [Correcto]

 Descomprimiendo archivos en C:\controlab-h\backend\node_modules\fast-check\lib\types\arbitrary\

anything.d.ts [Correcto]
array.d.ts [Correcto]
ascii.d.ts [Correcto]
asciiString.d.ts [Correcto]
base64.d.ts [Correcto]
base64String.d.ts [Correcto]
bigInt.d.ts [Correcto]
bigInt64Array.d.ts [Correcto]
bigIntN.d.ts [Correcto]
bigUint.d.ts [Correcto]
bigUint64Array.d.ts [Correcto]
bigUintN.d.ts [Correcto]
boolean.d.ts [Correcto]
char.d.ts [Correcto]
char16bits.d.ts [Correcto]
clone.d.ts [Correcto]
commands.d.ts [Correcto]
compareBooleanFunc.d.ts [Correcto]
compareFunc.d.ts [Correcto]
constant.d.ts [Correcto]
constantFrom.d.ts [Correcto]
context.d.ts [Correcto]
date.d.ts [Correcto]
dictionary.d.ts [Correcto]
domain.d.ts [Correcto]
double.d.ts [Correcto]
emailAddress.d.ts [Correcto]
falsy.d.ts [Correcto]
float.d.ts [Correcto]
float32Array.d.ts [Correcto]
float64Array.d.ts [Correcto]
fullUnicode.d.ts [Correcto]
fullUnicodeString.d.ts [Correcto]
func.d.ts [Correcto]
gen.d.ts [Correcto]
hexa.d.ts [Correcto]
hexaString.d.ts [Correcto]
infiniteStream.d.ts [Correcto]
int16Array.d.ts [Correcto]
int32Array.d.ts [Correcto]
int8Array.d.ts [Correcto]
integer.d.ts [Correcto]
ipV4.d.ts [Correcto]
ipV4Extended.d.ts [Correcto]
ipV6.d.ts [Correcto]
json.d.ts [Correcto]
jsonValue.d.ts [Correcto]
letrec.d.ts [Correcto]
limitShrink.d.ts [Correcto]
lorem.d.ts [Correcto]
mapToConstant.d.ts [Correcto]
maxSafeInteger.d.ts [Correcto]
maxSafeNat.d.ts [Correcto]
memo.d.ts [Correcto]
mixedCase.d.ts [Correcto]
nat.d.ts [Correcto]
noBias.d.ts [Correcto]
noShrink.d.ts [Correcto]
object.d.ts [Correcto]
oneof.d.ts [Correcto]
option.d.ts [Correcto]
record.d.ts [Correcto]
scheduler.d.ts [Correcto]
shuffledSubarray.d.ts [Correcto]
sparseArray.d.ts [Correcto]
string.d.ts [Correcto]
string16bits.d.ts [Correcto]
stringMatching.d.ts [Correcto]
stringOf.d.ts [Correcto]
subarray.d.ts [Correcto]
tuple.d.ts [Correcto]
uint16Array.d.ts [Correcto]
uint32Array.d.ts [Correcto]
uint8Array.d.ts [Correcto]
uint8ClampedArray.d.ts [Correcto]
ulid.d.ts [Correcto]
unicode.d.ts [Correcto]
unicodeJson.d.ts [Correcto]
unicodeJsonValue.d.ts [Correcto]
unicodeString.d.ts [Correcto]
uniqueArray.d.ts [Correcto]
uuid.d.ts [Correcto]
uuidV.d.ts [Correcto]
webAuthority.d.ts [Correcto]
webFragments.d.ts [Correcto]
webPath.d.ts [Correcto]
webQueryParameters.d.ts [Correcto]
webSegment.d.ts [Correcto]
webUrl.d.ts [Correcto]
_internals [Correcto]
_shared [Correcto]

 Descomprimiendo archivos en C:\controlab-h\backend\node_modules\fast-check\lib\types\arbitrary\_internals\

AdapterArbitrary.d.ts [Correcto]
AlwaysShrinkableArbitrary.d.ts [Correcto]
ArrayArbitrary.d.ts [Correcto]
ArrayInt64Arbitrary.d.ts [Correcto]
BigIntArbitrary.d.ts [Correcto]
builders [Correcto]
CloneArbitrary.d.ts [Correcto]
CommandsArbitrary.d.ts [Correcto]
ConstantArbitrary.d.ts [Correcto]
data [Correcto]
FrequencyArbitrary.d.ts [Correcto]
GeneratorArbitrary.d.ts [Correcto]
helpers [Correcto]
implementations [Correcto]
IntegerArbitrary.d.ts [Correcto]
interfaces [Correcto]
LazyArbitrary.d.ts [Correcto]
LimitedShrinkArbitrary.d.ts [Correcto]
mappers [Correcto]
MixedCaseArbitrary.d.ts [Correcto]
SchedulerArbitrary.d.ts [Correcto]
StreamArbitrary.d.ts [Correcto]
StringUnitArbitrary.d.ts [Correcto]
SubarrayArbitrary.d.ts [Correcto]
TupleArbitrary.d.ts [Correcto]
WithShrinkFromOtherArbitrary.d.ts [Correcto]

 Descomprimiendo archivos en C:\controlab-h\backend\node_modules\fast-check\lib\types\arbitrary\_internals\builders\

AnyArbitraryBuilder.d.ts [Correcto]
BoxedArbitraryBuilder.d.ts [Correcto]
CharacterArbitraryBuilder.d.ts [Correcto]
CharacterRangeArbitraryBuilder.d.ts [Correcto]
CompareFunctionArbitraryBuilder.d.ts [Correcto]
GeneratorValueBuilder.d.ts [Correcto]
PaddedNumberArbitraryBuilder.d.ts [Correcto]
PartialRecordArbitraryBuilder.d.ts [Correcto]
RestrictedIntegerArbitraryBuilder.d.ts [Correcto]
StableArbitraryGeneratorCache.d.ts [Correcto]
StringifiedNatArbitraryBuilder.d.ts [Correcto]
TypedIntArrayArbitraryBuilder.d.ts [Correcto]
UriPathArbitraryBuilder.d.ts [Correcto]
UriQueryOrFragmentArbitraryBuilder.d.ts [Correcto]

 Descomprimiendo archivos en C:\controlab-h\backend\node_modules\fast-check\lib\types\arbitrary\_internals\data\

GraphemeRanges.d.ts [Correcto]

 Descomprimiendo archivos en C:\controlab-h\backend\node_modules\fast-check\lib\types\arbitrary\_internals\helpers\

ArrayInt64.d.ts [Correcto]
BiasNumericRange.d.ts [Correcto]
BuildSchedulerFor.d.ts [Correcto]
BuildSlicedGenerator.d.ts [Correcto]
CustomEqualSet.d.ts [Correcto]
DepthContext.d.ts [Correcto]
DoubleHelpers.d.ts [Correcto]
DoubleOnlyHelpers.d.ts [Correcto]
EnumerableKeysExtractor.d.ts [Correcto]
FloatHelpers.d.ts [Correcto]
FloatingOnlyHelpers.d.ts [Correcto]
FloatOnlyHelpers.d.ts [Correcto]
GraphemeRangesHelpers.d.ts [Correcto]
InvalidSubdomainLabelFiIter.d.ts [Correcto]
IsSubarrayOf.d.ts [Correcto]
JsonConstraintsBuilder.d.ts [Correcto]
MaxLengthFromMinLength.d.ts [Correcto]
NoUndefinedAsContext.d.ts [Correcto]
QualifiedObjectConstraints.d.ts [Correcto]
ReadRegex.d.ts [Correcto]
SameValueSet.d.ts [Correcto]
SameValueZeroSet.d.ts [Correcto]
SanitizeRegexAst.d.ts [Correcto]
ShrinkBigInt.d.ts [Correcto]
ShrinkInteger.d.ts [Correcto]
SlicesForStringBuilder.d.ts [Correcto]
StrictlyEqualSet.d.ts [Correcto]
TextEscaper.d.ts [Correcto]
ToggleFlags.d.ts [Correcto]
TokenizeRegex.d.ts [Correcto]
TokenizeString.d.ts [Correcto]
ZipIterableIterators.d.ts [Correcto]

 Descomprimiendo archivos en C:\controlab-h\backend\node_modules\fast-check\lib\types\arbitrary\_internals\implementations\

NoopSlicedGenerator.d.ts [Correcto]
SchedulerImplem.d.ts [Correcto]
SlicedBasedGenerator.d.ts [Correcto]

 Descomprimiendo archivos en C:\controlab-h\backend\node_modules\fast-check\lib\types\arbitrary\_internals\interfaces\

CustomSet.d.ts [Correcto]
Scheduler.d.ts [Correcto]
SlicedGenerator.d.ts [Correcto]

 Descomprimiendo archivos en C:\controlab-h\backend\node_modules\fast-check\lib\types\arbitrary\_internals\mappers\

ArrayToMap.d.ts [Correcto]
ArrayToSet.d.ts [Correcto]
CharsToString.d.ts [Correcto]
CodePointsToString.d.ts [Correcto]
EntitiesToIPv6.d.ts [Correcto]
IndexToCharString.d.ts [Correcto]
IndexToMappedConstant.d.ts [Correcto]
IndexToPrintableIndex.d.ts [Correcto]
KeyValuePairsToObject.d.ts [Correcto]
NatToStringifiedNat.d.ts [Correcto]
NumberToPaddedEight.d.ts [Correcto]
PaddedEightsToUuid.d.ts [Correcto]
PartsToUrl.d.ts [Correcto]
PatternsToString.d.ts [Correcto]
SegmentsToPath.d.ts [Correcto]
StringToBase64.d.ts [Correcto]
TimeToDate.d.ts [Correcto]
UintToBase32String.d.ts [Correcto]
UnboxedToBoxed.d.ts [Correcto]
ValuesAndSeparateKeysToObject.d.ts [Correcto]
VersionsApplierForUuid.d.ts [Correcto]
WordsToLorem.d.ts [Correcto]

 Descomprimiendo archivos en C:\controlab-h\backend\node_modules\fast-check\lib\types\arbitrary\_shared\

StringSharedConstraints.d.ts [Correcto]

 Descomprimiendo archivos en C:\controlab-h\backend\node_modules\fast-check\lib\types\check\

arbitrary [Correcto]
model [Correcto]
precondition [Correcto]
property [Correcto]
runner [Correcto]
symbols.d.ts [Correcto]

 Descomprimiendo archivos en C:\controlab-h\backend\node_modules\fast-check\lib\types\check\arbitrary\

definition [Correcto]

 Descomprimiendo archivos en C:\controlab-h\backend\node_modules\fast-check\lib\types\check\arbitrary\definition\

Arbitrary.d.ts [Correcto]
Value.d.ts [Correcto]

 Descomprimiendo archivos en C:\controlab-h\backend\node_modules\fast-check\lib\types\check\model\

command [Correcto]
commands [Correcto]
ModelRunner.d.ts [Correcto]
ReplayPath.d.ts [Correcto]

 Descomprimiendo archivos en C:\controlab-h\backend\node_modules\fast-check\lib\types\check\model\command\

AsyncCommand.d.ts [Correcto]
Command.d.ts [Correcto]
ICommand.d.ts [Correcto]

 Descomprimiendo archivos en C:\controlab-h\backend\node_modules\fast-check\lib\types\check\model\commands\

CommandsContraints.d.ts [Correcto]
CommandsIterable.d.ts [Correcto]
CommandWrapper.d.ts [Correcto]
ScheduledCommand.d.ts [Correcto]

 Descomprimiendo archivos en C:\controlab-h\backend\node_modules\fast-check\lib\types\check\precondition\

Pre.d.ts [Correcto]
PreconditionFailure.d.ts [Correcto]

 Descomprimiendo archivos en C:\controlab-h\backend\node_modules\fast-check\lib\types\check\property\

AsyncProperty.d.ts [Correcto]
AsyncProperty.generic.d.ts [Correcto]
IgnoreEqualValuesProperty.d.ts [Correcto]
IRawProperty.d.ts [Correcto]
Property.d.ts [Correcto]
Property.generic.d.ts [Correcto]
SkipAfterProperty.d.ts [Correcto]
TimeoutProperty.d.ts [Correcto]
UnbiasedProperty.d.ts [Correcto]

 Descomprimiendo archivos en C:\controlab-h\backend\node_modules\fast-check\lib\types\check\runner\

configuration [Correcto]
DecorateProperty.d.ts [Correcto]
reporter [Correcto]
Runner.d.ts [Correcto]
RunnerIterator.d.ts [Correcto]
Sampler.d.ts [Correcto]
SourceValuesIterator.d.ts [Correcto]
Tosser.d.ts [Correcto]
utils [Correcto]

 Descomprimiendo archivos en C:\controlab-h\backend\node_modules\fast-check\lib\types\check\runner\configuration\

GlobalParameters.d.ts [Correcto]
Parameters.d.ts [Correcto]
QualifiedParameters.d.ts [Correcto]
RandomType.d.ts [Correcto]
VerbosityLevel.d.ts [Correcto]

 Descomprimiendo archivos en C:\controlab-h\backend\node_modules\fast-check\lib\types\check\runner\reporter\

ExecutionStatus.d.ts [Correcto]
ExecutionTree.d.ts [Correcto]
RunDetails.d.ts [Correcto]
RunExecution.d.ts [Correcto]

 Descomprimiendo archivos en C:\controlab-h\backend\node_modules\fast-check\lib\types\check\runner\utils\

PathWalker.d.ts [Correcto]
RunDetailsFormatter.d.ts [Correcto]

 Descomprimiendo archivos en C:\controlab-h\backend\node_modules\fast-check\lib\types\random\

generator [Correcto]

 Descomprimiendo archivos en C:\controlab-h\backend\node_modules\fast-check\lib\types\random\generator\

Random.d.ts [Correcto]

 Descomprimiendo archivos en C:\controlab-h\backend\node_modules\fast-check\lib\types\stream\

LazyIterableIterator.d.ts [Correcto]
Stream.d.ts [Correcto]
StreamHelpers.d.ts [Correcto]

 Descomprimiendo archivos en C:\controlab-h\backend\node_modules\fast-check\lib\types\utils\

apply.d.ts [Correcto]
globals.d.ts [Correcto]
hash.d.ts [Correcto]
stringify.d.ts [Correcto]

 Descomprimiendo archivos en C:\controlab-h\backend\node_modules\fast-check\lib\utils\

apply.js [Correcto]
globals.js [Correcto]
hash.js [Correcto]
stringify.js [Correcto]

 Descomprimiendo archivos en C:\controlab-h\backend\node_modules\fast-deep-equal\

es6 [Correcto]
index.d.ts [Correcto]
index.js [Correcto]
LICENSE [Correcto]
package.json [Correcto]
react.d.ts [Correcto]
react.js [Correcto]
README.md [Correcto]

 Descomprimiendo archivos en C:\controlab-h\backend\node_modules\fast-deep-equal\es6\

index.d.ts [Correcto]
index.js [Correcto]
react.d.ts [Correcto]
react.js [Correcto]

 Descomprimiendo archivos en C:\controlab-h\backend\node_modules\fast-uri\

.gitattributes [Correcto]
.github [Correcto]
benchmark [Correcto]
eslint.config.js [Correcto]
index.js [Correcto]
lib [Correcto]
LICENSE [Correcto]
package.json [Correcto]
README.md [Correcto]
test [Correcto]
tsconfig.json [Correcto]
types [Correcto]

 Descomprimiendo archivos en C:\controlab-h\backend\node_modules\fast-uri\.github\

dependabot.yml [Correcto]
workflows [Correcto]

 Descomprimiendo archivos en C:\controlab-h\backend\node_modules\fast-uri\.github\workflows\

ci.yml [Correcto]
lock-threads.yml [Correcto]
package-manager-ci.yml [Correcto]

 Descomprimiendo archivos en C:\controlab-h\backend\node_modules\fast-uri\benchmark\

benchmark.mjs [Correcto]
equal.mjs [Correcto]
non-simple-domain.mjs [Correcto]
package.json [Correcto]
string-array-to-hex-stripped.mjs [Correcto]
ws-is-secure.mjs [Correcto]

 Descomprimiendo archivos en C:\controlab-h\backend\node_modules\fast-uri\lib\

schemes.js [Correcto]
utils.js [Correcto]

 Descomprimiendo archivos en C:\controlab-h\backend\node_modules\fast-uri\test\

ajv.test.js [Correcto]
equal.test.js [Correcto]
fixtures [Correcto]
parse.test.js [Correcto]
resolve.test.js [Correcto]
rfc-3986.test.js [Correcto]
security-normalization.test.js [Correcto]
security.test.js [Correcto]
serialize.test.js [Correcto]
uri-js-compatibility.test.js [Correcto]
uri-js.test.js [Correcto]
util.test.js [Correcto]

 Descomprimiendo archivos en C:\controlab-h\backend\node_modules\fast-uri\test\fixtures\

uri-js-parse.json [Correcto]
uri-js-serialize.json [Correcto]

 Descomprimiendo archivos en C:\controlab-h\backend\node_modules\fast-uri\types\

index.d.ts [Correcto]
index.test-d.ts [Correcto]

 Descomprimiendo archivos en C:\controlab-h\backend\node_modules\fill-range\

index.js [Correcto]
LICENSE [Correcto]
package.json [Correcto]
README.md [Correcto]

 Descomprimiendo archivos en C:\controlab-h\backend\node_modules\finalhandler\

HISTORY.md [Correcto]
index.js [Correcto]
LICENSE [Correcto]
package.json [Correcto]
README.md [Correcto]

 Descomprimiendo archivos en C:\controlab-h\backend\node_modules\foreground-child\

dist [Correcto]
LICENSE [Correcto]
package.json [Correcto]
README.md [Correcto]

 Descomprimiendo archivos en C:\controlab-h\backend\node_modules\foreground-child\dist\

commonjs [Correcto]
esm [Correcto]

 Descomprimiendo archivos en C:\controlab-h\backend\node_modules\foreground-child\dist\commonjs\

all-signals.d.ts [Correcto]
all-signals.d.ts.map [Correcto]
all-signals.js [Correcto]
all-signals.js.map [Correcto]
index.d.ts [Correcto]
index.d.ts.map [Correcto]
index.js [Correcto]
index.js.map [Correcto]
package.json [Correcto]
proxy-signals.d.ts [Correcto]
proxy-signals.d.ts.map [Correcto]
proxy-signals.js [Correcto]
proxy-signals.js.map [Correcto]
watchdog.d.ts [Correcto]
watchdog.d.ts.map [Correcto]
watchdog.js [Correcto]
watchdog.js.map [Correcto]

 Descomprimiendo archivos en C:\controlab-h\backend\node_modules\foreground-child\dist\esm\

all-signals.d.ts [Correcto]
all-signals.d.ts.map [Correcto]
all-signals.js [Correcto]
all-signals.js.map [Correcto]
index.d.ts [Correcto]
index.d.ts.map [Correcto]
index.js [Correcto]
index.js.map [Correcto]
package.json [Correcto]
proxy-signals.d.ts [Correcto]
proxy-signals.d.ts.map [Correcto]
proxy-signals.js [Correcto]
proxy-signals.js.map [Correcto]
watchdog.d.ts [Correcto]
watchdog.d.ts.map [Correcto]
watchdog.js [Correcto]
watchdog.js.map [Correcto]

 Descomprimiendo archivos en C:\controlab-h\backend\node_modules\forwarded\

HISTORY.md [Correcto]
index.js [Correcto]
LICENSE [Correcto]
package.json [Correcto]
README.md [Correcto]

 Descomprimiendo archivos en C:\controlab-h\backend\node_modules\fresh\

HISTORY.md [Correcto]
index.js [Correcto]
LICENSE [Correcto]
package.json [Correcto]
README.md [Correcto]

 Descomprimiendo archivos en C:\controlab-h\backend\node_modules\function-bind\

.eslintrc [Correcto]
.github [Correcto]
.nycrc [Correcto]
CHANGELOG.md [Correcto]
implementation.js [Correcto]
index.js [Correcto]
LICENSE [Correcto]
package.json [Correcto]
README.md [Correcto]
test [Correcto]

 Descomprimiendo archivos en C:\controlab-h\backend\node_modules\function-bind\.github\

FUNDING.yml [Correcto]
SECURITY.md [Correcto]

 Descomprimiendo archivos en C:\controlab-h\backend\node_modules\function-bind\test\

.eslintrc [Correcto]
index.js [Correcto]

 Descomprimiendo archivos en C:\controlab-h\backend\node_modules\generate-function\

.travis.yml [Correcto]
example.js [Correcto]
index.js [Correcto]
LICENSE [Correcto]
package.json [Correcto]
README.md [Correcto]
test.js [Correcto]

 Descomprimiendo archivos en C:\controlab-h\backend\node_modules\get-intrinsic\

.eslintrc [Correcto]
.github [Correcto]
.nycrc [Correcto]
CHANGELOG.md [Correcto]
index.js [Correcto]
LICENSE [Correcto]
package.json [Correcto]
README.md [Correcto]
test [Correcto]

 Descomprimiendo archivos en C:\controlab-h\backend\node_modules\get-intrinsic\.github\

FUNDING.yml [Correcto]

 Descomprimiendo archivos en C:\controlab-h\backend\node_modules\get-intrinsic\test\

GetIntrinsic.js [Correcto]

 Descomprimiendo archivos en C:\controlab-h\backend\node_modules\get-port-please\

dist [Correcto]
LICENSE [Correcto]
package.json [Correcto]
README.md [Correcto]

 Descomprimiendo archivos en C:\controlab-h\backend\node_modules\get-port-please\dist\

index.cjs [Correcto]
index.d.cts [Correcto]
index.d.mts [Correcto]
index.d.ts [Correcto]
index.mjs [Correcto]

 Descomprimiendo archivos en C:\controlab-h\backend\node_modules\get-proto\

.eslintrc [Correcto]
.github [Correcto]
.nycrc [Correcto]
CHANGELOG.md [Correcto]
index.d.ts [Correcto]
index.js [Correcto]
LICENSE [Correcto]
Object.getPrototypeOf.d.ts [Correcto]
Object.getPrototypeOf.js [Correcto]
package.json [Correcto]
README.md [Correcto]
Reflect.getPrototypeOf.d.ts [Correcto]
Reflect.getPrototypeOf.js [Correcto]
test [Correcto]
tsconfig.json [Correcto]

 Descomprimiendo archivos en C:\controlab-h\backend\node_modules\get-proto\.github\

FUNDING.yml [Correcto]

 Descomprimiendo archivos en C:\controlab-h\backend\node_modules\get-proto\test\

index.js [Correcto]

 Descomprimiendo archivos en C:\controlab-h\backend\node_modules\giget\

dist [Correcto]
LICENSE [Correcto]
package.json [Correcto]
README.md [Correcto]

 Descomprimiendo archivos en C:\controlab-h\backend\node_modules\giget\dist\

cli.d.mts [Correcto]
cli.mjs [Correcto]
index.d.mts [Correcto]
index.mjs [Correcto]
THIRD-PARTY-LICENSES.md [Correcto]
_chunks [Correcto]

 Descomprimiendo archivos en C:\controlab-h\backend\node_modules\giget\dist\_chunks\

giget.mjs [Correcto]
libs [Correcto]
rolldown-runtime.mjs [Correcto]

 Descomprimiendo archivos en C:\controlab-h\backend\node_modules\giget\dist\_chunks\libs\

citty.mjs [Correcto]
nypm.d.mts [Correcto]
nypm.mjs [Correcto]
tar.mjs [Correcto]

 Descomprimiendo archivos en C:\controlab-h\backend\node_modules\glob-parent\

CHANGELOG.md [Correcto]
index.js [Correcto]
LICENSE [Correcto]
package.json [Correcto]
README.md [Correcto]

 Descomprimiendo archivos en C:\controlab-h\backend\node_modules\gopd\

.eslintrc [Correcto]
.github [Correcto]
CHANGELOG.md [Correcto]
gOPD.d.ts [Correcto]
gOPD.js [Correcto]
index.d.ts [Correcto]
index.js [Correcto]
LICENSE [Correcto]
package.json [Correcto]
README.md [Correcto]
test [Correcto]
tsconfig.json [Correcto]

 Descomprimiendo archivos en C:\controlab-h\backend\node_modules\gopd\.github\

FUNDING.yml [Correcto]

 Descomprimiendo archivos en C:\controlab-h\backend\node_modules\gopd\test\

index.js [Correcto]

 Descomprimiendo archivos en C:\controlab-h\backend\node_modules\graceful-fs\

clone.js [Correcto]
graceful-fs.js [Correcto]
legacy-streams.js [Correcto]
LICENSE [Correcto]
package.json [Correcto]
polyfills.js [Correcto]
README.md [Correcto]

 Descomprimiendo archivos en C:\controlab-h\backend\node_modules\grammex\

dist [Correcto]
license [Correcto]
package.json [Correcto]
readme.md [Correcto]

 Descomprimiendo archivos en C:\controlab-h\backend\node_modules\grammex\dist\

index.d.ts [Correcto]
index.js [Correcto]
types.d.ts [Correcto]
types.js [Correcto]
utils.d.ts [Correcto]
utils.js [Correcto]

 Descomprimiendo archivos en C:\controlab-h\backend\node_modules\graphmatch\

dist [Correcto]
license [Correcto]
package.json [Correcto]
readme.md [Correcto]

 Descomprimiendo archivos en C:\controlab-h\backend\node_modules\graphmatch\dist\

index.d.ts [Correcto]
index.js [Correcto]
types.d.ts [Correcto]
types.js [Correcto]
utils.d.ts [Correcto]
utils.js [Correcto]

 Descomprimiendo archivos en C:\controlab-h\backend\node_modules\has-flag\

index.js [Correcto]
license [Correcto]
package.json [Correcto]
readme.md [Correcto]

 Descomprimiendo archivos en C:\controlab-h\backend\node_modules\has-symbols\

.eslintrc [Correcto]
.github [Correcto]
.nycrc [Correcto]
CHANGELOG.md [Correcto]
index.d.ts [Correcto]
index.js [Correcto]
LICENSE [Correcto]
package.json [Correcto]
README.md [Correcto]
shams.d.ts [Correcto]
shams.js [Correcto]
test [Correcto]
tsconfig.json [Correcto]

 Descomprimiendo archivos en C:\controlab-h\backend\node_modules\has-symbols\.github\

FUNDING.yml [Correcto]

 Descomprimiendo archivos en C:\controlab-h\backend\node_modules\has-symbols\test\

index.js [Correcto]
shams [Correcto]
tests.js [Correcto]

 Descomprimiendo archivos en C:\controlab-h\backend\node_modules\has-symbols\test\shams\

core-js.js [Correcto]
get-own-property-symbols.js [Correcto]

 Descomprimiendo archivos en C:\controlab-h\backend\node_modules\hasown\

.github [Correcto]
.nycrc [Correcto]
CHANGELOG.md [Correcto]
eslint.config.mjs [Correcto]
index.d.ts [Correcto]
index.js [Correcto]
LICENSE [Correcto]
package.json [Correcto]
README.md [Correcto]
tsconfig.json [Correcto]

 Descomprimiendo archivos en C:\controlab-h\backend\node_modules\hasown\.github\

FUNDING.yml [Correcto]

 Descomprimiendo archivos en C:\controlab-h\backend\node_modules\helmet\

CHANGELOG.md [Correcto]
index.cjs [Correcto]
index.d.cts [Correcto]
index.d.mts [Correcto]
index.mjs [Correcto]
LICENSE [Correcto]
package.json [Correcto]
README.md [Correcto]
SECURITY.md [Correcto]

 Descomprimiendo archivos en C:\controlab-h\backend\node_modules\hono\

dist [Correcto]
LICENSE [Correcto]
package.json [Correcto]
README.md [Correcto]

 Descomprimiendo archivos en C:\controlab-h\backend\node_modules\hono\dist\

adapter [Correcto]
cjs [Correcto]
client [Correcto]
compose.js [Correcto]
context.js [Correcto]
helper [Correcto]
hono-base.js [Correcto]
hono.js [Correcto]
http-exception.js [Correcto]
index.js [Correcto]
jsx [Correcto]
middleware [Correcto]
preset [Correcto]
request [Correcto]
request.js [Correcto]
router [Correcto]
router.js [Correcto]
tsconfig.build.tsbuildinfo [Correcto]
types [Correcto]
types.js [Correcto]
utils [Correcto]
validator [Correcto]

 Descomprimiendo archivos en C:\controlab-h\backend\node_modules\hono\dist\adapter\

aws-lambda [Correcto]
bun [Correcto]
cloudflare-pages [Correcto]
cloudflare-workers [Correcto]
deno [Correcto]
lambda-edge [Correcto]
netlify [Correcto]
service-worker [Correcto]
vercel [Correcto]

 Descomprimiendo archivos en C:\controlab-h\backend\node_modules\hono\dist\adapter\aws-lambda\

conninfo.js [Correcto]
handler.js [Correcto]
index.js [Correcto]
types.js [Correcto]

 Descomprimiendo archivos en C:\controlab-h\backend\node_modules\hono\dist\adapter\bun\

conninfo.js [Correcto]
index.js [Correcto]
serve-static.js [Correcto]
server.js [Correcto]
ssg.js [Correcto]
websocket.js [Correcto]

 Descomprimiendo archivos en C:\controlab-h\backend\node_modules\hono\dist\adapter\cloudflare-pages\

conninfo.js [Correcto]
handler.js [Correcto]
index.js [Correcto]

 Descomprimiendo archivos en C:\controlab-h\backend\node_modules\hono\dist\adapter\cloudflare-workers\

conninfo.js [Correcto]
index.js [Correcto]
serve-static-module.js [Correcto]
serve-static.js [Correcto]
utils.js [Correcto]
websocket.js [Correcto]

 Descomprimiendo archivos en C:\controlab-h\backend\node_modules\hono\dist\adapter\deno\

conninfo.js [Correcto]
deno.d.js [Correcto]
index.js [Correcto]
serve-static.js [Correcto]
ssg.js [Correcto]
websocket.js [Correcto]

 Descomprimiendo archivos en C:\controlab-h\backend\node_modules\hono\dist\adapter\lambda-edge\

conninfo.js [Correcto]
handler.js [Correcto]
index.js [Correcto]

 Descomprimiendo archivos en C:\controlab-h\backend\node_modules\hono\dist\adapter\netlify\

conninfo.js [Correcto]
handler.js [Correcto]
index.js [Correcto]
mod.js [Correcto]

 Descomprimiendo archivos en C:\controlab-h\backend\node_modules\hono\dist\adapter\service-worker\

handler.js [Correcto]
index.js [Correcto]
types.js [Correcto]

 Descomprimiendo archivos en C:\controlab-h\backend\node_modules\hono\dist\adapter\vercel\

conninfo.js [Correcto]
handler.js [Correcto]
index.js [Correcto]

 Descomprimiendo archivos en C:\controlab-h\backend\node_modules\hono\dist\cjs\

adapter [Correcto]
client [Correcto]
compose.js [Correcto]
context.js [Correcto]
helper [Correcto]
hono-base.js [Correcto]
hono.js [Correcto]
http-exception.js [Correcto]
index.js [Correcto]
jsx [Correcto]
middleware [Correcto]
package.json [Correcto]
preset [Correcto]
request [Correcto]
request.js [Correcto]
router [Correcto]
router.js [Correcto]
types.js [Correcto]
utils [Correcto]
validator [Correcto]

 Descomprimiendo archivos en C:\controlab-h\backend\node_modules\hono\dist\cjs\adapter\

aws-lambda [Correcto]
bun [Correcto]
cloudflare-pages [Correcto]
cloudflare-workers [Correcto]
deno [Correcto]
lambda-edge [Correcto]
netlify [Correcto]
service-worker [Correcto]
vercel [Correcto]

 Descomprimiendo archivos en C:\controlab-h\backend\node_modules\hono\dist\cjs\adapter\aws-lambda\

conninfo.js [Correcto]
handler.js [Correcto]
index.js [Correcto]
types.js [Correcto]

 Descomprimiendo archivos en C:\controlab-h\backend\node_modules\hono\dist\cjs\adapter\bun\

conninfo.js [Correcto]
index.js [Correcto]
serve-static.js [Correcto]
server.js [Correcto]
ssg.js [Correcto]
websocket.js [Correcto]

 Descomprimiendo archivos en C:\controlab-h\backend\node_modules\hono\dist\cjs\adapter\cloudflare-pages\

conninfo.js [Correcto]
handler.js [Correcto]
index.js [Correcto]

 Descomprimiendo archivos en C:\controlab-h\backend\node_modules\hono\dist\cjs\adapter\cloudflare-workers\

conninfo.js [Correcto]
index.js [Correcto]
serve-static-module.js [Correcto]
serve-static.js [Correcto]
utils.js [Correcto]
websocket.js [Correcto]

 Descomprimiendo archivos en C:\controlab-h\backend\node_modules\hono\dist\cjs\adapter\deno\

conninfo.js [Correcto]
deno.d.js [Correcto]
index.js [Correcto]
serve-static.js [Correcto]
ssg.js [Correcto]
websocket.js [Correcto]

 Descomprimiendo archivos en C:\controlab-h\backend\node_modules\hono\dist\cjs\adapter\lambda-edge\

conninfo.js [Correcto]
handler.js [Correcto]
index.js [Correcto]

 Descomprimiendo archivos en C:\controlab-h\backend\node_modules\hono\dist\cjs\adapter\netlify\

conninfo.js [Correcto]
handler.js [Correcto]
index.js [Correcto]
mod.js [Correcto]

 Descomprimiendo archivos en C:\controlab-h\backend\node_modules\hono\dist\cjs\adapter\service-worker\

handler.js [Correcto]
index.js [Correcto]
types.js [Correcto]

 Descomprimiendo archivos en C:\controlab-h\backend\node_modules\hono\dist\cjs\adapter\vercel\

conninfo.js [Correcto]
handler.js [Correcto]
index.js [Correcto]

 Descomprimiendo archivos en C:\controlab-h\backend\node_modules\hono\dist\cjs\client\

client.js [Correcto]
fetch-result-please.js [Correcto]
index.js [Correcto]
types.js [Correcto]
utils.js [Correcto]

 Descomprimiendo archivos en C:\controlab-h\backend\node_modules\hono\dist\cjs\helper\

accepts [Correcto]
adapter [Correcto]
conninfo [Correcto]
cookie [Correcto]
css [Correcto]
dev [Correcto]
factory [Correcto]
html [Correcto]
proxy [Correcto]
route [Correcto]
ssg [Correcto]
streaming [Correcto]
testing [Correcto]
websocket [Correcto]

 Descomprimiendo archivos en C:\controlab-h\backend\node_modules\hono\dist\cjs\helper\accepts\

accepts.js [Correcto]
index.js [Correcto]

 Descomprimiendo archivos en C:\controlab-h\backend\node_modules\hono\dist\cjs\helper\adapter\

index.js [Correcto]

 Descomprimiendo archivos en C:\controlab-h\backend\node_modules\hono\dist\cjs\helper\conninfo\

index.js [Correcto]
types.js [Correcto]

 Descomprimiendo archivos en C:\controlab-h\backend\node_modules\hono\dist\cjs\helper\cookie\

index.js [Correcto]

 Descomprimiendo archivos en C:\controlab-h\backend\node_modules\hono\dist\cjs\helper\css\

common.js [Correcto]
index.js [Correcto]

 Descomprimiendo archivos en C:\controlab-h\backend\node_modules\hono\dist\cjs\helper\dev\

index.js [Correcto]

 Descomprimiendo archivos en C:\controlab-h\backend\node_modules\hono\dist\cjs\helper\factory\

index.js [Correcto]

 Descomprimiendo archivos en C:\controlab-h\backend\node_modules\hono\dist\cjs\helper\html\

index.js [Correcto]

 Descomprimiendo archivos en C:\controlab-h\backend\node_modules\hono\dist\cjs\helper\proxy\

index.js [Correcto]

 Descomprimiendo archivos en C:\controlab-h\backend\node_modules\hono\dist\cjs\helper\route\

index.js [Correcto]

 Descomprimiendo archivos en C:\controlab-h\backend\node_modules\hono\dist\cjs\helper\ssg\

index.js [Correcto]
middleware.js [Correcto]
plugins.js [Correcto]
ssg.js [Correcto]
utils.js [Correcto]

 Descomprimiendo archivos en C:\controlab-h\backend\node_modules\hono\dist\cjs\helper\streaming\

index.js [Correcto]
sse.js [Correcto]
stream.js [Correcto]
text.js [Correcto]
utils.js [Correcto]

 Descomprimiendo archivos en C:\controlab-h\backend\node_modules\hono\dist\cjs\helper\testing\

index.js [Correcto]

 Descomprimiendo archivos en C:\controlab-h\backend\node_modules\hono\dist\cjs\helper\websocket\

index.js [Correcto]

 Descomprimiendo archivos en C:\controlab-h\backend\node_modules\hono\dist\cjs\jsx\

base.js [Correcto]
children.js [Correcto]
components.js [Correcto]
constants.js [Correcto]
context.js [Correcto]
dom [Correcto]
hooks [Correcto]
index.js [Correcto]
intrinsic-element [Correcto]
intrinsic-elements.js [Correcto]
jsx-dev-runtime.js [Correcto]
jsx-runtime.js [Correcto]
streaming.js [Correcto]
types.js [Correcto]
utils.js [Correcto]

 Descomprimiendo archivos en C:\controlab-h\backend\node_modules\hono\dist\cjs\jsx\dom\

client.js [Correcto]
components.js [Correcto]
context.js [Correcto]
css.js [Correcto]
hooks [Correcto]
index.js [Correcto]
intrinsic-element [Correcto]
jsx-dev-runtime.js [Correcto]
jsx-runtime.js [Correcto]
render.js [Correcto]
server.js [Correcto]
utils.js [Correcto]

 Descomprimiendo archivos en C:\controlab-h\backend\node_modules\hono\dist\cjs\jsx\dom\hooks\

index.js [Correcto]

 Descomprimiendo archivos en C:\controlab-h\backend\node_modules\hono\dist\cjs\jsx\dom\intrinsic-element\

components.js [Correcto]

 Descomprimiendo archivos en C:\controlab-h\backend\node_modules\hono\dist\cjs\jsx\hooks\

index.js [Correcto]

 Descomprimiendo archivos en C:\controlab-h\backend\node_modules\hono\dist\cjs\jsx\intrinsic-element\

common.js [Correcto]
components.js [Correcto]

 Descomprimiendo archivos en C:\controlab-h\backend\node_modules\hono\dist\cjs\middleware\

basic-auth [Correcto]
bearer-auth [Correcto]
body-limit [Correcto]
cache [Correcto]
combine [Correcto]
compress [Correcto]
context-storage [Correcto]
cors [Correcto]
csrf [Correcto]
etag [Correcto]
ip-restriction [Correcto]
jsx-renderer [Correcto]
jwk [Correcto]
jwt [Correcto]
language [Correcto]
logger [Correcto]
method-override [Correcto]
powered-by [Correcto]
pretty-json [Correcto]
request-id [Correcto]
secure-headers [Correcto]
serve-static [Correcto]
timeout [Correcto]
timing [Correcto]
trailing-slash [Correcto]

 Descomprimiendo archivos en C:\controlab-h\backend\node_modules\hono\dist\cjs\middleware\basic-auth\

index.js [Correcto]

 Descomprimiendo archivos en C:\controlab-h\backend\node_modules\hono\dist\cjs\middleware\bearer-auth\

index.js [Correcto]

 Descomprimiendo archivos en C:\controlab-h\backend\node_modules\hono\dist\cjs\middleware\body-limit\

index.js [Correcto]

 Descomprimiendo archivos en C:\controlab-h\backend\node_modules\hono\dist\cjs\middleware\cache\

index.js [Correcto]

 Descomprimiendo archivos en C:\controlab-h\backend\node_modules\hono\dist\cjs\middleware\combine\

index.js [Correcto]

 Descomprimiendo archivos en C:\controlab-h\backend\node_modules\hono\dist\cjs\middleware\compress\

index.js [Correcto]

 Descomprimiendo archivos en C:\controlab-h\backend\node_modules\hono\dist\cjs\middleware\context-storage\

index.js [Correcto]

 Descomprimiendo archivos en C:\controlab-h\backend\node_modules\hono\dist\cjs\middleware\cors\

index.js [Correcto]

 Descomprimiendo archivos en C:\controlab-h\backend\node_modules\hono\dist\cjs\middleware\csrf\

index.js [Correcto]

 Descomprimiendo archivos en C:\controlab-h\backend\node_modules\hono\dist\cjs\middleware\etag\

digest.js [Correcto]
index.js [Correcto]

 Descomprimiendo archivos en C:\controlab-h\backend\node_modules\hono\dist\cjs\middleware\ip-restriction\

index.js [Correcto]

 Descomprimiendo archivos en C:\controlab-h\backend\node_modules\hono\dist\cjs\middleware\jsx-renderer\

index.js [Correcto]

 Descomprimiendo archivos en C:\controlab-h\backend\node_modules\hono\dist\cjs\middleware\jwk\

index.js [Correcto]
jwk.js [Correcto]

 Descomprimiendo archivos en C:\controlab-h\backend\node_modules\hono\dist\cjs\middleware\jwt\

index.js [Correcto]
jwt.js [Correcto]

 Descomprimiendo archivos en C:\controlab-h\backend\node_modules\hono\dist\cjs\middleware\language\

index.js [Correcto]
language.js [Correcto]

 Descomprimiendo archivos en C:\controlab-h\backend\node_modules\hono\dist\cjs\middleware\logger\

index.js [Correcto]

 Descomprimiendo archivos en C:\controlab-h\backend\node_modules\hono\dist\cjs\middleware\method-override\

index.js [Correcto]

 Descomprimiendo archivos en C:\controlab-h\backend\node_modules\hono\dist\cjs\middleware\powered-by\

index.js [Correcto]

 Descomprimiendo archivos en C:\controlab-h\backend\node_modules\hono\dist\cjs\middleware\pretty-json\

index.js [Correcto]

 Descomprimiendo archivos en C:\controlab-h\backend\node_modules\hono\dist\cjs\middleware\request-id\

index.js [Correcto]
request-id.js [Correcto]

 Descomprimiendo archivos en C:\controlab-h\backend\node_modules\hono\dist\cjs\middleware\secure-headers\

index.js [Correcto]
permissions-policy.js [Correcto]
secure-headers.js [Correcto]

 Descomprimiendo archivos en C:\controlab-h\backend\node_modules\hono\dist\cjs\middleware\serve-static\

index.js [Correcto]
path.js [Correcto]

 Descomprimiendo archivos en C:\controlab-h\backend\node_modules\hono\dist\cjs\middleware\timeout\

index.js [Correcto]

 Descomprimiendo archivos en C:\controlab-h\backend\node_modules\hono\dist\cjs\middleware\timing\

index.js [Correcto]
timing.js [Correcto]

 Descomprimiendo archivos en C:\controlab-h\backend\node_modules\hono\dist\cjs\middleware\trailing-slash\

index.js [Correcto]

 Descomprimiendo archivos en C:\controlab-h\backend\node_modules\hono\dist\cjs\preset\

quick.js [Correcto]
tiny.js [Correcto]

 Descomprimiendo archivos en C:\controlab-h\backend\node_modules\hono\dist\cjs\request\

constants.js [Correcto]

 Descomprimiendo archivos en C:\controlab-h\backend\node_modules\hono\dist\cjs\router\

linear-router [Correcto]
pattern-router [Correcto]
reg-exp-router [Correcto]
smart-router [Correcto]
trie-router [Correcto]

 Descomprimiendo archivos en C:\controlab-h\backend\node_modules\hono\dist\cjs\router\linear-router\

index.js [Correcto]
router.js [Correcto]

 Descomprimiendo archivos en C:\controlab-h\backend\node_modules\hono\dist\cjs\router\pattern-router\

index.js [Correcto]
router.js [Correcto]

 Descomprimiendo archivos en C:\controlab-h\backend\node_modules\hono\dist\cjs\router\reg-exp-router\

index.js [Correcto]
matcher.js [Correcto]
node.js [Correcto]
prepared-router.js [Correcto]
router.js [Correcto]
trie.js [Correcto]

 Descomprimiendo archivos en C:\controlab-h\backend\node_modules\hono\dist\cjs\router\smart-router\

index.js [Correcto]
router.js [Correcto]

 Descomprimiendo archivos en C:\controlab-h\backend\node_modules\hono\dist\cjs\router\trie-router\

index.js [Correcto]
node.js [Correcto]
router.js [Correcto]

 Descomprimiendo archivos en C:\controlab-h\backend\node_modules\hono\dist\cjs\utils\

accept.js [Correcto]
basic-auth.js [Correcto]
body.js [Correcto]
buffer.js [Correcto]
color.js [Correcto]
compress.js [Correcto]
concurrent.js [Correcto]
constants.js [Correcto]
cookie.js [Correcto]
crypto.js [Correcto]
encode.js [Correcto]
filepath.js [Correcto]
handler.js [Correcto]
headers.js [Correcto]
html.js [Correcto]
http-status.js [Correcto]
ipaddr.js [Correcto]
jwt [Correcto]
mime.js [Correcto]
stream.js [Correcto]
types.js [Correcto]
url.js [Correcto]

 Descomprimiendo archivos en C:\controlab-h\backend\node_modules\hono\dist\cjs\utils\jwt\

index.js [Correcto]
jwa.js [Correcto]
jws.js [Correcto]
jwt.js [Correcto]
types.js [Correcto]
utf8.js [Correcto]

 Descomprimiendo archivos en C:\controlab-h\backend\node_modules\hono\dist\cjs\validator\

index.js [Correcto]
utils.js [Correcto]
validator.js [Correcto]

 Descomprimiendo archivos en C:\controlab-h\backend\node_modules\hono\dist\client\

client.js [Correcto]
fetch-result-please.js [Correcto]
index.js [Correcto]
types.js [Correcto]
utils.js [Correcto]

 Descomprimiendo archivos en C:\controlab-h\backend\node_modules\hono\dist\helper\

accepts [Correcto]
adapter [Correcto]
conninfo [Correcto]
cookie [Correcto]
css [Correcto]
dev [Correcto]
factory [Correcto]
html [Correcto]
proxy [Correcto]
route [Correcto]
ssg [Correcto]
streaming [Correcto]
testing [Correcto]
websocket [Correcto]

 Descomprimiendo archivos en C:\controlab-h\backend\node_modules\hono\dist\helper\accepts\

accepts.js [Correcto]
index.js [Correcto]

 Descomprimiendo archivos en C:\controlab-h\backend\node_modules\hono\dist\helper\adapter\

index.js [Correcto]

 Descomprimiendo archivos en C:\controlab-h\backend\node_modules\hono\dist\helper\conninfo\

index.js [Correcto]
types.js [Correcto]

 Descomprimiendo archivos en C:\controlab-h\backend\node_modules\hono\dist\helper\cookie\

index.js [Correcto]

 Descomprimiendo archivos en C:\controlab-h\backend\node_modules\hono\dist\helper\css\

common.js [Correcto]
index.js [Correcto]

 Descomprimiendo archivos en C:\controlab-h\backend\node_modules\hono\dist\helper\dev\

index.js [Correcto]

 Descomprimiendo archivos en C:\controlab-h\backend\node_modules\hono\dist\helper\factory\

index.js [Correcto]

 Descomprimiendo archivos en C:\controlab-h\backend\node_modules\hono\dist\helper\html\

index.js [Correcto]

 Descomprimiendo archivos en C:\controlab-h\backend\node_modules\hono\dist\helper\proxy\

index.js [Correcto]

 Descomprimiendo archivos en C:\controlab-h\backend\node_modules\hono\dist\helper\route\

index.js [Correcto]

 Descomprimiendo archivos en C:\controlab-h\backend\node_modules\hono\dist\helper\ssg\

index.js [Correcto]
middleware.js [Correcto]
plugins.js [Correcto]
ssg.js [Correcto]
utils.js [Correcto]

 Descomprimiendo archivos en C:\controlab-h\backend\node_modules\hono\dist\helper\streaming\

index.js [Correcto]
sse.js [Correcto]
stream.js [Correcto]
text.js [Correcto]
utils.js [Correcto]

 Descomprimiendo archivos en C:\controlab-h\backend\node_modules\hono\dist\helper\testing\

index.js [Correcto]

 Descomprimiendo archivos en C:\controlab-h\backend\node_modules\hono\dist\helper\websocket\

index.js [Correcto]

 Descomprimiendo archivos en C:\controlab-h\backend\node_modules\hono\dist\jsx\

base.js [Correcto]
children.js [Correcto]
components.js [Correcto]
constants.js [Correcto]
context.js [Correcto]
dom [Correcto]
hooks [Correcto]
index.js [Correcto]
intrinsic-element [Correcto]
intrinsic-elements.js [Correcto]
jsx-dev-runtime.js [Correcto]
jsx-runtime.js [Correcto]
streaming.js [Correcto]
types.js [Correcto]
utils.js [Correcto]

 Descomprimiendo archivos en C:\controlab-h\backend\node_modules\hono\dist\jsx\dom\

client.js [Correcto]
components.js [Correcto]
context.js [Correcto]
css.js [Correcto]
hooks [Correcto]
index.js [Correcto]
intrinsic-element [Correcto]
jsx-dev-runtime.js [Correcto]
jsx-runtime.js [Correcto]
render.js [Correcto]
server.js [Correcto]
utils.js [Correcto]

 Descomprimiendo archivos en C:\controlab-h\backend\node_modules\hono\dist\jsx\dom\hooks\

index.js [Correcto]

 Descomprimiendo archivos en C:\controlab-h\backend\node_modules\hono\dist\jsx\dom\intrinsic-element\

components.js [Correcto]

 Descomprimiendo archivos en C:\controlab-h\backend\node_modules\hono\dist\jsx\hooks\

index.js [Correcto]

 Descomprimiendo archivos en C:\controlab-h\backend\node_modules\hono\dist\jsx\intrinsic-element\

common.js [Correcto]
components.js [Correcto]

 Descomprimiendo archivos en C:\controlab-h\backend\node_modules\hono\dist\middleware\

basic-auth [Correcto]
bearer-auth [Correcto]
body-limit [Correcto]
cache [Correcto]
combine [Correcto]
compress [Correcto]
context-storage [Correcto]
cors [Correcto]
csrf [Correcto]
etag [Correcto]
ip-restriction [Correcto]
jsx-renderer [Correcto]
jwk [Correcto]
jwt [Correcto]
language [Correcto]
logger [Correcto]
method-override [Correcto]
powered-by [Correcto]
pretty-json [Correcto]
request-id [Correcto]
secure-headers [Correcto]
serve-static [Correcto]
timeout [Correcto]
timing [Correcto]
trailing-slash [Correcto]

 Descomprimiendo archivos en C:\controlab-h\backend\node_modules\hono\dist\middleware\basic-auth\

index.js [Correcto]

 Descomprimiendo archivos en C:\controlab-h\backend\node_modules\hono\dist\middleware\bearer-auth\

index.js [Correcto]

 Descomprimiendo archivos en C:\controlab-h\backend\node_modules\hono\dist\middleware\body-limit\

index.js [Correcto]

 Descomprimiendo archivos en C:\controlab-h\backend\node_modules\hono\dist\middleware\cache\

index.js [Correcto]

 Descomprimiendo archivos en C:\controlab-h\backend\node_modules\hono\dist\middleware\combine\

index.js [Correcto]

 Descomprimiendo archivos en C:\controlab-h\backend\node_modules\hono\dist\middleware\compress\

index.js [Correcto]

 Descomprimiendo archivos en C:\controlab-h\backend\node_modules\hono\dist\middleware\context-storage\

index.js [Correcto]

 Descomprimiendo archivos en C:\controlab-h\backend\node_modules\hono\dist\middleware\cors\

index.js [Correcto]

 Descomprimiendo archivos en C:\controlab-h\backend\node_modules\hono\dist\middleware\csrf\

index.js [Correcto]

 Descomprimiendo archivos en C:\controlab-h\backend\node_modules\hono\dist\middleware\etag\

digest.js [Correcto]
index.js [Correcto]

 Descomprimiendo archivos en C:\controlab-h\backend\node_modules\hono\dist\middleware\ip-restriction\

index.js [Correcto]

 Descomprimiendo archivos en C:\controlab-h\backend\node_modules\hono\dist\middleware\jsx-renderer\

index.js [Correcto]

 Descomprimiendo archivos en C:\controlab-h\backend\node_modules\hono\dist\middleware\jwk\

index.js [Correcto]
jwk.js [Correcto]

 Descomprimiendo archivos en C:\controlab-h\backend\node_modules\hono\dist\middleware\jwt\

index.js [Correcto]
jwt.js [Correcto]

 Descomprimiendo archivos en C:\controlab-h\backend\node_modules\hono\dist\middleware\language\

index.js [Correcto]
language.js [Correcto]

 Descomprimiendo archivos en C:\controlab-h\backend\node_modules\hono\dist\middleware\logger\

index.js [Correcto]

 Descomprimiendo archivos en C:\controlab-h\backend\node_modules\hono\dist\middleware\method-override\

index.js [Correcto]

 Descomprimiendo archivos en C:\controlab-h\backend\node_modules\hono\dist\middleware\powered-by\

index.js [Correcto]

 Descomprimiendo archivos en C:\controlab-h\backend\node_modules\hono\dist\middleware\pretty-json\

index.js [Correcto]

 Descomprimiendo archivos en C:\controlab-h\backend\node_modules\hono\dist\middleware\request-id\

index.js [Correcto]
request-id.js [Correcto]

 Descomprimiendo archivos en C:\controlab-h\backend\node_modules\hono\dist\middleware\secure-headers\

index.js [Correcto]
permissions-policy.js [Correcto]
secure-headers.js [Correcto]

 Descomprimiendo archivos en C:\controlab-h\backend\node_modules\hono\dist\middleware\serve-static\

index.js [Correcto]
path.js [Correcto]

 Descomprimiendo archivos en C:\controlab-h\backend\node_modules\hono\dist\middleware\timeout\

index.js [Correcto]

 Descomprimiendo archivos en C:\controlab-h\backend\node_modules\hono\dist\middleware\timing\

index.js [Correcto]
timing.js [Correcto]

 Descomprimiendo archivos en C:\controlab-h\backend\node_modules\hono\dist\middleware\trailing-slash\

index.js [Correcto]

 Descomprimiendo archivos en C:\controlab-h\backend\node_modules\hono\dist\preset\

quick.js [Correcto]
tiny.js [Correcto]

 Descomprimiendo archivos en C:\controlab-h\backend\node_modules\hono\dist\request\

constants.js [Correcto]

 Descomprimiendo archivos en C:\controlab-h\backend\node_modules\hono\dist\router\

linear-router [Correcto]
pattern-router [Correcto]
reg-exp-router [Correcto]
smart-router [Correcto]
trie-router [Correcto]

 Descomprimiendo archivos en C:\controlab-h\backend\node_modules\hono\dist\router\linear-router\

index.js [Correcto]
router.js [Correcto]

 Descomprimiendo archivos en C:\controlab-h\backend\node_modules\hono\dist\router\pattern-router\

index.js [Correcto]
router.js [Correcto]

 Descomprimiendo archivos en C:\controlab-h\backend\node_modules\hono\dist\router\reg-exp-router\

index.js [Correcto]
matcher.js [Correcto]
node.js [Correcto]
prepared-router.js [Correcto]
router.js [Correcto]
trie.js [Correcto]

 Descomprimiendo archivos en C:\controlab-h\backend\node_modules\hono\dist\router\smart-router\

index.js [Correcto]
router.js [Correcto]

 Descomprimiendo archivos en C:\controlab-h\backend\node_modules\hono\dist\router\trie-router\

index.js [Correcto]
node.js [Correcto]
router.js [Correcto]

 Descomprimiendo archivos en C:\controlab-h\backend\node_modules\hono\dist\types\

adapter [Correcto]
client [Correcto]
compose.d.ts [Correcto]
context.d.ts [Correcto]
helper [Correcto]
hono-base.d.ts [Correcto]
hono.d.ts [Correcto]
http-exception.d.ts [Correcto]
index.d.ts [Correcto]
jsx [Correcto]
middleware [Correcto]
package.json [Correcto]
preset [Correcto]
request [Correcto]
request.d.ts [Correcto]
router [Correcto]
router.d.ts [Correcto]
types.d.ts [Correcto]
utils [Correcto]
validator [Correcto]

 Descomprimiendo archivos en C:\controlab-h\backend\node_modules\hono\dist\types\adapter\

aws-lambda [Correcto]
bun [Correcto]
cloudflare-pages [Correcto]
cloudflare-workers [Correcto]
deno [Correcto]
lambda-edge [Correcto]
netlify [Correcto]
service-worker [Correcto]
vercel [Correcto]

 Descomprimiendo archivos en C:\controlab-h\backend\node_modules\hono\dist\types\adapter\aws-lambda\

conninfo.d.ts [Correcto]
handler.d.ts [Correcto]
index.d.ts [Correcto]
types.d.ts [Correcto]

 Descomprimiendo archivos en C:\controlab-h\backend\node_modules\hono\dist\types\adapter\bun\

conninfo.d.ts [Correcto]
index.d.ts [Correcto]
serve-static.d.ts [Correcto]
server.d.ts [Correcto]
ssg.d.ts [Correcto]
websocket.d.ts [Correcto]

 Descomprimiendo archivos en C:\controlab-h\backend\node_modules\hono\dist\types\adapter\cloudflare-pages\

conninfo.d.ts [Correcto]
handler.d.ts [Correcto]
index.d.ts [Correcto]

 Descomprimiendo archivos en C:\controlab-h\backend\node_modules\hono\dist\types\adapter\cloudflare-workers\

conninfo.d.ts [Correcto]
index.d.ts [Correcto]
serve-static-module.d.ts [Correcto]
serve-static.d.ts [Correcto]
utils.d.ts [Correcto]
websocket.d.ts [Correcto]

 Descomprimiendo archivos en C:\controlab-h\backend\node_modules\hono\dist\types\adapter\deno\

conninfo.d.ts [Correcto]
index.d.ts [Correcto]
serve-static.d.ts [Correcto]
ssg.d.ts [Correcto]
websocket.d.ts [Correcto]

 Descomprimiendo archivos en C:\controlab-h\backend\node_modules\hono\dist\types\adapter\lambda-edge\

conninfo.d.ts [Correcto]
handler.d.ts [Correcto]
index.d.ts [Correcto]

 Descomprimiendo archivos en C:\controlab-h\backend\node_modules\hono\dist\types\adapter\netlify\

conninfo.d.ts [Correcto]
handler.d.ts [Correcto]
index.d.ts [Correcto]
mod.d.ts [Correcto]

 Descomprimiendo archivos en C:\controlab-h\backend\node_modules\hono\dist\types\adapter\service-worker\

handler.d.ts [Correcto]
index.d.ts [Correcto]
types.d.ts [Correcto]

 Descomprimiendo archivos en C:\controlab-h\backend\node_modules\hono\dist\types\adapter\vercel\

conninfo.d.ts [Correcto]
handler.d.ts [Correcto]
index.d.ts [Correcto]

 Descomprimiendo archivos en C:\controlab-h\backend\node_modules\hono\dist\types\client\

client.d.ts [Correcto]
fetch-result-please.d.ts [Correcto]
index.d.ts [Correcto]
types.d.ts [Correcto]
utils.d.ts [Correcto]

 Descomprimiendo archivos en C:\controlab-h\backend\node_modules\hono\dist\types\helper\

accepts [Correcto]
adapter [Correcto]
conninfo [Correcto]
cookie [Correcto]
css [Correcto]
dev [Correcto]
factory [Correcto]
html [Correcto]
proxy [Correcto]
route [Correcto]
ssg [Correcto]
streaming [Correcto]
testing [Correcto]
websocket [Correcto]

 Descomprimiendo archivos en C:\controlab-h\backend\node_modules\hono\dist\types\helper\accepts\

accepts.d.ts [Correcto]
index.d.ts [Correcto]

 Descomprimiendo archivos en C:\controlab-h\backend\node_modules\hono\dist\types\helper\adapter\

index.d.ts [Correcto]

 Descomprimiendo archivos en C:\controlab-h\backend\node_modules\hono\dist\types\helper\conninfo\

index.d.ts [Correcto]
types.d.ts [Correcto]

 Descomprimiendo archivos en C:\controlab-h\backend\node_modules\hono\dist\types\helper\cookie\

index.d.ts [Correcto]

 Descomprimiendo archivos en C:\controlab-h\backend\node_modules\hono\dist\types\helper\css\

common.d.ts [Correcto]
index.d.ts [Correcto]

 Descomprimiendo archivos en C:\controlab-h\backend\node_modules\hono\dist\types\helper\dev\

index.d.ts [Correcto]

 Descomprimiendo archivos en C:\controlab-h\backend\node_modules\hono\dist\types\helper\factory\

index.d.ts [Correcto]

 Descomprimiendo archivos en C:\controlab-h\backend\node_modules\hono\dist\types\helper\html\

index.d.ts [Correcto]

 Descomprimiendo archivos en C:\controlab-h\backend\node_modules\hono\dist\types\helper\proxy\

index.d.ts [Correcto]

 Descomprimiendo archivos en C:\controlab-h\backend\node_modules\hono\dist\types\helper\route\

index.d.ts [Correcto]

 Descomprimiendo archivos en C:\controlab-h\backend\node_modules\hono\dist\types\helper\ssg\

index.d.ts [Correcto]
middleware.d.ts [Correcto]
plugins.d.ts [Correcto]
ssg.d.ts [Correcto]
utils.d.ts [Correcto]

 Descomprimiendo archivos en C:\controlab-h\backend\node_modules\hono\dist\types\helper\streaming\

index.d.ts [Correcto]
sse.d.ts [Correcto]
stream.d.ts [Correcto]
text.d.ts [Correcto]
utils.d.ts [Correcto]

 Descomprimiendo archivos en C:\controlab-h\backend\node_modules\hono\dist\types\helper\testing\

index.d.ts [Correcto]

 Descomprimiendo archivos en C:\controlab-h\backend\node_modules\hono\dist\types\helper\websocket\

index.d.ts [Correcto]

 Descomprimiendo archivos en C:\controlab-h\backend\node_modules\hono\dist\types\jsx\

base.d.ts [Correcto]
children.d.ts [Correcto]
components.d.ts [Correcto]
constants.d.ts [Correcto]
context.d.ts [Correcto]
dom [Correcto]
hooks [Correcto]
index.d.ts [Correcto]
intrinsic-element [Correcto]
intrinsic-elements.d.ts [Correcto]
jsx-dev-runtime.d.ts [Correcto]
jsx-runtime.d.ts [Correcto]
streaming.d.ts [Correcto]
types.d.ts [Correcto]
utils.d.ts [Correcto]

 Descomprimiendo archivos en C:\controlab-h\backend\node_modules\hono\dist\types\jsx\dom\

client.d.ts [Correcto]
components.d.ts [Correcto]
context.d.ts [Correcto]
css.d.ts [Correcto]
hooks [Correcto]
index.d.ts [Correcto]
intrinsic-element [Correcto]
jsx-dev-runtime.d.ts [Correcto]
jsx-runtime.d.ts [Correcto]
render.d.ts [Correcto]
server.d.ts [Correcto]
utils.d.ts [Correcto]

 Descomprimiendo archivos en C:\controlab-h\backend\node_modules\hono\dist\types\jsx\dom\hooks\

index.d.ts [Correcto]

 Descomprimiendo archivos en C:\controlab-h\backend\node_modules\hono\dist\types\jsx\dom\intrinsic-element\

components.d.ts [Correcto]

 Descomprimiendo archivos en C:\controlab-h\backend\node_modules\hono\dist\types\jsx\hooks\

index.d.ts [Correcto]

 Descomprimiendo archivos en C:\controlab-h\backend\node_modules\hono\dist\types\jsx\intrinsic-element\

common.d.ts [Correcto]
components.d.ts [Correcto]

 Descomprimiendo archivos en C:\controlab-h\backend\node_modules\hono\dist\types\middleware\

basic-auth [Correcto]
bearer-auth [Correcto]
body-limit [Correcto]
cache [Correcto]
combine [Correcto]
compress [Correcto]
context-storage [Correcto]
cors [Correcto]
csrf [Correcto]
etag [Correcto]
ip-restriction [Correcto]
jsx-renderer [Correcto]
jwk [Correcto]
jwt [Correcto]
language [Correcto]
logger [Correcto]
method-override [Correcto]
powered-by [Correcto]
pretty-json [Correcto]
request-id [Correcto]
secure-headers [Correcto]
serve-static [Correcto]
timeout [Correcto]
timing [Correcto]
trailing-slash [Correcto]

 Descomprimiendo archivos en C:\controlab-h\backend\node_modules\hono\dist\types\middleware\basic-auth\

index.d.ts [Correcto]

 Descomprimiendo archivos en C:\controlab-h\backend\node_modules\hono\dist\types\middleware\bearer-auth\

index.d.ts [Correcto]

 Descomprimiendo archivos en C:\controlab-h\backend\node_modules\hono\dist\types\middleware\body-limit\

index.d.ts [Correcto]

 Descomprimiendo archivos en C:\controlab-h\backend\node_modules\hono\dist\types\middleware\cache\

index.d.ts [Correcto]

 Descomprimiendo archivos en C:\controlab-h\backend\node_modules\hono\dist\types\middleware\combine\

index.d.ts [Correcto]

 Descomprimiendo archivos en C:\controlab-h\backend\node_modules\hono\dist\types\middleware\compress\

index.d.ts [Correcto]

 Descomprimiendo archivos en C:\controlab-h\backend\node_modules\hono\dist\types\middleware\context-storage\

index.d.ts [Correcto]

 Descomprimiendo archivos en C:\controlab-h\backend\node_modules\hono\dist\types\middleware\cors\

index.d.ts [Correcto]

 Descomprimiendo archivos en C:\controlab-h\backend\node_modules\hono\dist\types\middleware\csrf\

index.d.ts [Correcto]

 Descomprimiendo archivos en C:\controlab-h\backend\node_modules\hono\dist\types\middleware\etag\

digest.d.ts [Correcto]
index.d.ts [Correcto]

 Descomprimiendo archivos en C:\controlab-h\backend\node_modules\hono\dist\types\middleware\ip-restriction\

index.d.ts [Correcto]

 Descomprimiendo archivos en C:\controlab-h\backend\node_modules\hono\dist\types\middleware\jsx-renderer\

index.d.ts [Correcto]

 Descomprimiendo archivos en C:\controlab-h\backend\node_modules\hono\dist\types\middleware\jwk\

index.d.ts [Correcto]
jwk.d.ts [Correcto]

 Descomprimiendo archivos en C:\controlab-h\backend\node_modules\hono\dist\types\middleware\jwt\

index.d.ts [Correcto]
jwt.d.ts [Correcto]

 Descomprimiendo archivos en C:\controlab-h\backend\node_modules\hono\dist\types\middleware\language\

index.d.ts [Correcto]
language.d.ts [Correcto]

 Descomprimiendo archivos en C:\controlab-h\backend\node_modules\hono\dist\types\middleware\logger\

index.d.ts [Correcto]

 Descomprimiendo archivos en C:\controlab-h\backend\node_modules\hono\dist\types\middleware\method-override\

index.d.ts [Correcto]

 Descomprimiendo archivos en C:\controlab-h\backend\node_modules\hono\dist\types\middleware\powered-by\

index.d.ts [Correcto]

 Descomprimiendo archivos en C:\controlab-h\backend\node_modules\hono\dist\types\middleware\pretty-json\

index.d.ts [Correcto]

 Descomprimiendo archivos en C:\controlab-h\backend\node_modules\hono\dist\types\middleware\request-id\

index.d.ts [Correcto]
request-id.d.ts [Correcto]

 Descomprimiendo archivos en C:\controlab-h\backend\node_modules\hono\dist\types\middleware\secure-headers\

index.d.ts [Correcto]
permissions-policy.d.ts [Correcto]
secure-headers.d.ts [Correcto]

 Descomprimiendo archivos en C:\controlab-h\backend\node_modules\hono\dist\types\middleware\serve-static\

index.d.ts [Correcto]
path.d.ts [Correcto]

 Descomprimiendo archivos en C:\controlab-h\backend\node_modules\hono\dist\types\middleware\timeout\

index.d.ts [Correcto]

 Descomprimiendo archivos en C:\controlab-h\backend\node_modules\hono\dist\types\middleware\timing\

index.d.ts [Correcto]
timing.d.ts [Correcto]

 Descomprimiendo archivos en C:\controlab-h\backend\node_modules\hono\dist\types\middleware\trailing-slash\

index.d.ts [Correcto]

 Descomprimiendo archivos en C:\controlab-h\backend\node_modules\hono\dist\types\preset\

quick.d.ts [Correcto]
tiny.d.ts [Correcto]

 Descomprimiendo archivos en C:\controlab-h\backend\node_modules\hono\dist\types\request\

constants.d.ts [Correcto]

 Descomprimiendo archivos en C:\controlab-h\backend\node_modules\hono\dist\types\router\

linear-router [Correcto]
pattern-router [Correcto]
reg-exp-router [Correcto]
smart-router [Correcto]
trie-router [Correcto]

 Descomprimiendo archivos en C:\controlab-h\backend\node_modules\hono\dist\types\router\linear-router\

index.d.ts [Correcto]
router.d.ts [Correcto]

 Descomprimiendo archivos en C:\controlab-h\backend\node_modules\hono\dist\types\router\pattern-router\

index.d.ts [Correcto]
router.d.ts [Correcto]

 Descomprimiendo archivos en C:\controlab-h\backend\node_modules\hono\dist\types\router\reg-exp-router\

index.d.ts [Correcto]
matcher.d.ts [Correcto]
node.d.ts [Correcto]
prepared-router.d.ts [Correcto]
router.d.ts [Correcto]
trie.d.ts [Correcto]

 Descomprimiendo archivos en C:\controlab-h\backend\node_modules\hono\dist\types\router\smart-router\

index.d.ts [Correcto]
router.d.ts [Correcto]

 Descomprimiendo archivos en C:\controlab-h\backend\node_modules\hono\dist\types\router\trie-router\

index.d.ts [Correcto]
node.d.ts [Correcto]
router.d.ts [Correcto]

 Descomprimiendo archivos en C:\controlab-h\backend\node_modules\hono\dist\types\utils\

accept.d.ts [Correcto]
basic-auth.d.ts [Correcto]
body.d.ts [Correcto]
buffer.d.ts [Correcto]
color.d.ts [Correcto]
compress.d.ts [Correcto]
concurrent.d.ts [Correcto]
constants.d.ts [Correcto]
cookie.d.ts [Correcto]
crypto.d.ts [Correcto]
encode.d.ts [Correcto]
filepath.d.ts [Correcto]
handler.d.ts [Correcto]
headers.d.ts [Correcto]
html.d.ts [Correcto]
http-status.d.ts [Correcto]
ipaddr.d.ts [Correcto]
jwt [Correcto]
mime.d.ts [Correcto]
stream.d.ts [Correcto]
types.d.ts [Correcto]
url.d.ts [Correcto]

 Descomprimiendo archivos en C:\controlab-h\backend\node_modules\hono\dist\types\utils\jwt\

index.d.ts [Correcto]
jwa.d.ts [Correcto]
jws.d.ts [Correcto]
jwt.d.ts [Correcto]
types.d.ts [Correcto]
utf8.d.ts [Correcto]

 Descomprimiendo archivos en C:\controlab-h\backend\node_modules\hono\dist\types\validator\

index.d.ts [Correcto]
utils.d.ts [Correcto]
validator.d.ts [Correcto]

 Descomprimiendo archivos en C:\controlab-h\backend\node_modules\hono\dist\utils\

accept.js [Correcto]
basic-auth.js [Correcto]
body.js [Correcto]
buffer.js [Correcto]
color.js [Correcto]
compress.js [Correcto]
concurrent.js [Correcto]
constants.js [Correcto]
cookie.js [Correcto]
crypto.js [Correcto]
encode.js [Correcto]
filepath.js [Correcto]
handler.js [Correcto]
headers.js [Correcto]
html.js [Correcto]
http-status.js [Correcto]
ipaddr.js [Correcto]
jwt [Correcto]
mime.js [Correcto]
stream.js [Correcto]
types.js [Correcto]
url.js [Correcto]

 Descomprimiendo archivos en C:\controlab-h\backend\node_modules\hono\dist\utils\jwt\

index.js [Correcto]
jwa.js [Correcto]
jws.js [Correcto]
jwt.js [Correcto]
types.js [Correcto]
utf8.js [Correcto]

 Descomprimiendo archivos en C:\controlab-h\backend\node_modules\hono\dist\validator\

index.js [Correcto]
utils.js [Correcto]
validator.js [Correcto]

 Descomprimiendo archivos en C:\controlab-h\backend\node_modules\http-errors\

HISTORY.md [Correcto]
index.js [Correcto]
LICENSE [Correcto]
package.json [Correcto]
README.md [Correcto]

 Descomprimiendo archivos en C:\controlab-h\backend\node_modules\http-proxy-agent\

dist [Correcto]
LICENSE [Correcto]
package.json [Correcto]
README.md [Correcto]

 Descomprimiendo archivos en C:\controlab-h\backend\node_modules\http-proxy-agent\dist\

index.d.ts [Correcto]
index.d.ts.map [Correcto]
index.js [Correcto]
index.js.map [Correcto]

 Descomprimiendo archivos en C:\controlab-h\backend\node_modules\http-status-codes\

build [Correcto]
LICENSE [Correcto]
package.json [Correcto]
README.md [Correcto]

 Descomprimiendo archivos en C:\controlab-h\backend\node_modules\http-status-codes\build\

cjs [Correcto]
es [Correcto]

 Descomprimiendo archivos en C:\controlab-h\backend\node_modules\http-status-codes\build\cjs\

index.d.ts [Correcto]
index.js [Correcto]
legacy.d.ts [Correcto]
legacy.js [Correcto]
reason-phrases.d.ts [Correcto]
reason-phrases.js [Correcto]
status-codes.d.ts [Correcto]
status-codes.js [Correcto]
utils-functions.d.ts [Correcto]
utils-functions.js [Correcto]
utils.d.ts [Correcto]
utils.js [Correcto]

 Descomprimiendo archivos en C:\controlab-h\backend\node_modules\http-status-codes\build\es\

index.d.ts [Correcto]
index.js [Correcto]
legacy.d.ts [Correcto]
legacy.js [Correcto]
reason-phrases.d.ts [Correcto]
reason-phrases.js [Correcto]
status-codes.d.ts [Correcto]
status-codes.js [Correcto]
utils-functions.d.ts [Correcto]
utils-functions.js [Correcto]
utils.d.ts [Correcto]
utils.js [Correcto]

 Descomprimiendo archivos en C:\controlab-h\backend\node_modules\https-proxy-agent\

dist [Correcto]
LICENSE [Correcto]
package.json [Correcto]
README.md [Correcto]

 Descomprimiendo archivos en C:\controlab-h\backend\node_modules\https-proxy-agent\dist\

index.d.ts [Correcto]
index.d.ts.map [Correcto]
index.js [Correcto]
index.js.map [Correcto]
parse-proxy-response.d.ts [Correcto]
parse-proxy-response.d.ts.map [Correcto]
parse-proxy-response.js [Correcto]
parse-proxy-response.js.map [Correcto]

 Descomprimiendo archivos en C:\controlab-h\backend\node_modules\iconv-lite\

encodings [Correcto]
lib [Correcto]
LICENSE [Correcto]
package.json [Correcto]
README.md [Correcto]
types [Correcto]

 Descomprimiendo archivos en C:\controlab-h\backend\node_modules\iconv-lite\encodings\

dbcs-codec.js [Correcto]
dbcs-data.js [Correcto]
index.js [Correcto]
internal.js [Correcto]
sbcs-codec.js [Correcto]
sbcs-data-generated.js [Correcto]
sbcs-data.js [Correcto]
tables [Correcto]
utf16.js [Correcto]
utf32.js [Correcto]
utf7.js [Correcto]

 Descomprimiendo archivos en C:\controlab-h\backend\node_modules\iconv-lite\encodings\tables\

big5-added.json [Correcto]
cp936.json [Correcto]
cp949.json [Correcto]
cp950.json [Correcto]
eucjp.json [Correcto]
gb18030-ranges.json [Correcto]
gbk-added.json [Correcto]
shiftjis.json [Correcto]

 Descomprimiendo archivos en C:\controlab-h\backend\node_modules\iconv-lite\lib\

bom-handling.js [Correcto]
helpers [Correcto]
index.d.ts [Correcto]
index.js [Correcto]
streams.js [Correcto]

 Descomprimiendo archivos en C:\controlab-h\backend\node_modules\iconv-lite\lib\helpers\

merge-exports.js [Correcto]

 Descomprimiendo archivos en C:\controlab-h\backend\node_modules\iconv-lite\types\

encodings.d.ts [Correcto]

 Descomprimiendo archivos en C:\controlab-h\backend\node_modules\ieee754\

index.d.ts [Correcto]
index.js [Correcto]
LICENSE [Correcto]
package.json [Correcto]
README.md [Correcto]

 Descomprimiendo archivos en C:\controlab-h\backend\node_modules\ignore-by-default\

index.js [Correcto]
LICENSE [Correcto]
package.json [Correcto]
README.md [Correcto]

 Descomprimiendo archivos en C:\controlab-h\backend\node_modules\inherits\

inherits.js [Correcto]
inherits_browser.js [Correcto]
LICENSE [Correcto]
package.json [Correcto]
README.md [Correcto]

 Descomprimiendo archivos en C:\controlab-h\backend\node_modules\ipaddr.js\

ipaddr.min.js [Correcto]
lib [Correcto]
LICENSE [Correcto]
package.json [Correcto]
README.md [Correcto]

 Descomprimiendo archivos en C:\controlab-h\backend\node_modules\ipaddr.js\lib\

ipaddr.js [Correcto]
ipaddr.js.d.ts [Correcto]

 Descomprimiendo archivos en C:\controlab-h\backend\node_modules\is-binary-path\

index.d.ts [Correcto]
index.js [Correcto]
license [Correcto]
package.json [Correcto]
readme.md [Correcto]

 Descomprimiendo archivos en C:\controlab-h\backend\node_modules\is-docker\

cli.js [Correcto]
index.d.ts [Correcto]
index.js [Correcto]
license [Correcto]
package.json [Correcto]
readme.md [Correcto]

 Descomprimiendo archivos en C:\controlab-h\backend\node_modules\is-extglob\

index.js [Correcto]
LICENSE [Correcto]
package.json [Correcto]
README.md [Correcto]

 Descomprimiendo archivos en C:\controlab-h\backend\node_modules\is-glob\

index.js [Correcto]
LICENSE [Correcto]
package.json [Correcto]
README.md [Correcto]

 Descomprimiendo archivos en C:\controlab-h\backend\node_modules\is-inside-container\

cli.js [Correcto]
index.d.ts [Correcto]
index.js [Correcto]
license [Correcto]
package.json [Correcto]
readme.md [Correcto]

 Descomprimiendo archivos en C:\controlab-h\backend\node_modules\is-number\

index.js [Correcto]
LICENSE [Correcto]
package.json [Correcto]
README.md [Correcto]

 Descomprimiendo archivos en C:\controlab-h\backend\node_modules\is-promise\

index.d.ts [Correcto]
index.js [Correcto]
index.mjs [Correcto]
LICENSE [Correcto]
package.json [Correcto]
readme.md [Correcto]

 Descomprimiendo archivos en C:\controlab-h\backend\node_modules\is-property\

.npmignore [Correcto]
is-property.js [Correcto]
LICENSE [Correcto]
package.json [Correcto]
README.md [Correcto]

 Descomprimiendo archivos en C:\controlab-h\backend\node_modules\is-wsl\

index.d.ts [Correcto]
index.js [Correcto]
license [Correcto]
package.json [Correcto]
readme.md [Correcto]

 Descomprimiendo archivos en C:\controlab-h\backend\node_modules\isexe\

.npmignore [Correcto]
index.js [Correcto]
LICENSE [Correcto]
mode.js [Correcto]
package.json [Correcto]
README.md [Correcto]
test [Correcto]
windows.js [Correcto]

 Descomprimiendo archivos en C:\controlab-h\backend\node_modules\isexe\test\

basic.js [Correcto]

 Descomprimiendo archivos en C:\controlab-h\backend\node_modules\jiti\

dist [Correcto]
lib [Correcto]
LICENSE [Correcto]
package.json [Correcto]
README.md [Correcto]

 Descomprimiendo archivos en C:\controlab-h\backend\node_modules\jiti\dist\

babel.cjs [Correcto]
jiti.cjs [Correcto]

 Descomprimiendo archivos en C:\controlab-h\backend\node_modules\jiti\lib\

jiti-cli.mjs [Correcto]
jiti-hooks.mjs [Correcto]
jiti-native.mjs [Correcto]
jiti-register.d.mts [Correcto]
jiti-register.mjs [Correcto]
jiti-static.mjs [Correcto]
jiti.cjs [Correcto]
jiti.d.cts [Correcto]
jiti.d.mts [Correcto]
jiti.mjs [Correcto]
types.d.ts [Correcto]

 Descomprimiendo archivos en C:\controlab-h\backend\node_modules\js-md4\

.covignore [Correcto]
.npmignore [Correcto]
.travis.yml [Correcto]
bower.json [Correcto]
build [Correcto]
CHANGELOG.md [Correcto]
doc [Correcto]
LICENSE.txt [Correcto]
package.json [Correcto]
README.md [Correcto]
src [Correcto]
tests [Correcto]

 Descomprimiendo archivos en C:\controlab-h\backend\node_modules\js-md4\build\

md4.min.js [Correcto]

 Descomprimiendo archivos en C:\controlab-h\backend\node_modules\js-md4\doc\

fonts [Correcto]
global.html [Correcto]
index.html [Correcto]
md4.html [Correcto]
md4.js.html [Correcto]
Md4_.html [Correcto]
scripts [Correcto]
styles [Correcto]

 Descomprimiendo archivos en C:\controlab-h\backend\node_modules\js-md4\doc\fonts\

OpenSans-Bold-webfont.eot [Correcto]
OpenSans-Bold-webfont.svg [Correcto]
OpenSans-Bold-webfont.woff [Correcto]
OpenSans-BoldItalic-webfont.eot [Correcto]
OpenSans-BoldItalic-webfont.svg [Correcto]
OpenSans-BoldItalic-webfont.woff [Correcto]
OpenSans-Italic-webfont.eot [Correcto]
OpenSans-Italic-webfont.svg [Correcto]
OpenSans-Italic-webfont.woff [Correcto]
OpenSans-Light-webfont.eot [Correcto]
OpenSans-Light-webfont.svg [Correcto]
OpenSans-Light-webfont.woff [Correcto]
OpenSans-LightItalic-webfont.eot [Correcto]
OpenSans-LightItalic-webfont.svg [Correcto]
OpenSans-LightItalic-webfont.woff [Correcto]
OpenSans-Regular-webfont.eot [Correcto]
OpenSans-Regular-webfont.svg [Correcto]
OpenSans-Regular-webfont.woff [Correcto]

 Descomprimiendo archivos en C:\controlab-h\backend\node_modules\js-md4\doc\scripts\

linenumber.js [Correcto]
prettify [Correcto]

 Descomprimiendo archivos en C:\controlab-h\backend\node_modules\js-md4\doc\scripts\prettify\

Apache-License-2.0.txt [Correcto]
lang-css.js [Correcto]
prettify.js [Correcto]

 Descomprimiendo archivos en C:\controlab-h\backend\node_modules\js-md4\doc\styles\

jsdoc-default.css [Correcto]
prettify-jsdoc.css [Correcto]
prettify-tomorrow.css [Correcto]

 Descomprimiendo archivos en C:\controlab-h\backend\node_modules\js-md4\src\

md4.js [Correcto]

 Descomprimiendo archivos en C:\controlab-h\backend\node_modules\js-md4\tests\

index.html [Correcto]
node-test.js [Correcto]
requirejs.html [Correcto]
test.js [Correcto]

 Descomprimiendo archivos en C:\controlab-h\backend\node_modules\json-schema-traverse\

.eslintrc.yml [Correcto]
.github [Correcto]
index.d.ts [Correcto]
index.js [Correcto]
LICENSE [Correcto]
package.json [Correcto]
README.md [Correcto]
spec [Correcto]

 Descomprimiendo archivos en C:\controlab-h\backend\node_modules\json-schema-traverse\.github\

FUNDING.yml [Correcto]
workflows [Correcto]

 Descomprimiendo archivos en C:\controlab-h\backend\node_modules\json-schema-traverse\.github\workflows\

build.yml [Correcto]
publish.yml [Correcto]

 Descomprimiendo archivos en C:\controlab-h\backend\node_modules\json-schema-traverse\spec\

.eslintrc.yml [Correcto]
fixtures [Correcto]
index.spec.js [Correcto]

 Descomprimiendo archivos en C:\controlab-h\backend\node_modules\json-schema-traverse\spec\fixtures\

schema.js [Correcto]

 Descomprimiendo archivos en C:\controlab-h\backend\node_modules\jsonwebtoken\

decode.js [Correcto]
index.js [Correcto]
lib [Correcto]
LICENSE [Correcto]
package.json [Correcto]
README.md [Correcto]
sign.js [Correcto]
verify.js [Correcto]

 Descomprimiendo archivos en C:\controlab-h\backend\node_modules\jsonwebtoken\lib\

asymmetricKeyDetailsSupported.js [Correcto]
JsonWebTokenError.js [Correcto]
NotBeforeError.js [Correcto]
psSupported.js [Correcto]
rsaPssKeyDetailsSupported.js [Correcto]
timespan.js [Correcto]
TokenExpiredError.js [Correcto]
validateAsymmetricKey.js [Correcto]

 Descomprimiendo archivos en C:\controlab-h\backend\node_modules\jwa\

index.js [Correcto]
LICENSE [Correcto]
opslevel.yml [Correcto]
package.json [Correcto]
README.md [Correcto]

 Descomprimiendo archivos en C:\controlab-h\backend\node_modules\jws\

CHANGELOG.md [Correcto]
index.js [Correcto]
lib [Correcto]
LICENSE [Correcto]
opslevel.yml [Correcto]
package.json [Correcto]
readme.md [Correcto]

 Descomprimiendo archivos en C:\controlab-h\backend\node_modules\jws\lib\

data-stream.js [Correcto]
sign-stream.js [Correcto]
tostring.js [Correcto]
verify-stream.js [Correcto]

 Descomprimiendo archivos en C:\controlab-h\backend\node_modules\lodash.includes\

index.js [Correcto]
LICENSE [Correcto]
package.json [Correcto]
README.md [Correcto]

 Descomprimiendo archivos en C:\controlab-h\backend\node_modules\lodash.isboolean\

index.js [Correcto]
LICENSE [Correcto]
package.json [Correcto]
README.md [Correcto]

 Descomprimiendo archivos en C:\controlab-h\backend\node_modules\lodash.isinteger\

index.js [Correcto]
LICENSE [Correcto]
package.json [Correcto]
README.md [Correcto]

 Descomprimiendo archivos en C:\controlab-h\backend\node_modules\lodash.isnumber\

index.js [Correcto]
LICENSE [Correcto]
package.json [Correcto]
README.md [Correcto]

 Descomprimiendo archivos en C:\controlab-h\backend\node_modules\lodash.isplainobject\

index.js [Correcto]
LICENSE [Correcto]
package.json [Correcto]
README.md [Correcto]

 Descomprimiendo archivos en C:\controlab-h\backend\node_modules\lodash.isstring\

index.js [Correcto]
LICENSE [Correcto]
package.json [Correcto]
README.md [Correcto]

 Descomprimiendo archivos en C:\controlab-h\backend\node_modules\lodash.once\

index.js [Correcto]
LICENSE [Correcto]
package.json [Correcto]
README.md [Correcto]

 Descomprimiendo archivos en C:\controlab-h\backend\node_modules\long\

index.d.ts [Correcto]
index.js [Correcto]
LICENSE [Correcto]
package.json [Correcto]
README.md [Correcto]
types.d.ts [Correcto]
umd [Correcto]

 Descomprimiendo archivos en C:\controlab-h\backend\node_modules\long\umd\

index.d.ts [Correcto]
index.js [Correcto]
package.json [Correcto]
types.d.ts [Correcto]

 Descomprimiendo archivos en C:\controlab-h\backend\node_modules\lru.min\

browser [Correcto]
lib [Correcto]
LICENSE [Correcto]
package.json [Correcto]
README.md [Correcto]

 Descomprimiendo archivos en C:\controlab-h\backend\node_modules\lru.min\browser\

lru.min.js [Correcto]

 Descomprimiendo archivos en C:\controlab-h\backend\node_modules\lru.min\lib\

index.d.ts [Correcto]
index.js [Correcto]
index.mjs [Correcto]

 Descomprimiendo archivos en C:\controlab-h\backend\node_modules\math-intrinsics\

.eslintrc [Correcto]
.github [Correcto]
abs.d.ts [Correcto]
abs.js [Correcto]
CHANGELOG.md [Correcto]
constants [Correcto]
floor.d.ts [Correcto]
floor.js [Correcto]
isFinite.d.ts [Correcto]
isFinite.js [Correcto]
isInteger.d.ts [Correcto]
isInteger.js [Correcto]
isNaN.d.ts [Correcto]
isNaN.js [Correcto]
isNegativeZero.d.ts [Correcto]
isNegativeZero.js [Correcto]
LICENSE [Correcto]
max.d.ts [Correcto]
max.js [Correcto]
min.d.ts [Correcto]
min.js [Correcto]
mod.d.ts [Correcto]
mod.js [Correcto]
package.json [Correcto]
pow.d.ts [Correcto]
pow.js [Correcto]
README.md [Correcto]
round.d.ts [Correcto]
round.js [Correcto]
sign.d.ts [Correcto]
sign.js [Correcto]
test [Correcto]
tsconfig.json [Correcto]

 Descomprimiendo archivos en C:\controlab-h\backend\node_modules\math-intrinsics\.github\

FUNDING.yml [Correcto]

 Descomprimiendo archivos en C:\controlab-h\backend\node_modules\math-intrinsics\constants\

maxArrayLength.d.ts [Correcto]
maxArrayLength.js [Correcto]
maxSafeInteger.d.ts [Correcto]
maxSafeInteger.js [Correcto]
maxValue.d.ts [Correcto]
maxValue.js [Correcto]

 Descomprimiendo archivos en C:\controlab-h\backend\node_modules\math-intrinsics\test\

index.js [Correcto]

 Descomprimiendo archivos en C:\controlab-h\backend\node_modules\media-typer\

HISTORY.md [Correcto]
index.js [Correcto]
LICENSE [Correcto]
package.json [Correcto]
README.md [Correcto]

 Descomprimiendo archivos en C:\controlab-h\backend\node_modules\merge-descriptors\

index.d.ts [Correcto]
index.js [Correcto]
license [Correcto]
package.json [Correcto]
readme.md [Correcto]

 Descomprimiendo archivos en C:\controlab-h\backend\node_modules\mime-db\

db.json [Correcto]
HISTORY.md [Correcto]
index.js [Correcto]
LICENSE [Correcto]
package.json [Correcto]
README.md [Correcto]

 Descomprimiendo archivos en C:\controlab-h\backend\node_modules\mime-types\

HISTORY.md [Correcto]
index.js [Correcto]
LICENSE [Correcto]
mimeScore.js [Correcto]
package.json [Correcto]
README.md [Correcto]

 Descomprimiendo archivos en C:\controlab-h\backend\node_modules\minimatch\

dist [Correcto]
LICENSE.md [Correcto]
package.json [Correcto]
README.md [Correcto]

 Descomprimiendo archivos en C:\controlab-h\backend\node_modules\minimatch\dist\

commonjs [Correcto]
esm [Correcto]

 Descomprimiendo archivos en C:\controlab-h\backend\node_modules\minimatch\dist\commonjs\

assert-valid-pattern.d.ts [Correcto]
assert-valid-pattern.d.ts.map [Correcto]
assert-valid-pattern.js [Correcto]
assert-valid-pattern.js.map [Correcto]
ast.d.ts [Correcto]
ast.d.ts.map [Correcto]
ast.js [Correcto]
ast.js.map [Correcto]
brace-expressions.d.ts [Correcto]
brace-expressions.d.ts.map [Correcto]
brace-expressions.js [Correcto]
brace-expressions.js.map [Correcto]
escape.d.ts [Correcto]
escape.d.ts.map [Correcto]
escape.js [Correcto]
escape.js.map [Correcto]
index.d.ts [Correcto]
index.d.ts.map [Correcto]
index.js [Correcto]
index.js.map [Correcto]
package.json [Correcto]
unescape.d.ts [Correcto]
unescape.d.ts.map [Correcto]
unescape.js [Correcto]
unescape.js.map [Correcto]

 Descomprimiendo archivos en C:\controlab-h\backend\node_modules\minimatch\dist\esm\

assert-valid-pattern.d.ts [Correcto]
assert-valid-pattern.d.ts.map [Correcto]
assert-valid-pattern.js [Correcto]
assert-valid-pattern.js.map [Correcto]
ast.d.ts [Correcto]
ast.d.ts.map [Correcto]
ast.js [Correcto]
ast.js.map [Correcto]
brace-expressions.d.ts [Correcto]
brace-expressions.d.ts.map [Correcto]
brace-expressions.js [Correcto]
brace-expressions.js.map [Correcto]
escape.d.ts [Correcto]
escape.d.ts.map [Correcto]
escape.js [Correcto]
escape.js.map [Correcto]
index.d.ts [Correcto]
index.d.ts.map [Correcto]
index.js [Correcto]
index.js.map [Correcto]
package.json [Correcto]
unescape.d.ts [Correcto]
unescape.d.ts.map [Correcto]
unescape.js [Correcto]
unescape.js.map [Correcto]

 Descomprimiendo archivos en C:\controlab-h\backend\node_modules\ms\

index.js [Correcto]
license.md [Correcto]
package.json [Correcto]
readme.md [Correcto]

 Descomprimiendo archivos en C:\controlab-h\backend\node_modules\mssql\

bin [Correcto]
index.js [Correcto]
lib [Correcto]
LICENSE.md [Correcto]
msnodesqlv8.js [Correcto]
package.json [Correcto]
README.md [Correcto]
tedious.js [Correcto]

 Descomprimiendo archivos en C:\controlab-h\backend\node_modules\mssql\bin\

mssql [Correcto]

 Descomprimiendo archivos en C:\controlab-h\backend\node_modules\mssql\lib\

base [Correcto]
datatypes.js [Correcto]
diagnostics.js [Correcto]
error [Correcto]
global-connection.js [Correcto]
isolationlevel.js [Correcto]
msnodesqlv8 [Correcto]
shared.js [Correcto]
table.js [Correcto]
tedious [Correcto]
udt.js [Correcto]
utils.js [Correcto]

 Descomprimiendo archivos en C:\controlab-h\backend\node_modules\mssql\lib\base\

connection-pool.js [Correcto]
index.js [Correcto]
prepared-statement.js [Correcto]
request.js [Correcto]
transaction.js [Correcto]

 Descomprimiendo archivos en C:\controlab-h\backend\node_modules\mssql\lib\error\

connection-error.js [Correcto]
index.js [Correcto]
mssql-error.js [Correcto]
prepared-statement-error.js [Correcto]
request-error.js [Correcto]
transaction-error.js [Correcto]

 Descomprimiendo archivos en C:\controlab-h\backend\node_modules\mssql\lib\msnodesqlv8\

connection-pool.js [Correcto]
index.js [Correcto]
request.js [Correcto]
transaction.js [Correcto]

 Descomprimiendo archivos en C:\controlab-h\backend\node_modules\mssql\lib\tedious\

connection-pool.js [Correcto]
index.js [Correcto]
request.js [Correcto]
transaction.js [Correcto]

 Descomprimiendo archivos en C:\controlab-h\backend\node_modules\mysql2\

index.d.ts [Correcto]
index.js [Correcto]
lib [Correcto]
License [Correcto]
package.json [Correcto]
promise.d.ts [Correcto]
promise.js [Correcto]
README.md [Correcto]
typings [Correcto]

 Descomprimiendo archivos en C:\controlab-h\backend\node_modules\mysql2\lib\

auth_41.js [Correcto]
auth_plugins [Correcto]
base [Correcto]
commands [Correcto]
compressed_protocol.js [Correcto]
connection.js [Correcto]
connection_config.js [Correcto]
constants [Correcto]
create_connection.js [Correcto]
create_pool.js [Correcto]
create_pool_cluster.js [Correcto]
helpers.js [Correcto]
packets [Correcto]
packet_parser.js [Correcto]
parsers [Correcto]
pool.js [Correcto]
pool_cluster.js [Correcto]
pool_config.js [Correcto]
pool_connection.js [Correcto]
promise [Correcto]
results_stream.js [Correcto]
server.js [Correcto]

 Descomprimiendo archivos en C:\controlab-h\backend\node_modules\mysql2\lib\auth_plugins\

caching_sha2_password.js [Correcto]
caching_sha2_password.md [Correcto]
index.js [Correcto]
mysql_clear_password.js [Correcto]
mysql_native_password.js [Correcto]
sha256_password.js [Correcto]

 Descomprimiendo archivos en C:\controlab-h\backend\node_modules\mysql2\lib\base\

connection.js [Correcto]
pool.js [Correcto]
pool_connection.js [Correcto]

 Descomprimiendo archivos en C:\controlab-h\backend\node_modules\mysql2\lib\commands\

auth_switch.js [Correcto]
binlog_dump.js [Correcto]
change_user.js [Correcto]
client_handshake.js [Correcto]
close_statement.js [Correcto]
command.js [Correcto]
execute.js [Correcto]
index.js [Correcto]
ping.js [Correcto]
prepare.js [Correcto]
query.js [Correcto]
quit.js [Correcto]
register_slave.js [Correcto]
server_handshake.js [Correcto]

 Descomprimiendo archivos en C:\controlab-h\backend\node_modules\mysql2\lib\constants\

charsets.js [Correcto]
charset_encodings.js [Correcto]
client.js [Correcto]
commands.js [Correcto]
cursor.js [Correcto]
encoding_charset.js [Correcto]
errors.js [Correcto]
field_flags.js [Correcto]
server_status.js [Correcto]
session_track.js [Correcto]
ssl_profiles.js [Correcto]
types.js [Correcto]

 Descomprimiendo archivos en C:\controlab-h\backend\node_modules\mysql2\lib\packets\

auth_next_factor.js [Correcto]
auth_switch_request.js [Correcto]
auth_switch_request_more_data.js [Correcto]
auth_switch_response.js [Correcto]
binary_row.js [Correcto]
binlog_dump.js [Correcto]
binlog_query_statusvars.js [Correcto]
change_user.js [Correcto]
close_statement.js [Correcto]
column_definition.js [Correcto]
execute.js [Correcto]
handshake.js [Correcto]
handshake_response.js [Correcto]
index.js [Correcto]
packet.js [Correcto]
prepared_statement_header.js [Correcto]
prepare_statement.js [Correcto]
query.js [Correcto]
register_slave.js [Correcto]
resultset_header.js [Correcto]
ssl_request.js [Correcto]
text_row.js [Correcto]

 Descomprimiendo archivos en C:\controlab-h\backend\node_modules\mysql2\lib\parsers\

binary_parser.js [Correcto]
parser_cache.js [Correcto]
static_binary_parser.js [Correcto]
static_text_parser.js [Correcto]
string.js [Correcto]
text_parser.js [Correcto]

 Descomprimiendo archivos en C:\controlab-h\backend\node_modules\mysql2\lib\promise\

connection.js [Correcto]
inherit_events.js [Correcto]
make_done_cb.js [Correcto]
pool.js [Correcto]
pool_cluster.js [Correcto]
pool_connection.js [Correcto]
prepared_statement_info.js [Correcto]

 Descomprimiendo archivos en C:\controlab-h\backend\node_modules\mysql2\typings\

mysql [Correcto]

 Descomprimiendo archivos en C:\controlab-h\backend\node_modules\mysql2\typings\mysql\

index.d.ts [Correcto]
info.txt [Correcto]
lib [Correcto]
LICENSE.txt [Correcto]

 Descomprimiendo archivos en C:\controlab-h\backend\node_modules\mysql2\typings\mysql\lib\

Auth.d.ts [Correcto]
Connection.d.ts [Correcto]
constants [Correcto]
parsers [Correcto]
Pool.d.ts [Correcto]
PoolCluster.d.ts [Correcto]
PoolConnection.d.ts [Correcto]
protocol [Correcto]
Server.d.ts [Correcto]

 Descomprimiendo archivos en C:\controlab-h\backend\node_modules\mysql2\typings\mysql\lib\constants\

Charsets.d.ts [Correcto]
CharsetToEncoding.d.ts [Correcto]
index.d.ts [Correcto]
Types.d.ts [Correcto]

 Descomprimiendo archivos en C:\controlab-h\backend\node_modules\mysql2\typings\mysql\lib\parsers\

index.d.ts [Correcto]
ParserCache.d.ts [Correcto]
typeCast.d.ts [Correcto]

 Descomprimiendo archivos en C:\controlab-h\backend\node_modules\mysql2\typings\mysql\lib\protocol\

packets [Correcto]
sequences [Correcto]

 Descomprimiendo archivos en C:\controlab-h\backend\node_modules\mysql2\typings\mysql\lib\protocol\packets\

Field.d.ts [Correcto]
FieldPacket.d.ts [Correcto]
index.d.ts [Correcto]
OkPacket.d.ts [Correcto]
params [Correcto]
ProcedurePacket.d.ts [Correcto]
ResultSetHeader.d.ts [Correcto]
RowDataPacket.d.ts [Correcto]

 Descomprimiendo archivos en C:\controlab-h\backend\node_modules\mysql2\typings\mysql\lib\protocol\packets\params\

ErrorPacketParams.d.ts [Correcto]
OkPacketParams.d.ts [Correcto]

 Descomprimiendo archivos en C:\controlab-h\backend\node_modules\mysql2\typings\mysql\lib\protocol\sequences\

ExecutableBase.d.ts [Correcto]
Prepare.d.ts [Correcto]
promise [Correcto]
Query.d.ts [Correcto]
QueryableBase.d.ts [Correcto]
Sequence.d.ts [Correcto]

 Descomprimiendo archivos en C:\controlab-h\backend\node_modules\mysql2\typings\mysql\lib\protocol\sequences\promise\

ExecutableBase.d.ts [Correcto]
QueryableBase.d.ts [Correcto]

 Descomprimiendo archivos en C:\controlab-h\backend\node_modules\named-placeholders\

index.js [Correcto]
LICENSE [Correcto]
package.json [Correcto]
README.md [Correcto]

 Descomprimiendo archivos en C:\controlab-h\backend\node_modules\native-duplexpair\

.npmignore [Correcto]
.travis.yml [Correcto]
code-of-conduct.md [Correcto]
index.js [Correcto]
LICENSE [Correcto]
package.json [Correcto]
README.md [Correcto]
test [Correcto]

 Descomprimiendo archivos en C:\controlab-h\backend\node_modules\native-duplexpair\test\

index.js [Correcto]

 Descomprimiendo archivos en C:\controlab-h\backend\node_modules\negotiator\

HISTORY.md [Correcto]
index.js [Correcto]
lib [Correcto]
LICENSE [Correcto]
package.json [Correcto]
README.md [Correcto]

 Descomprimiendo archivos en C:\controlab-h\backend\node_modules\negotiator\lib\

charset.js [Correcto]
encoding.js [Correcto]
language.js [Correcto]
mediaType.js [Correcto]

 Descomprimiendo archivos en C:\controlab-h\backend\node_modules\nodemon\

.prettierrc.json [Correcto]
bin [Correcto]
doc [Correcto]
index.d.ts [Correcto]
jsconfig.json [Correcto]
lib [Correcto]
LICENSE [Correcto]
package.json [Correcto]
README.md [Correcto]

 Descomprimiendo archivos en C:\controlab-h\backend\node_modules\nodemon\bin\

nodemon.js [Correcto]
windows-kill.exe [Correcto]

 Descomprimiendo archivos en C:\controlab-h\backend\node_modules\nodemon\doc\

cli [Correcto]

 Descomprimiendo archivos en C:\controlab-h\backend\node_modules\nodemon\doc\cli\

authors.txt [Correcto]
config.txt [Correcto]
help.txt [Correcto]
logo.txt [Correcto]
options.txt [Correcto]
topics.txt [Correcto]
usage.txt [Correcto]
whoami.txt [Correcto]

 Descomprimiendo archivos en C:\controlab-h\backend\node_modules\nodemon\lib\

cli [Correcto]
config [Correcto]
help [Correcto]
index.js [Correcto]
monitor [Correcto]
nodemon.js [Correcto]
rules [Correcto]
spawn.js [Correcto]
utils [Correcto]
version.js [Correcto]

 Descomprimiendo archivos en C:\controlab-h\backend\node_modules\nodemon\lib\cli\

index.js [Correcto]
parse.js [Correcto]

 Descomprimiendo archivos en C:\controlab-h\backend\node_modules\nodemon\lib\config\

command.js [Correcto]
defaults.js [Correcto]
exec.js [Correcto]
index.js [Correcto]
load.js [Correcto]

 Descomprimiendo archivos en C:\controlab-h\backend\node_modules\nodemon\lib\help\

index.js [Correcto]

 Descomprimiendo archivos en C:\controlab-h\backend\node_modules\nodemon\lib\monitor\

index.js [Correcto]
match.js [Correcto]
run.js [Correcto]
signals.js [Correcto]
watch.js [Correcto]

 Descomprimiendo archivos en C:\controlab-h\backend\node_modules\nodemon\lib\rules\

add.js [Correcto]
index.js [Correcto]
parse.js [Correcto]

 Descomprimiendo archivos en C:\controlab-h\backend\node_modules\nodemon\lib\utils\

bus.js [Correcto]
clone.js [Correcto]
colour.js [Correcto]
index.js [Correcto]
log.js [Correcto]
merge.js [Correcto]

 Descomprimiendo archivos en C:\controlab-h\backend\node_modules\normalize-path\

index.js [Correcto]
LICENSE [Correcto]
package.json [Correcto]
README.md [Correcto]

 Descomprimiendo archivos en C:\controlab-h\backend\node_modules\object-assign\

index.js [Correcto]
license [Correcto]
package.json [Correcto]
readme.md [Correcto]

 Descomprimiendo archivos en C:\controlab-h\backend\node_modules\object-inspect\

.eslintrc [Correcto]
.github [Correcto]
.nycrc [Correcto]
CHANGELOG.md [Correcto]
example [Correcto]
index.js [Correcto]
LICENSE [Correcto]
package-support.json [Correcto]
package.json [Correcto]
readme.markdown [Correcto]
test [Correcto]
test-core-js.js [Correcto]
util.inspect.js [Correcto]

 Descomprimiendo archivos en C:\controlab-h\backend\node_modules\object-inspect\.github\

FUNDING.yml [Correcto]

 Descomprimiendo archivos en C:\controlab-h\backend\node_modules\object-inspect\example\

all.js [Correcto]
circular.js [Correcto]
fn.js [Correcto]
inspect.js [Correcto]

 Descomprimiendo archivos en C:\controlab-h\backend\node_modules\object-inspect\test\

bigint.js [Correcto]
browser [Correcto]
circular.js [Correcto]
deep.js [Correcto]
element.js [Correcto]
err.js [Correcto]
fakes.js [Correcto]
fn.js [Correcto]
global.js [Correcto]
has.js [Correcto]
holes.js [Correcto]
indent-option.js [Correcto]
inspect.js [Correcto]
lowbyte.js [Correcto]
number.js [Correcto]
quoteStyle.js [Correcto]
toStringTag.js [Correcto]
undef.js [Correcto]
values.js [Correcto]

 Descomprimiendo archivos en C:\controlab-h\backend\node_modules\object-inspect\test\browser\

dom.js [Correcto]

 Descomprimiendo archivos en C:\controlab-h\backend\node_modules\ohash\

dist [Correcto]
LICENSE [Correcto]
package.json [Correcto]
README.md [Correcto]

 Descomprimiendo archivos en C:\controlab-h\backend\node_modules\ohash\dist\

crypto [Correcto]
index.d.mts [Correcto]
index.mjs [Correcto]
shared [Correcto]
utils [Correcto]

 Descomprimiendo archivos en C:\controlab-h\backend\node_modules\ohash\dist\crypto\

js [Correcto]
node [Correcto]

 Descomprimiendo archivos en C:\controlab-h\backend\node_modules\ohash\dist\crypto\js\

index.d.mts [Correcto]
index.mjs [Correcto]

 Descomprimiendo archivos en C:\controlab-h\backend\node_modules\ohash\dist\crypto\node\

index.d.mts [Correcto]
index.mjs [Correcto]

 Descomprimiendo archivos en C:\controlab-h\backend\node_modules\ohash\dist\shared\

ohash.CMR0vuBX.d.mts [Correcto]
ohash.CMR0vuBX.d.ts [Correcto]
ohash.D__AXeF1.mjs [Correcto]

 Descomprimiendo archivos en C:\controlab-h\backend\node_modules\ohash\dist\utils\

index.d.mts [Correcto]
index.d.ts [Correcto]
index.mjs [Correcto]

 Descomprimiendo archivos en C:\controlab-h\backend\node_modules\on-finished\

HISTORY.md [Correcto]
index.js [Correcto]
LICENSE [Correcto]
package.json [Correcto]
README.md [Correcto]

 Descomprimiendo archivos en C:\controlab-h\backend\node_modules\once\

LICENSE [Correcto]
once.js [Correcto]
package.json [Correcto]
README.md [Correcto]

 Descomprimiendo archivos en C:\controlab-h\backend\node_modules\open\

index.d.ts [Correcto]
index.js [Correcto]
license [Correcto]
package.json [Correcto]
readme.md [Correcto]
xdg-open [Correcto]

 Descomprimiendo archivos en C:\controlab-h\backend\node_modules\parseurl\

HISTORY.md [Correcto]
index.js [Correcto]
LICENSE [Correcto]
package.json [Correcto]
README.md [Correcto]

 Descomprimiendo archivos en C:\controlab-h\backend\node_modules\path-key\

index.d.ts [Correcto]
index.js [Correcto]
license [Correcto]
package.json [Correcto]
readme.md [Correcto]

 Descomprimiendo archivos en C:\controlab-h\backend\node_modules\path-to-regexp\

dist [Correcto]
LICENSE [Correcto]
package.json [Correcto]
Readme.md [Correcto]

 Descomprimiendo archivos en C:\controlab-h\backend\node_modules\path-to-regexp\dist\

index.d.ts [Correcto]
index.js [Correcto]
index.js.map [Correcto]

 Descomprimiendo archivos en C:\controlab-h\backend\node_modules\pathe\

dist [Correcto]
LICENSE [Correcto]
package.json [Correcto]
README.md [Correcto]
utils.d.ts [Correcto]

 Descomprimiendo archivos en C:\controlab-h\backend\node_modules\pathe\dist\

index.cjs [Correcto]
index.d.cts [Correcto]
index.d.mts [Correcto]
index.d.ts [Correcto]
index.mjs [Correcto]
shared [Correcto]
utils.cjs [Correcto]
utils.d.cts [Correcto]
utils.d.mts [Correcto]
utils.d.ts [Correcto]
utils.mjs [Correcto]

 Descomprimiendo archivos en C:\controlab-h\backend\node_modules\pathe\dist\shared\

pathe.BSlhyZSM.cjs [Correcto]
pathe.M-eThtNZ.mjs [Correcto]

 Descomprimiendo archivos en C:\controlab-h\backend\node_modules\perfect-debounce\

dist [Correcto]
LICENSE [Correcto]
package.json [Correcto]
README.md [Correcto]

 Descomprimiendo archivos en C:\controlab-h\backend\node_modules\perfect-debounce\dist\

index.d.mts [Correcto]
index.mjs [Correcto]

 Descomprimiendo archivos en C:\controlab-h\backend\node_modules\picomatch\

index.js [Correcto]
lib [Correcto]
LICENSE [Correcto]
package.json [Correcto]
README.md [Correcto]

 Descomprimiendo archivos en C:\controlab-h\backend\node_modules\picomatch\lib\

constants.js [Correcto]
parse.js [Correcto]
picomatch.js [Correcto]
scan.js [Correcto]
utils.js [Correcto]

 Descomprimiendo archivos en C:\controlab-h\backend\node_modules\pkg-types\

dist [Correcto]
LICENSE [Correcto]
package.json [Correcto]
README.md [Correcto]

 Descomprimiendo archivos en C:\controlab-h\backend\node_modules\pkg-types\dist\

index.d.mts [Correcto]
index.mjs [Correcto]

 Descomprimiendo archivos en C:\controlab-h\backend\node_modules\postgres\

cf [Correcto]
cjs [Correcto]
package.json [Correcto]
README.md [Correcto]
src [Correcto]
types [Correcto]

 Descomprimiendo archivos en C:\controlab-h\backend\node_modules\postgres\cf\

polyfills.js [Correcto]
src [Correcto]

 Descomprimiendo archivos en C:\controlab-h\backend\node_modules\postgres\cf\src\

bytes.js [Correcto]
connection.js [Correcto]
errors.js [Correcto]
index.js [Correcto]
large.js [Correcto]
query.js [Correcto]
queue.js [Correcto]
result.js [Correcto]
subscribe.js [Correcto]
types.js [Correcto]

 Descomprimiendo archivos en C:\controlab-h\backend\node_modules\postgres\cjs\

package.json [Correcto]
src [Correcto]

 Descomprimiendo archivos en C:\controlab-h\backend\node_modules\postgres\cjs\src\

bytes.js [Correcto]
connection.js [Correcto]
errors.js [Correcto]
index.js [Correcto]
large.js [Correcto]
query.js [Correcto]
queue.js [Correcto]
result.js [Correcto]
subscribe.js [Correcto]
types.js [Correcto]

 Descomprimiendo archivos en C:\controlab-h\backend\node_modules\postgres\src\

bytes.js [Correcto]
connection.js [Correcto]
errors.js [Correcto]
index.js [Correcto]
large.js [Correcto]
query.js [Correcto]
queue.js [Correcto]
result.js [Correcto]
subscribe.js [Correcto]
types.js [Correcto]

 Descomprimiendo archivos en C:\controlab-h\backend\node_modules\postgres\types\

index.d.ts [Correcto]
package.json [Correcto]
tsconfig.json [Correcto]

 Descomprimiendo archivos en C:\controlab-h\backend\node_modules\prisma\

build [Correcto]
config.d.ts [Correcto]
config.js [Correcto]
dist [Correcto]
LICENSE [Correcto]
package.json [Correcto]
preinstall [Correcto]
README.md [Correcto]
scripts [Correcto]

 Descomprimiendo archivos en C:\controlab-h\backend\node_modules\prisma\build\

child.js [Correcto]
index.js [Correcto]
prisma_schema_build_bg.wasm [Correcto]
query_compiler_fast_bg.cockroachdb.js [Correcto]
query_compiler_fast_bg.cockroachdb.mjs [Correcto]
query_compiler_fast_bg.cockroachdb.wasm [Correcto]
query_compiler_fast_bg.mysql.js [Correcto]
query_compiler_fast_bg.mysql.mjs [Correcto]
query_compiler_fast_bg.mysql.wasm [Correcto]
query_compiler_fast_bg.postgresql.js [Correcto]
query_compiler_fast_bg.postgresql.mjs [Correcto]
query_compiler_fast_bg.postgresql.wasm [Correcto]
query_compiler_fast_bg.sqlite.js [Correcto]
query_compiler_fast_bg.sqlite.mjs [Correcto]
query_compiler_fast_bg.sqlite.wasm [Correcto]
query_compiler_fast_bg.sqlserver.js [Correcto]
query_compiler_fast_bg.sqlserver.mjs [Correcto]
query_compiler_fast_bg.sqlserver.wasm [Correcto]
query_compiler_small_bg.cockroachdb.js [Correcto]
query_compiler_small_bg.cockroachdb.mjs [Correcto]
query_compiler_small_bg.cockroachdb.wasm [Correcto]
query_compiler_small_bg.mysql.js [Correcto]
query_compiler_small_bg.mysql.mjs [Correcto]
query_compiler_small_bg.mysql.wasm [Correcto]
query_compiler_small_bg.postgresql.js [Correcto]
query_compiler_small_bg.postgresql.mjs [Correcto]
query_compiler_small_bg.postgresql.wasm [Correcto]
query_compiler_small_bg.sqlite.js [Correcto]
query_compiler_small_bg.sqlite.mjs [Correcto]
query_compiler_small_bg.sqlite.wasm [Correcto]
query_compiler_small_bg.sqlserver.js [Correcto]
query_compiler_small_bg.sqlserver.mjs [Correcto]
query_compiler_small_bg.sqlserver.wasm [Correcto]
schema_engine_bg.wasm [Correcto]
studio.css [Correcto]
studio.js [Correcto]
xdg-open [Correcto]

 Descomprimiendo archivos en C:\controlab-h\backend\node_modules\prisma\dist\

cli [Correcto]

 Descomprimiendo archivos en C:\controlab-h\backend\node_modules\prisma\dist\cli\

src [Correcto]

 Descomprimiendo archivos en C:\controlab-h\backend\node_modules\prisma\dist\cli\src\

types.d.ts [Correcto]

 Descomprimiendo archivos en C:\controlab-h\backend\node_modules\prisma\preinstall\

index.js [Correcto]

 Descomprimiendo archivos en C:\controlab-h\backend\node_modules\prisma\scripts\

preinstall-entry.js [Correcto]

 Descomprimiendo archivos en C:\controlab-h\backend\node_modules\process\

.eslintrc [Correcto]
browser.js [Correcto]
index.js [Correcto]
LICENSE [Correcto]
package.json [Correcto]
README.md [Correcto]
test.js [Correcto]

 Descomprimiendo archivos en C:\controlab-h\backend\node_modules\proper-lockfile\

CHANGELOG.md [Correcto]
index.js [Correcto]
lib [Correcto]
LICENSE [Correcto]
node_modules [Correcto]
package.json [Correcto]
README.md [Correcto]

 Descomprimiendo archivos en C:\controlab-h\backend\node_modules\proper-lockfile\lib\

adapter.js [Correcto]
lockfile.js [Correcto]
mtime-precision.js [Correcto]

 Descomprimiendo archivos en C:\controlab-h\backend\node_modules\proper-lockfile\node_modules\

signal-exit [Correcto]

 Descomprimiendo archivos en C:\controlab-h\backend\node_modules\proper-lockfile\node_modules\signal-exit\

index.js [Correcto]
LICENSE.txt [Correcto]
package.json [Correcto]
README.md [Correcto]
signals.js [Correcto]

 Descomprimiendo archivos en C:\controlab-h\backend\node_modules\proxy-addr\

HISTORY.md [Correcto]
index.js [Correcto]
LICENSE [Correcto]
package.json [Correcto]
README.md [Correcto]

 Descomprimiendo archivos en C:\controlab-h\backend\node_modules\pstree.remy\

.travis.yml [Correcto]
lib [Correcto]
LICENSE [Correcto]
package.json [Correcto]
README.md [Correcto]
tests [Correcto]

 Descomprimiendo archivos en C:\controlab-h\backend\node_modules\pstree.remy\lib\

index.js [Correcto]
tree.js [Correcto]
utils.js [Correcto]

 Descomprimiendo archivos en C:\controlab-h\backend\node_modules\pstree.remy\tests\

fixtures [Correcto]
index.test.js [Correcto]

 Descomprimiendo archivos en C:\controlab-h\backend\node_modules\pstree.remy\tests\fixtures\

index.js [Correcto]
out1 [Correcto]
out2 [Correcto]

 Descomprimiendo archivos en C:\controlab-h\backend\node_modules\pure-rand\

CHANGELOG.md [Correcto]
lib [Correcto]
LICENSE [Correcto]
package.json [Correcto]
README.md [Correcto]

 Descomprimiendo archivos en C:\controlab-h\backend\node_modules\pure-rand\lib\

distribution [Correcto]
esm [Correcto]
generator [Correcto]
pure-rand-default.js [Correcto]
pure-rand.js [Correcto]
types [Correcto]

 Descomprimiendo archivos en C:\controlab-h\backend\node_modules\pure-rand\lib\distribution\

Distribution.js [Correcto]
internals [Correcto]
UniformArrayIntDistribution.js [Correcto]
UniformBigIntDistribution.js [Correcto]
UniformIntDistribution.js [Correcto]
UnsafeUniformArrayIntDistribution.js [Correcto]
UnsafeUniformBigIntDistribution.js [Correcto]
UnsafeUniformIntDistribution.js [Correcto]

 Descomprimiendo archivos en C:\controlab-h\backend\node_modules\pure-rand\lib\distribution\internals\

ArrayInt.js [Correcto]
UnsafeUniformArrayIntDistributionInternal.js [Correcto]
UnsafeUniformIntDistributionInternal.js [Correcto]

 Descomprimiendo archivos en C:\controlab-h\backend\node_modules\pure-rand\lib\esm\

distribution [Correcto]
generator [Correcto]
package.json [Correcto]
pure-rand-default.js [Correcto]
pure-rand.js [Correcto]
types [Correcto]

 Descomprimiendo archivos en C:\controlab-h\backend\node_modules\pure-rand\lib\esm\distribution\

Distribution.js [Correcto]
internals [Correcto]
UniformArrayIntDistribution.js [Correcto]
UniformBigIntDistribution.js [Correcto]
UniformIntDistribution.js [Correcto]
UnsafeUniformArrayIntDistribution.js [Correcto]
UnsafeUniformBigIntDistribution.js [Correcto]
UnsafeUniformIntDistribution.js [Correcto]

 Descomprimiendo archivos en C:\controlab-h\backend\node_modules\pure-rand\lib\esm\distribution\internals\

ArrayInt.js [Correcto]
UnsafeUniformArrayIntDistributionInternal.js [Correcto]
UnsafeUniformIntDistributionInternal.js [Correcto]

 Descomprimiendo archivos en C:\controlab-h\backend\node_modules\pure-rand\lib\esm\generator\

LinearCongruential.js [Correcto]
MersenneTwister.js [Correcto]
RandomGenerator.js [Correcto]
XoroShiro.js [Correcto]
XorShift.js [Correcto]

 Descomprimiendo archivos en C:\controlab-h\backend\node_modules\pure-rand\lib\esm\types\

distribution [Correcto]
generator [Correcto]
pure-rand-default.d.ts [Correcto]
pure-rand.d.ts [Correcto]

 Descomprimiendo archivos en C:\controlab-h\backend\node_modules\pure-rand\lib\esm\types\distribution\

Distribution.d.ts [Correcto]
internals [Correcto]
UniformArrayIntDistribution.d.ts [Correcto]
UniformBigIntDistribution.d.ts [Correcto]
UniformIntDistribution.d.ts [Correcto]
UnsafeUniformArrayIntDistribution.d.ts [Correcto]
UnsafeUniformBigIntDistribution.d.ts [Correcto]
UnsafeUniformIntDistribution.d.ts [Correcto]

 Descomprimiendo archivos en C:\controlab-h\backend\node_modules\pure-rand\lib\esm\types\distribution\internals\

ArrayInt.d.ts [Correcto]
UnsafeUniformArrayIntDistributionInternal.d.ts [Correcto]
UnsafeUniformIntDistributionInternal.d.ts [Correcto]

 Descomprimiendo archivos en C:\controlab-h\backend\node_modules\pure-rand\lib\esm\types\generator\

LinearCongruential.d.ts [Correcto]
MersenneTwister.d.ts [Correcto]
RandomGenerator.d.ts [Correcto]
XoroShiro.d.ts [Correcto]
XorShift.d.ts [Correcto]

 Descomprimiendo archivos en C:\controlab-h\backend\node_modules\pure-rand\lib\generator\

LinearCongruential.js [Correcto]
MersenneTwister.js [Correcto]
RandomGenerator.js [Correcto]
XoroShiro.js [Correcto]
XorShift.js [Correcto]

 Descomprimiendo archivos en C:\controlab-h\backend\node_modules\pure-rand\lib\types\

distribution [Correcto]
generator [Correcto]
pure-rand-default.d.ts [Correcto]
pure-rand.d.ts [Correcto]

 Descomprimiendo archivos en C:\controlab-h\backend\node_modules\pure-rand\lib\types\distribution\

Distribution.d.ts [Correcto]
internals [Correcto]
UniformArrayIntDistribution.d.ts [Correcto]
UniformBigIntDistribution.d.ts [Correcto]
UniformIntDistribution.d.ts [Correcto]
UnsafeUniformArrayIntDistribution.d.ts [Correcto]
UnsafeUniformBigIntDistribution.d.ts [Correcto]
UnsafeUniformIntDistribution.d.ts [Correcto]

 Descomprimiendo archivos en C:\controlab-h\backend\node_modules\pure-rand\lib\types\distribution\internals\

ArrayInt.d.ts [Correcto]
UnsafeUniformArrayIntDistributionInternal.d.ts [Correcto]
UnsafeUniformIntDistributionInternal.d.ts [Correcto]

 Descomprimiendo archivos en C:\controlab-h\backend\node_modules\pure-rand\lib\types\generator\

LinearCongruential.d.ts [Correcto]
MersenneTwister.d.ts [Correcto]
RandomGenerator.d.ts [Correcto]
XoroShiro.d.ts [Correcto]
XorShift.d.ts [Correcto]

 Descomprimiendo archivos en C:\controlab-h\backend\node_modules\qs\

.editorconfig [Correcto]
.github [Correcto]
.nycrc [Correcto]
CHANGELOG.md [Correcto]
dist [Correcto]
eslint.config.mjs [Correcto]
lib [Correcto]
LICENSE.md [Correcto]
package.json [Correcto]
README.md [Correcto]
test [Correcto]

 Descomprimiendo archivos en C:\controlab-h\backend\node_modules\qs\.github\

FUNDING.yml [Correcto]
SECURITY.md [Correcto]
THREAT_MODEL.md [Correcto]

 Descomprimiendo archivos en C:\controlab-h\backend\node_modules\qs\dist\

qs.js [Correcto]

 Descomprimiendo archivos en C:\controlab-h\backend\node_modules\qs\lib\

formats.js [Correcto]
index.js [Correcto]
parse.js [Correcto]
stringify.js [Correcto]
utils.js [Correcto]

 Descomprimiendo archivos en C:\controlab-h\backend\node_modules\qs\test\

empty-keys-cases.js [Correcto]
parse.js [Correcto]
stringify.js [Correcto]
utils.js [Correcto]

 Descomprimiendo archivos en C:\controlab-h\backend\node_modules\range-parser\

HISTORY.md [Correcto]
index.js [Correcto]
LICENSE [Correcto]
package.json [Correcto]
README.md [Correcto]

 Descomprimiendo archivos en C:\controlab-h\backend\node_modules\raw-body\

index.d.ts [Correcto]
index.js [Correcto]
LICENSE [Correcto]
package.json [Correcto]
README.md [Correcto]

 Descomprimiendo archivos en C:\controlab-h\backend\node_modules\rc9\

dist [Correcto]
LICENSE [Correcto]
package.json [Correcto]
README.md [Correcto]

 Descomprimiendo archivos en C:\controlab-h\backend\node_modules\rc9\dist\

index.d.mts [Correcto]
index.mjs [Correcto]
THIRD-PARTY-LICENSES.md [Correcto]
_chunks [Correcto]

 Descomprimiendo archivos en C:\controlab-h\backend\node_modules\rc9\dist\_chunks\

libs [Correcto]

 Descomprimiendo archivos en C:\controlab-h\backend\node_modules\rc9\dist\_chunks\libs\

flat.mjs [Correcto]

 Descomprimiendo archivos en C:\controlab-h\backend\node_modules\react\

cjs [Correcto]
compiler-runtime.js [Correcto]
index.js [Correcto]
jsx-dev-runtime.js [Correcto]
jsx-dev-runtime.react-server.js [Correcto]
jsx-runtime.js [Correcto]
jsx-runtime.react-server.js [Correcto]
LICENSE [Correcto]
package.json [Correcto]
react.react-server.js [Correcto]
README.md [Correcto]

 Descomprimiendo archivos en C:\controlab-h\backend\node_modules\react\cjs\

react-compiler-runtime.development.js [Correcto]
react-compiler-runtime.production.js [Correcto]
react-compiler-runtime.profiling.js [Correcto]
react-jsx-dev-runtime.development.js [Correcto]
react-jsx-dev-runtime.production.js [Correcto]
react-jsx-dev-runtime.profiling.js [Correcto]
react-jsx-dev-runtime.react-server.development.js [Correcto]
react-jsx-dev-runtime.react-server.production.js [Correcto]
react-jsx-runtime.development.js [Correcto]
react-jsx-runtime.production.js [Correcto]
react-jsx-runtime.profiling.js [Correcto]
react-jsx-runtime.react-server.development.js [Correcto]
react-jsx-runtime.react-server.production.js [Correcto]
react.development.js [Correcto]
react.production.js [Correcto]
react.react-server.development.js [Correcto]
react.react-server.production.js [Correcto]

 Descomprimiendo archivos en C:\controlab-h\backend\node_modules\react-dom\

cjs [Correcto]
client.js [Correcto]
client.react-server.js [Correcto]
index.js [Correcto]
LICENSE [Correcto]
package.json [Correcto]
profiling.js [Correcto]
profiling.react-server.js [Correcto]
react-dom.react-server.js [Correcto]
README.md [Correcto]
server.browser.js [Correcto]
server.bun.js [Correcto]
server.edge.js [Correcto]
server.js [Correcto]
server.node.js [Correcto]
server.react-server.js [Correcto]
static.browser.js [Correcto]
static.edge.js [Correcto]
static.js [Correcto]
static.node.js [Correcto]
static.react-server.js [Correcto]
test-utils.js [Correcto]

 Descomprimiendo archivos en C:\controlab-h\backend\node_modules\react-dom\cjs\

react-dom-client.development.js [Correcto]
react-dom-client.production.js [Correcto]
react-dom-profiling.development.js [Correcto]
react-dom-profiling.profiling.js [Correcto]
react-dom-server-legacy.browser.development.js [Correcto]
react-dom-server-legacy.browser.production.js [Correcto]
react-dom-server-legacy.node.development.js [Correcto]
react-dom-server-legacy.node.production.js [Correcto]
react-dom-server.browser.development.js [Correcto]
react-dom-server.browser.production.js [Correcto]
react-dom-server.bun.development.js [Correcto]
react-dom-server.bun.production.js [Correcto]
react-dom-server.edge.development.js [Correcto]
react-dom-server.edge.production.js [Correcto]
react-dom-server.node.development.js [Correcto]
react-dom-server.node.production.js [Correcto]
react-dom-test-utils.development.js [Correcto]
react-dom-test-utils.production.js [Correcto]
react-dom.development.js [Correcto]
react-dom.production.js [Correcto]
react-dom.react-server.development.js [Correcto]
react-dom.react-server.production.js [Correcto]

 Descomprimiendo archivos en C:\controlab-h\backend\node_modules\readable-stream\

lib [Correcto]
LICENSE [Correcto]
package.json [Correcto]
README.md [Correcto]

 Descomprimiendo archivos en C:\controlab-h\backend\node_modules\readable-stream\lib\

internal [Correcto]
ours [Correcto]
stream [Correcto]
stream.js [Correcto]
_stream_duplex.js [Correcto]
_stream_passthrough.js [Correcto]
_stream_readable.js [Correcto]
_stream_transform.js [Correcto]
_stream_writable.js [Correcto]

 Descomprimiendo archivos en C:\controlab-h\backend\node_modules\readable-stream\lib\internal\

streams [Correcto]
validators.js [Correcto]

 Descomprimiendo archivos en C:\controlab-h\backend\node_modules\readable-stream\lib\internal\streams\

add-abort-signal.js [Correcto]
buffer_list.js [Correcto]
compose.js [Correcto]
destroy.js [Correcto]
duplex.js [Correcto]
duplexify.js [Correcto]
end-of-stream.js [Correcto]
from.js [Correcto]
lazy_transform.js [Correcto]
legacy.js [Correcto]
operators.js [Correcto]
passthrough.js [Correcto]
pipeline.js [Correcto]
readable.js [Correcto]
state.js [Correcto]
transform.js [Correcto]
utils.js [Correcto]
writable.js [Correcto]

 Descomprimiendo archivos en C:\controlab-h\backend\node_modules\readable-stream\lib\ours\

browser.js [Correcto]
errors.js [Correcto]
index.js [Correcto]
primordials.js [Correcto]
util [Correcto]
util.js [Correcto]

 Descomprimiendo archivos en C:\controlab-h\backend\node_modules\readable-stream\lib\ours\util\

inspect.js [Correcto]

 Descomprimiendo archivos en C:\controlab-h\backend\node_modules\readable-stream\lib\stream\

promises.js [Correcto]

 Descomprimiendo archivos en C:\controlab-h\backend\node_modules\readdirp\

index.d.ts [Correcto]
index.js [Correcto]
LICENSE [Correcto]
package.json [Correcto]
README.md [Correcto]

 Descomprimiendo archivos en C:\controlab-h\backend\node_modules\remeda\

dist [Correcto]
package.json [Correcto]
README.md [Correcto]

 Descomprimiendo archivos en C:\controlab-h\backend\node_modules\remeda\dist\

add.cjs [Correcto]
add.cjs.map [Correcto]
add.js [Correcto]
add.js.map [Correcto]
addProp.cjs [Correcto]
addProp.cjs.map [Correcto]
addProp.js [Correcto]
addProp.js.map [Correcto]
allPass.cjs [Correcto]
allPass.cjs.map [Correcto]
allPass.js [Correcto]
allPass.js.map [Correcto]
anyPass.cjs [Correcto]
anyPass.cjs.map [Correcto]
anyPass.js [Correcto]
anyPass.js.map [Correcto]
binarySearchCutoffIndex-Bdl6tV2n.js [Correcto]
binarySearchCutoffIndex-Bdl6tV2n.js.map [Correcto]
binarySearchCutoffIndex-Cgz2eJ3b.cjs [Correcto]
binarySearchCutoffIndex-Cgz2eJ3b.cjs.map [Correcto]
capitalize.cjs [Correcto]
capitalize.cjs.map [Correcto]
capitalize.js [Correcto]
capitalize.js.map [Correcto]
ceil.cjs [Correcto]
ceil.cjs.map [Correcto]
ceil.js [Correcto]
ceil.js.map [Correcto]
chunk.cjs [Correcto]
chunk.cjs.map [Correcto]
chunk.js [Correcto]
chunk.js.map [Correcto]
clamp.cjs [Correcto]
clamp.cjs.map [Correcto]
clamp.js [Correcto]
clamp.js.map [Correcto]
clone.cjs [Correcto]
clone.cjs.map [Correcto]
clone.js [Correcto]
clone.js.map [Correcto]
concat.cjs [Correcto]
concat.cjs.map [Correcto]
concat.js [Correcto]
concat.js.map [Correcto]
conditional-CbyGGQT0.js [Correcto]
conditional-CbyGGQT0.js.map [Correcto]
conditional-DAH-6cGE.cjs [Correcto]
conditional-DAH-6cGE.cjs.map [Correcto]
conditional.cjs [Correcto]
conditional.js [Correcto]
constant.cjs [Correcto]
constant.cjs.map [Correcto]
constant.js [Correcto]
constant.js.map [Correcto]
countBy.cjs [Correcto]
countBy.cjs.map [Correcto]
countBy.js [Correcto]
countBy.js.map [Correcto]
debounce.cjs [Correcto]
debounce.cjs.map [Correcto]
debounce.js [Correcto]
debounce.js.map [Correcto]
defaultTo.cjs [Correcto]
defaultTo.cjs.map [Correcto]
defaultTo.js [Correcto]
defaultTo.js.map [Correcto]
difference.cjs [Correcto]
difference.cjs.map [Correcto]
difference.js [Correcto]
difference.js.map [Correcto]
differenceWith.cjs [Correcto]
differenceWith.cjs.map [Correcto]
differenceWith.js [Correcto]
differenceWith.js.map [Correcto]
divide.cjs [Correcto]
divide.cjs.map [Correcto]
divide.js [Correcto]
divide.js.map [Correcto]
doNothing.cjs [Correcto]
doNothing.cjs.map [Correcto]
doNothing.js [Correcto]
doNothing.js.map [Correcto]
drop.cjs [Correcto]
drop.cjs.map [Correcto]
drop.js [Correcto]
drop.js.map [Correcto]
dropFirstBy.cjs [Correcto]
dropFirstBy.cjs.map [Correcto]
dropFirstBy.js [Correcto]
dropFirstBy.js.map [Correcto]
dropLast.cjs [Correcto]
dropLast.cjs.map [Correcto]
dropLast.js [Correcto]
dropLast.js.map [Correcto]
dropLastWhile.cjs [Correcto]
dropLastWhile.cjs.map [Correcto]
dropLastWhile.js [Correcto]
dropLastWhile.js.map [Correcto]
dropWhile.cjs [Correcto]
dropWhile.cjs.map [Correcto]
dropWhile.js [Correcto]
dropWhile.js.map [Correcto]
endsWith.cjs [Correcto]
endsWith.cjs.map [Correcto]
endsWith.js [Correcto]
endsWith.js.map [Correcto]
entries.cjs [Correcto]
entries.cjs.map [Correcto]
entries.js [Correcto]
entries.js.map [Correcto]
evolve.cjs [Correcto]
evolve.cjs.map [Correcto]
evolve.js [Correcto]
evolve.js.map [Correcto]
filter.cjs [Correcto]
filter.cjs.map [Correcto]
filter.js [Correcto]
filter.js.map [Correcto]
find.cjs [Correcto]
find.cjs.map [Correcto]
find.js [Correcto]
find.js.map [Correcto]
findIndex.cjs [Correcto]
findIndex.cjs.map [Correcto]
findIndex.js [Correcto]
findIndex.js.map [Correcto]
findLast.cjs [Correcto]
findLast.cjs.map [Correcto]
findLast.js [Correcto]
findLast.js.map [Correcto]
findLastIndex.cjs [Correcto]
findLastIndex.cjs.map [Correcto]
findLastIndex.js [Correcto]
findLastIndex.js.map [Correcto]
first.cjs [Correcto]
first.cjs.map [Correcto]
first.js [Correcto]
first.js.map [Correcto]
firstBy.cjs [Correcto]
firstBy.cjs.map [Correcto]
firstBy.js [Correcto]
firstBy.js.map [Correcto]
flat.cjs [Correcto]
flat.cjs.map [Correcto]
flat.js [Correcto]
flat.js.map [Correcto]
flatMap.cjs [Correcto]
flatMap.cjs.map [Correcto]
flatMap.js [Correcto]
flatMap.js.map [Correcto]
floor.cjs [Correcto]
floor.cjs.map [Correcto]
floor.js [Correcto]
floor.js.map [Correcto]
forEach.cjs [Correcto]
forEach.cjs.map [Correcto]
forEach.js [Correcto]
forEach.js.map [Correcto]
forEachObj.cjs [Correcto]
forEachObj.cjs.map [Correcto]
forEachObj.js [Correcto]
forEachObj.js.map [Correcto]
fromEntries.cjs [Correcto]
fromEntries.cjs.map [Correcto]
fromEntries.js [Correcto]
fromEntries.js.map [Correcto]
fromKeys.cjs [Correcto]
fromKeys.cjs.map [Correcto]
fromKeys.js [Correcto]
fromKeys.js.map [Correcto]
funnel.cjs [Correcto]
funnel.cjs.map [Correcto]
funnel.js [Correcto]
funnel.js.map [Correcto]
groupBy.cjs [Correcto]
groupBy.cjs.map [Correcto]
groupBy.js [Correcto]
groupBy.js.map [Correcto]
groupByProp.cjs [Correcto]
groupByProp.cjs.map [Correcto]
groupByProp.js [Correcto]
groupByProp.js.map [Correcto]
hasAtLeast-BfO0atOv.cjs [Correcto]
hasAtLeast-BfO0atOv.cjs.map [Correcto]
hasAtLeast-C6VESifI.js [Correcto]
hasAtLeast-C6VESifI.js.map [Correcto]
hasAtLeast.cjs [Correcto]
hasAtLeast.js [Correcto]
hasSubObject.cjs [Correcto]
hasSubObject.cjs.map [Correcto]
hasSubObject.js [Correcto]
hasSubObject.js.map [Correcto]
heap-BAgaPbFD.cjs [Correcto]
heap-BAgaPbFD.cjs.map [Correcto]
heap-CmRflSHM.js [Correcto]
heap-CmRflSHM.js.map [Correcto]
identity.cjs [Correcto]
identity.cjs.map [Correcto]
identity.js [Correcto]
identity.js.map [Correcto]
index.cjs [Correcto]
index.d.cts [Correcto]
index.d.cts.map [Correcto]
index.d.ts [Correcto]
index.d.ts.map [Correcto]
index.js [Correcto]
indexBy.cjs [Correcto]
indexBy.cjs.map [Correcto]
indexBy.js [Correcto]
indexBy.js.map [Correcto]
intersection.cjs [Correcto]
intersection.cjs.map [Correcto]
intersection.js [Correcto]
intersection.js.map [Correcto]
intersectionWith.cjs [Correcto]
intersectionWith.cjs.map [Correcto]
intersectionWith.js [Correcto]
intersectionWith.js.map [Correcto]
invert.cjs [Correcto]
invert.cjs.map [Correcto]
invert.js [Correcto]
invert.js.map [Correcto]
isArray.cjs [Correcto]
isArray.cjs.map [Correcto]
isArray.js [Correcto]
isArray.js.map [Correcto]
isBigInt.cjs [Correcto]
isBigInt.cjs.map [Correcto]
isBigInt.js [Correcto]
isBigInt.js.map [Correcto]
isBoolean.cjs [Correcto]
isBoolean.cjs.map [Correcto]
isBoolean.js [Correcto]
isBoolean.js.map [Correcto]
isDate.cjs [Correcto]
isDate.cjs.map [Correcto]
isDate.js [Correcto]
isDate.js.map [Correcto]
isDeepEqual.cjs [Correcto]
isDeepEqual.cjs.map [Correcto]
isDeepEqual.js [Correcto]
isDeepEqual.js.map [Correcto]
isDefined.cjs [Correcto]
isDefined.cjs.map [Correcto]
isDefined.js [Correcto]
isDefined.js.map [Correcto]
isEmpty.cjs [Correcto]
isEmpty.cjs.map [Correcto]
isEmpty.js [Correcto]
isEmpty.js.map [Correcto]
isEmptyish.cjs [Correcto]
isEmptyish.cjs.map [Correcto]
isEmptyish.js [Correcto]
isEmptyish.js.map [Correcto]
isError.cjs [Correcto]
isError.cjs.map [Correcto]
isError.js [Correcto]
isError.js.map [Correcto]
isFunction.cjs [Correcto]
isFunction.cjs.map [Correcto]
isFunction.js [Correcto]
isFunction.js.map [Correcto]
isIncludedIn.cjs [Correcto]
isIncludedIn.cjs.map [Correcto]
isIncludedIn.js [Correcto]
isIncludedIn.js.map [Correcto]
isNonNull.cjs [Correcto]
isNonNull.cjs.map [Correcto]
isNonNull.js [Correcto]
isNonNull.js.map [Correcto]
isNonNullish.cjs [Correcto]
isNonNullish.cjs.map [Correcto]
isNonNullish.js [Correcto]
isNonNullish.js.map [Correcto]
isNot.cjs [Correcto]
isNot.cjs.map [Correcto]
isNot.js [Correcto]
isNot.js.map [Correcto]
isNullish.cjs [Correcto]
isNullish.cjs.map [Correcto]
isNullish.js [Correcto]
isNullish.js.map [Correcto]
isNumber.cjs [Correcto]
isNumber.cjs.map [Correcto]
isNumber.js [Correcto]
isNumber.js.map [Correcto]
isObjectType.cjs [Correcto]
isObjectType.cjs.map [Correcto]
isObjectType.js [Correcto]
isObjectType.js.map [Correcto]
isPlainObject.cjs [Correcto]
isPlainObject.cjs.map [Correcto]
isPlainObject.js [Correcto]
isPlainObject.js.map [Correcto]
isPromise.cjs [Correcto]
isPromise.cjs.map [Correcto]
isPromise.js [Correcto]
isPromise.js.map [Correcto]
isShallowEqual.cjs [Correcto]
isShallowEqual.cjs.map [Correcto]
isShallowEqual.js [Correcto]
isShallowEqual.js.map [Correcto]
isStrictEqual.cjs [Correcto]
isStrictEqual.cjs.map [Correcto]
isStrictEqual.js [Correcto]
isStrictEqual.js.map [Correcto]
isString.cjs [Correcto]
isString.cjs.map [Correcto]
isString.js [Correcto]
isString.js.map [Correcto]
isSymbol.cjs [Correcto]
isSymbol.cjs.map [Correcto]
isSymbol.js [Correcto]
isSymbol.js.map [Correcto]
isTruthy.cjs [Correcto]
isTruthy.cjs.map [Correcto]
isTruthy.js [Correcto]
isTruthy.js.map [Correcto]
join.cjs [Correcto]
join.cjs.map [Correcto]
join.js [Correcto]
join.js.map [Correcto]
keys.cjs [Correcto]
keys.cjs.map [Correcto]
keys.js [Correcto]
keys.js.map [Correcto]
last.cjs [Correcto]
last.cjs.map [Correcto]
last.js [Correcto]
last.js.map [Correcto]
lazyDataLastImpl-DdpJofHC.cjs [Correcto]
lazyDataLastImpl-DdpJofHC.cjs.map [Correcto]
lazyDataLastImpl-DtF3cihj.js [Correcto]
lazyDataLastImpl-DtF3cihj.js.map [Correcto]
length.cjs [Correcto]
length.cjs.map [Correcto]
length.js [Correcto]
length.js.map [Correcto]
map.cjs [Correcto]
map.cjs.map [Correcto]
map.js [Correcto]
map.js.map [Correcto]
mapKeys.cjs [Correcto]
mapKeys.cjs.map [Correcto]
mapKeys.js [Correcto]
mapKeys.js.map [Correcto]
mapToObj.cjs [Correcto]
mapToObj.cjs.map [Correcto]
mapToObj.js [Correcto]
mapToObj.js.map [Correcto]
mapValues.cjs [Correcto]
mapValues.cjs.map [Correcto]
mapValues.js [Correcto]
mapValues.js.map [Correcto]
mapWithFeedback.cjs [Correcto]
mapWithFeedback.cjs.map [Correcto]
mapWithFeedback.js [Correcto]
mapWithFeedback.js.map [Correcto]
mean.cjs [Correcto]
mean.cjs.map [Correcto]
mean.js [Correcto]
mean.js.map [Correcto]
meanBy.cjs [Correcto]
meanBy.cjs.map [Correcto]
meanBy.js [Correcto]
meanBy.js.map [Correcto]
median.cjs [Correcto]
median.cjs.map [Correcto]
median.js [Correcto]
median.js.map [Correcto]
merge.cjs [Correcto]
merge.cjs.map [Correcto]
merge.js [Correcto]
merge.js.map [Correcto]
mergeAll.cjs [Correcto]
mergeAll.cjs.map [Correcto]
mergeAll.js [Correcto]
mergeAll.js.map [Correcto]
mergeDeep.cjs [Correcto]
mergeDeep.cjs.map [Correcto]
mergeDeep.js [Correcto]
mergeDeep.js.map [Correcto]
multiply.cjs [Correcto]
multiply.cjs.map [Correcto]
multiply.js [Correcto]
multiply.js.map [Correcto]
nthBy-BAdA7NIc.js [Correcto]
nthBy-BAdA7NIc.js.map [Correcto]
nthBy-BuKDKHln.cjs [Correcto]
nthBy-BuKDKHln.cjs.map [Correcto]
nthBy.cjs [Correcto]
nthBy.js [Correcto]
objOf.cjs [Correcto]
objOf.cjs.map [Correcto]
objOf.js [Correcto]
objOf.js.map [Correcto]
omit.cjs [Correcto]
omit.cjs.map [Correcto]
omit.js [Correcto]
omit.js.map [Correcto]
omitBy.cjs [Correcto]
omitBy.cjs.map [Correcto]
omitBy.js [Correcto]
omitBy.js.map [Correcto]
once.cjs [Correcto]
once.cjs.map [Correcto]
once.js [Correcto]
once.js.map [Correcto]
only.cjs [Correcto]
only.cjs.map [Correcto]
only.js [Correcto]
only.js.map [Correcto]
partialBind.cjs [Correcto]
partialBind.cjs.map [Correcto]
partialBind.js [Correcto]
partialBind.js.map [Correcto]
partialLastBind.cjs [Correcto]
partialLastBind.cjs.map [Correcto]
partialLastBind.js [Correcto]
partialLastBind.js.map [Correcto]
partition.cjs [Correcto]
partition.cjs.map [Correcto]
partition.js [Correcto]
partition.js.map [Correcto]
pathOr.cjs [Correcto]
pathOr.cjs.map [Correcto]
pathOr.js [Correcto]
pathOr.js.map [Correcto]
pick.cjs [Correcto]
pick.cjs.map [Correcto]
pick.js [Correcto]
pick.js.map [Correcto]
pickBy.cjs [Correcto]
pickBy.cjs.map [Correcto]
pickBy.js [Correcto]
pickBy.js.map [Correcto]
pipe-CRsqNjLF.js [Correcto]
pipe-CRsqNjLF.js.map [Correcto]
pipe-Dw7DdqoP.cjs [Correcto]
pipe-Dw7DdqoP.cjs.map [Correcto]
pipe.cjs [Correcto]
pipe.js [Correcto]
piped.cjs [Correcto]
piped.cjs.map [Correcto]
piped.js [Correcto]
piped.js.map [Correcto]
product.cjs [Correcto]
product.cjs.map [Correcto]
product.js [Correcto]
product.js.map [Correcto]
prop.cjs [Correcto]
prop.cjs.map [Correcto]
prop.js [Correcto]
prop.js.map [Correcto]
pullObject.cjs [Correcto]
pullObject.cjs.map [Correcto]
pullObject.js [Correcto]
pullObject.js.map [Correcto]
purry-3_3M-Pet.cjs [Correcto]
purry-3_3M-Pet.cjs.map [Correcto]
purry-GjwKKIlp.js [Correcto]
purry-GjwKKIlp.js.map [Correcto]
purry.cjs [Correcto]
purry.js [Correcto]
purryFromLazy-C1RBdBlx.js [Correcto]
purryFromLazy-C1RBdBlx.js.map [Correcto]
purryFromLazy-tuFvR-GT.cjs [Correcto]
purryFromLazy-tuFvR-GT.cjs.map [Correcto]
purryOrderRules-LBeHSsQr.js [Correcto]
purryOrderRules-LBeHSsQr.js.map [Correcto]
purryOrderRules-Si4oUxGJ.cjs [Correcto]
purryOrderRules-Si4oUxGJ.cjs.map [Correcto]
randomBigInt.cjs [Correcto]
randomBigInt.cjs.map [Correcto]
randomBigInt.js [Correcto]
randomBigInt.js.map [Correcto]
randomInteger.cjs [Correcto]
randomInteger.cjs.map [Correcto]
randomInteger.js [Correcto]
randomInteger.js.map [Correcto]
randomString.cjs [Correcto]
randomString.cjs.map [Correcto]
randomString.js [Correcto]
randomString.js.map [Correcto]
range.cjs [Correcto]
range.cjs.map [Correcto]
range.js [Correcto]
range.js.map [Correcto]
rankBy.cjs [Correcto]
rankBy.cjs.map [Correcto]
rankBy.js [Correcto]
rankBy.js.map [Correcto]
reduce.cjs [Correcto]
reduce.cjs.map [Correcto]
reduce.js [Correcto]
reduce.js.map [Correcto]
reverse.cjs [Correcto]
reverse.cjs.map [Correcto]
reverse.js [Correcto]
reverse.js.map [Correcto]
round.cjs [Correcto]
round.cjs.map [Correcto]
round.js [Correcto]
round.js.map [Correcto]
sample.cjs [Correcto]
sample.cjs.map [Correcto]
sample.js [Correcto]
sample.js.map [Correcto]
set.cjs [Correcto]
set.cjs.map [Correcto]
set.js [Correcto]
set.js.map [Correcto]
setPath.cjs [Correcto]
setPath.cjs.map [Correcto]
setPath.js [Correcto]
setPath.js.map [Correcto]
shuffle.cjs [Correcto]
shuffle.cjs.map [Correcto]
shuffle.js [Correcto]
shuffle.js.map [Correcto]
sliceString.cjs [Correcto]
sliceString.cjs.map [Correcto]
sliceString.js [Correcto]
sliceString.js.map [Correcto]
sort.cjs [Correcto]
sort.cjs.map [Correcto]
sort.js [Correcto]
sort.js.map [Correcto]
sortBy.cjs [Correcto]
sortBy.cjs.map [Correcto]
sortBy.js [Correcto]
sortBy.js.map [Correcto]
sortedIndex.cjs [Correcto]
sortedIndex.cjs.map [Correcto]
sortedIndex.js [Correcto]
sortedIndex.js.map [Correcto]
sortedIndexBy.cjs [Correcto]
sortedIndexBy.cjs.map [Correcto]
sortedIndexBy.js [Correcto]
sortedIndexBy.js.map [Correcto]
sortedIndexWith.cjs [Correcto]
sortedIndexWith.cjs.map [Correcto]
sortedIndexWith.js [Correcto]
sortedIndexWith.js.map [Correcto]
sortedLastIndex.cjs [Correcto]
sortedLastIndex.cjs.map [Correcto]
sortedLastIndex.js [Correcto]
sortedLastIndex.js.map [Correcto]
sortedLastIndexBy.cjs [Correcto]
sortedLastIndexBy.cjs.map [Correcto]
sortedLastIndexBy.js [Correcto]
sortedLastIndexBy.js.map [Correcto]
splice.cjs [Correcto]
splice.cjs.map [Correcto]
splice.js [Correcto]
splice.js.map [Correcto]
split.cjs [Correcto]
split.cjs.map [Correcto]
split.js [Correcto]
split.js.map [Correcto]
splitAt.cjs [Correcto]
splitAt.cjs.map [Correcto]
splitAt.js [Correcto]
splitAt.js.map [Correcto]
splitWhen.cjs [Correcto]
splitWhen.cjs.map [Correcto]
splitWhen.js [Correcto]
splitWhen.js.map [Correcto]
startsWith.cjs [Correcto]
startsWith.cjs.map [Correcto]
startsWith.js [Correcto]
startsWith.js.map [Correcto]
stringToPath.cjs [Correcto]
stringToPath.cjs.map [Correcto]
stringToPath.js [Correcto]
stringToPath.js.map [Correcto]
subtract.cjs [Correcto]
subtract.cjs.map [Correcto]
subtract.js [Correcto]
subtract.js.map [Correcto]
sum.cjs [Correcto]
sum.cjs.map [Correcto]
sum.js [Correcto]
sum.js.map [Correcto]
sumBy.cjs [Correcto]
sumBy.cjs.map [Correcto]
sumBy.js [Correcto]
sumBy.js.map [Correcto]
swapIndices.cjs [Correcto]
swapIndices.cjs.map [Correcto]
swapIndices.js [Correcto]
swapIndices.js.map [Correcto]
swapInPlace-BGus-EG1.cjs [Correcto]
swapInPlace-BGus-EG1.cjs.map [Correcto]
swapInPlace-BLjuUtir.js [Correcto]
swapInPlace-BLjuUtir.js.map [Correcto]
swapProps.cjs [Correcto]
swapProps.cjs.map [Correcto]
swapProps.js [Correcto]
swapProps.js.map [Correcto]
take.cjs [Correcto]
take.cjs.map [Correcto]
take.js [Correcto]
take.js.map [Correcto]
takeFirstBy.cjs [Correcto]
takeFirstBy.cjs.map [Correcto]
takeFirstBy.js [Correcto]
takeFirstBy.js.map [Correcto]
takeLast.cjs [Correcto]
takeLast.cjs.map [Correcto]
takeLast.js [Correcto]
takeLast.js.map [Correcto]
takeLastWhile.cjs [Correcto]
takeLastWhile.cjs.map [Correcto]
takeLastWhile.js [Correcto]
takeLastWhile.js.map [Correcto]
takeWhile.cjs [Correcto]
takeWhile.cjs.map [Correcto]
takeWhile.js [Correcto]
takeWhile.js.map [Correcto]
tap.cjs [Correcto]
tap.cjs.map [Correcto]
tap.js [Correcto]
tap.js.map [Correcto]
times.cjs [Correcto]
times.cjs.map [Correcto]
times.js [Correcto]
times.js.map [Correcto]
toCamelCase.cjs [Correcto]
toCamelCase.cjs.map [Correcto]
toCamelCase.js [Correcto]
toCamelCase.js.map [Correcto]
toKebabCase.cjs [Correcto]
toKebabCase.cjs.map [Correcto]
toKebabCase.js [Correcto]
toKebabCase.js.map [Correcto]
toLowerCase.cjs [Correcto]
toLowerCase.cjs.map [Correcto]
toLowerCase.js [Correcto]
toLowerCase.js.map [Correcto]
toSingle-CGZ0h6zD.js [Correcto]
toSingle-CGZ0h6zD.js.map [Correcto]
toSingle-D6hV57e0.cjs [Correcto]
toSingle-D6hV57e0.cjs.map [Correcto]
toSnakeCase.cjs [Correcto]
toSnakeCase.cjs.map [Correcto]
toSnakeCase.js [Correcto]
toSnakeCase.js.map [Correcto]
toTitleCase.cjs [Correcto]
toTitleCase.cjs.map [Correcto]
toTitleCase.js [Correcto]
toTitleCase.js.map [Correcto]
toUpperCase.cjs [Correcto]
toUpperCase.cjs.map [Correcto]
toUpperCase.js [Correcto]
toUpperCase.js.map [Correcto]
truncate.cjs [Correcto]
truncate.cjs.map [Correcto]
truncate.js [Correcto]
truncate.js.map [Correcto]
uncapitalize.cjs [Correcto]
uncapitalize.cjs.map [Correcto]
uncapitalize.js [Correcto]
uncapitalize.js.map [Correcto]
unique.cjs [Correcto]
unique.cjs.map [Correcto]
unique.js [Correcto]
unique.js.map [Correcto]
uniqueBy.cjs [Correcto]
uniqueBy.cjs.map [Correcto]
uniqueBy.js [Correcto]
uniqueBy.js.map [Correcto]
uniqueWith.cjs [Correcto]
uniqueWith.cjs.map [Correcto]
uniqueWith.js [Correcto]
uniqueWith.js.map [Correcto]
utilityEvaluators-CEX-n1-J.cjs [Correcto]
utilityEvaluators-CEX-n1-J.cjs.map [Correcto]
utilityEvaluators-D7O7U3FY.js [Correcto]
utilityEvaluators-D7O7U3FY.js.map [Correcto]
values.cjs [Correcto]
values.cjs.map [Correcto]
values.js [Correcto]
values.js.map [Correcto]
when.cjs [Correcto]
when.cjs.map [Correcto]
when.js [Correcto]
when.js.map [Correcto]
withPrecision-BWCostXm.cjs [Correcto]
withPrecision-BWCostXm.cjs.map [Correcto]
withPrecision-CGLvbgFW.js [Correcto]
withPrecision-CGLvbgFW.js.map [Correcto]
words-idA5_J31.js [Correcto]
words-idA5_J31.js.map [Correcto]
words-tWG2QPXb.cjs [Correcto]
words-tWG2QPXb.cjs.map [Correcto]
zip.cjs [Correcto]
zip.cjs.map [Correcto]
zip.js [Correcto]
zip.js.map [Correcto]
zipWith.cjs [Correcto]
zipWith.cjs.map [Correcto]
zipWith.js [Correcto]
zipWith.js.map [Correcto]

 Descomprimiendo archivos en C:\controlab-h\backend\node_modules\require-from-string\

index.js [Correcto]
license [Correcto]
package.json [Correcto]
readme.md [Correcto]

 Descomprimiendo archivos en C:\controlab-h\backend\node_modules\retry\

.npmignore [Correcto]
.travis.yml [Correcto]
equation.gif [Correcto]
example [Correcto]
index.js [Correcto]
lib [Correcto]
License [Correcto]
Makefile [Correcto]
package.json [Correcto]
README.md [Correcto]
test [Correcto]

 Descomprimiendo archivos en C:\controlab-h\backend\node_modules\retry\example\

dns.js [Correcto]
stop.js [Correcto]

 Descomprimiendo archivos en C:\controlab-h\backend\node_modules\retry\lib\

retry.js [Correcto]
retry_operation.js [Correcto]

 Descomprimiendo archivos en C:\controlab-h\backend\node_modules\retry\test\

common.js [Correcto]
integration [Correcto]

 Descomprimiendo archivos en C:\controlab-h\backend\node_modules\retry\test\integration\

test-forever.js [Correcto]
test-retry-operation.js [Correcto]
test-retry-wrap.js [Correcto]
test-timeouts.js [Correcto]

 Descomprimiendo archivos en C:\controlab-h\backend\node_modules\router\

HISTORY.md [Correcto]
index.js [Correcto]
lib [Correcto]
LICENSE [Correcto]
package.json [Correcto]
README.md [Correcto]

 Descomprimiendo archivos en C:\controlab-h\backend\node_modules\router\lib\

layer.js [Correcto]
route.js [Correcto]

 Descomprimiendo archivos en C:\controlab-h\backend\node_modules\run-applescript\

index.d.ts [Correcto]
index.js [Correcto]
license [Correcto]
package.json [Correcto]
readme.md [Correcto]

 Descomprimiendo archivos en C:\controlab-h\backend\node_modules\safe-buffer\

index.d.ts [Correcto]
index.js [Correcto]
LICENSE [Correcto]
package.json [Correcto]
README.md [Correcto]

 Descomprimiendo archivos en C:\controlab-h\backend\node_modules\safer-buffer\

dangerous.js [Correcto]
LICENSE [Correcto]
package.json [Correcto]
Porting-Buffer.md [Correcto]
Readme.md [Correcto]
safer.js [Correcto]
tests.js [Correcto]

 Descomprimiendo archivos en C:\controlab-h\backend\node_modules\scheduler\

cjs [Correcto]
index.js [Correcto]
index.native.js [Correcto]
LICENSE [Correcto]
package.json [Correcto]
README.md [Correcto]
unstable_mock.js [Correcto]
unstable_post_task.js [Correcto]

 Descomprimiendo archivos en C:\controlab-h\backend\node_modules\scheduler\cjs\

scheduler-unstable_mock.development.js [Correcto]
scheduler-unstable_mock.production.js [Correcto]
scheduler-unstable_post_task.development.js [Correcto]
scheduler-unstable_post_task.production.js [Correcto]
scheduler.development.js [Correcto]
scheduler.native.development.js [Correcto]
scheduler.native.production.js [Correcto]
scheduler.production.js [Correcto]

 Descomprimiendo archivos en C:\controlab-h\backend\node_modules\semver\

bin [Correcto]
classes [Correcto]
functions [Correcto]
index.js [Correcto]
internal [Correcto]
LICENSE [Correcto]
package.json [Correcto]
preload.js [Correcto]
range.bnf [Correcto]
ranges [Correcto]
README.md [Correcto]

 Descomprimiendo archivos en C:\controlab-h\backend\node_modules\semver\bin\

semver.js [Correcto]

 Descomprimiendo archivos en C:\controlab-h\backend\node_modules\semver\classes\

comparator.js [Correcto]
index.js [Correcto]
range.js [Correcto]
semver.js [Correcto]

 Descomprimiendo archivos en C:\controlab-h\backend\node_modules\semver\functions\

clean.js [Correcto]
cmp.js [Correcto]
coerce.js [Correcto]
compare-build.js [Correcto]
compare-loose.js [Correcto]
compare.js [Correcto]
diff.js [Correcto]
eq.js [Correcto]
gt.js [Correcto]
gte.js [Correcto]
inc.js [Correcto]
lt.js [Correcto]
lte.js [Correcto]
major.js [Correcto]
minor.js [Correcto]
neq.js [Correcto]
parse.js [Correcto]
patch.js [Correcto]
prerelease.js [Correcto]
rcompare.js [Correcto]
rsort.js [Correcto]
satisfies.js [Correcto]
sort.js [Correcto]
truncate.js [Correcto]
valid.js [Correcto]

 Descomprimiendo archivos en C:\controlab-h\backend\node_modules\semver\internal\

constants.js [Correcto]
debug.js [Correcto]
identifiers.js [Correcto]
lrucache.js [Correcto]
parse-options.js [Correcto]
re.js [Correcto]

 Descomprimiendo archivos en C:\controlab-h\backend\node_modules\semver\ranges\

gtr.js [Correcto]
intersects.js [Correcto]
ltr.js [Correcto]
max-satisfying.js [Correcto]
min-satisfying.js [Correcto]
min-version.js [Correcto]
outside.js [Correcto]
simplify.js [Correcto]
subset.js [Correcto]
to-comparators.js [Correcto]
valid.js [Correcto]

 Descomprimiendo archivos en C:\controlab-h\backend\node_modules\send\

index.js [Correcto]
LICENSE [Correcto]
package.json [Correcto]
README.md [Correcto]

 Descomprimiendo archivos en C:\controlab-h\backend\node_modules\seq-queue\

.jshintrc [Correcto]
.npmignore [Correcto]
AUTHORS [Correcto]
index.js [Correcto]
lib [Correcto]
LICENSE [Correcto]
Makefile [Correcto]
package.json [Correcto]
README.md [Correcto]
test [Correcto]

 Descomprimiendo archivos en C:\controlab-h\backend\node_modules\seq-queue\lib\

.npmignore [Correcto]
seq-queue.js [Correcto]

 Descomprimiendo archivos en C:\controlab-h\backend\node_modules\seq-queue\test\

seq-queue-test.js [Correcto]

 Descomprimiendo archivos en C:\controlab-h\backend\node_modules\serve-static\

index.js [Correcto]
LICENSE [Correcto]
package.json [Correcto]
README.md [Correcto]

 Descomprimiendo archivos en C:\controlab-h\backend\node_modules\setprototypeof\

index.d.ts [Correcto]
index.js [Correcto]
LICENSE [Correcto]
package.json [Correcto]
README.md [Correcto]
test [Correcto]

 Descomprimiendo archivos en C:\controlab-h\backend\node_modules\setprototypeof\test\

index.js [Correcto]

 Descomprimiendo archivos en C:\controlab-h\backend\node_modules\shebang-command\

index.js [Correcto]
license [Correcto]
package.json [Correcto]
readme.md [Correcto]

 Descomprimiendo archivos en C:\controlab-h\backend\node_modules\shebang-regex\

index.d.ts [Correcto]
index.js [Correcto]
license [Correcto]
package.json [Correcto]
readme.md [Correcto]

 Descomprimiendo archivos en C:\controlab-h\backend\node_modules\side-channel\

.editorconfig [Correcto]
.eslintrc [Correcto]
.github [Correcto]
.nycrc [Correcto]
CHANGELOG.md [Correcto]
index.d.ts [Correcto]
index.js [Correcto]
LICENSE [Correcto]
package.json [Correcto]
README.md [Correcto]
test [Correcto]
tsconfig.json [Correcto]

 Descomprimiendo archivos en C:\controlab-h\backend\node_modules\side-channel\.github\

FUNDING.yml [Correcto]

 Descomprimiendo archivos en C:\controlab-h\backend\node_modules\side-channel\test\

index.js [Correcto]

 Descomprimiendo archivos en C:\controlab-h\backend\node_modules\side-channel-list\

.editorconfig [Correcto]
.eslintrc [Correcto]
.github [Correcto]
.nycrc [Correcto]
CHANGELOG.md [Correcto]
index.d.ts [Correcto]
index.js [Correcto]
LICENSE [Correcto]
list.d.ts [Correcto]
package.json [Correcto]
README.md [Correcto]
test [Correcto]
tsconfig.json [Correcto]

 Descomprimiendo archivos en C:\controlab-h\backend\node_modules\side-channel-list\.github\

FUNDING.yml [Correcto]

 Descomprimiendo archivos en C:\controlab-h\backend\node_modules\side-channel-list\test\

index.js [Correcto]

 Descomprimiendo archivos en C:\controlab-h\backend\node_modules\side-channel-map\

.editorconfig [Correcto]
.eslintrc [Correcto]
.github [Correcto]
.nycrc [Correcto]
CHANGELOG.md [Correcto]
index.d.ts [Correcto]
index.js [Correcto]
LICENSE [Correcto]
package.json [Correcto]
README.md [Correcto]
test [Correcto]
tsconfig.json [Correcto]

 Descomprimiendo archivos en C:\controlab-h\backend\node_modules\side-channel-map\.github\

FUNDING.yml [Correcto]

 Descomprimiendo archivos en C:\controlab-h\backend\node_modules\side-channel-map\test\

index.js [Correcto]

 Descomprimiendo archivos en C:\controlab-h\backend\node_modules\side-channel-weakmap\

.editorconfig [Correcto]
.eslintrc [Correcto]
.github [Correcto]
.nycrc [Correcto]
CHANGELOG.md [Correcto]
index.d.ts [Correcto]
index.js [Correcto]
LICENSE [Correcto]
package.json [Correcto]
README.md [Correcto]
test [Correcto]
tsconfig.json [Correcto]

 Descomprimiendo archivos en C:\controlab-h\backend\node_modules\side-channel-weakmap\.github\

FUNDING.yml [Correcto]

 Descomprimiendo archivos en C:\controlab-h\backend\node_modules\side-channel-weakmap\test\

index.js [Correcto]

 Descomprimiendo archivos en C:\controlab-h\backend\node_modules\signal-exit\

dist [Correcto]
LICENSE.txt [Correcto]
package.json [Correcto]
README.md [Correcto]

 Descomprimiendo archivos en C:\controlab-h\backend\node_modules\signal-exit\dist\

cjs [Correcto]
mjs [Correcto]

 Descomprimiendo archivos en C:\controlab-h\backend\node_modules\signal-exit\dist\cjs\

browser.d.ts [Correcto]
browser.d.ts.map [Correcto]
browser.js [Correcto]
browser.js.map [Correcto]
index.d.ts [Correcto]
index.d.ts.map [Correcto]
index.js [Correcto]
index.js.map [Correcto]
package.json [Correcto]
signals.d.ts [Correcto]
signals.d.ts.map [Correcto]
signals.js [Correcto]
signals.js.map [Correcto]

 Descomprimiendo archivos en C:\controlab-h\backend\node_modules\signal-exit\dist\mjs\

browser.d.ts [Correcto]
browser.d.ts.map [Correcto]
browser.js [Correcto]
browser.js.map [Correcto]
index.d.ts [Correcto]
index.d.ts.map [Correcto]
index.js [Correcto]
index.js.map [Correcto]
package.json [Correcto]
signals.d.ts [Correcto]
signals.d.ts.map [Correcto]
signals.js [Correcto]
signals.js.map [Correcto]

 Descomprimiendo archivos en C:\controlab-h\backend\node_modules\simple-update-notifier\

build [Correcto]
LICENSE [Correcto]
package.json [Correcto]
README.md [Correcto]
src [Correcto]

 Descomprimiendo archivos en C:\controlab-h\backend\node_modules\simple-update-notifier\build\

index.d.ts [Correcto]
index.js [Correcto]

 Descomprimiendo archivos en C:\controlab-h\backend\node_modules\simple-update-notifier\src\

borderedText.ts [Correcto]
cache.spec.ts [Correcto]
cache.ts [Correcto]
getDistVersion.spec.ts [Correcto]
getDistVersion.ts [Correcto]
hasNewVersion.spec.ts [Correcto]
hasNewVersion.ts [Correcto]
index.spec.ts [Correcto]
index.ts [Correcto]
isNpmOrYarn.ts [Correcto]
types.ts [Correcto]

 Descomprimiendo archivos en C:\controlab-h\backend\node_modules\sprintf-js\

CONTRIBUTORS.md [Correcto]
dist [Correcto]
LICENSE [Correcto]
package.json [Correcto]
README.md [Correcto]
src [Correcto]

 Descomprimiendo archivos en C:\controlab-h\backend\node_modules\sprintf-js\dist\

.gitattributes [Correcto]
angular-sprintf.min.js [Correcto]
angular-sprintf.min.js.map [Correcto]
sprintf.min.js [Correcto]
sprintf.min.js.map [Correcto]

 Descomprimiendo archivos en C:\controlab-h\backend\node_modules\sprintf-js\src\

angular-sprintf.js [Correcto]
sprintf.js [Correcto]

 Descomprimiendo archivos en C:\controlab-h\backend\node_modules\sqlstring\

HISTORY.md [Correcto]
index.js [Correcto]
lib [Correcto]
LICENSE [Correcto]
package.json [Correcto]
README.md [Correcto]

 Descomprimiendo archivos en C:\controlab-h\backend\node_modules\sqlstring\lib\

SqlString.js [Correcto]

 Descomprimiendo archivos en C:\controlab-h\backend\node_modules\statuses\

codes.json [Correcto]
HISTORY.md [Correcto]
index.js [Correcto]
LICENSE [Correcto]
package.json [Correcto]
README.md [Correcto]

 Descomprimiendo archivos en C:\controlab-h\backend\node_modules\std-env\

dist [Correcto]
LICENCE [Correcto]
package.json [Correcto]
README.md [Correcto]

 Descomprimiendo archivos en C:\controlab-h\backend\node_modules\std-env\dist\

index.cjs [Correcto]
index.d.cts [Correcto]
index.d.mts [Correcto]
index.d.ts [Correcto]
index.mjs [Correcto]

 Descomprimiendo archivos en C:\controlab-h\backend\node_modules\string_decoder\

lib [Correcto]
LICENSE [Correcto]
package.json [Correcto]
README.md [Correcto]

 Descomprimiendo archivos en C:\controlab-h\backend\node_modules\string_decoder\lib\

string_decoder.js [Correcto]

 Descomprimiendo archivos en C:\controlab-h\backend\node_modules\supports-color\

browser.js [Correcto]
index.js [Correcto]
license [Correcto]
package.json [Correcto]
readme.md [Correcto]

 Descomprimiendo archivos en C:\controlab-h\backend\node_modules\tarn\

dist [Correcto]
LICENSE [Correcto]
package.json [Correcto]
README.md [Correcto]

 Descomprimiendo archivos en C:\controlab-h\backend\node_modules\tarn\dist\

PendingOperation.d.ts [Correcto]
PendingOperation.js [Correcto]
Pool.d.ts [Correcto]
Pool.js [Correcto]
PromiseInspection.d.ts [Correcto]
PromiseInspection.js [Correcto]
Resource.d.ts [Correcto]
Resource.js [Correcto]
tarn.d.ts [Correcto]
tarn.js [Correcto]
TimeoutError.d.ts [Correcto]
TimeoutError.js [Correcto]
utils.d.ts [Correcto]
utils.js [Correcto]

 Descomprimiendo archivos en C:\controlab-h\backend\node_modules\tedious\

appveyor.yml [Correcto]
eslint.config.mjs [Correcto]
lib [Correcto]
LICENSE [Correcto]
package.json [Correcto]
pull_request_template.md [Correcto]
README.md [Correcto]
tsconfig.build-types.json [Correcto]
tsconfig.json [Correcto]
types [Correcto]

 Descomprimiendo archivos en C:\controlab-h\backend\node_modules\tedious\lib\

all-headers.d.ts [Correcto]
all-headers.js [Correcto]
all-headers.js.map [Correcto]
always-encrypted [Correcto]
bulk-load-payload.d.ts [Correcto]
bulk-load-payload.js [Correcto]
bulk-load-payload.js.map [Correcto]
bulk-load.d.ts [Correcto]
bulk-load.js [Correcto]
bulk-load.js.map [Correcto]
collation.d.ts [Correcto]
collation.js [Correcto]
collation.js.map [Correcto]
connection.d.ts [Correcto]
connection.js [Correcto]
connection.js.map [Correcto]
connector.d.ts [Correcto]
connector.js [Correcto]
connector.js.map [Correcto]
data-type.d.ts [Correcto]
data-type.js [Correcto]
data-type.js.map [Correcto]
data-types [Correcto]
debug.d.ts [Correcto]
debug.js [Correcto]
debug.js.map [Correcto]
errors.d.ts [Correcto]
errors.js [Correcto]
errors.js.map [Correcto]
guid-parser.d.ts [Correcto]
guid-parser.js [Correcto]
guid-parser.js.map [Correcto]
incoming-message-stream.d.ts [Correcto]
incoming-message-stream.js [Correcto]
incoming-message-stream.js.map [Correcto]
instance-lookup.d.ts [Correcto]
instance-lookup.js [Correcto]
instance-lookup.js.map [Correcto]
library.d.ts [Correcto]
library.js [Correcto]
library.js.map [Correcto]
login7-payload.d.ts [Correcto]
login7-payload.js [Correcto]
login7-payload.js.map [Correcto]
message-io.d.ts [Correcto]
message-io.js [Correcto]
message-io.js.map [Correcto]
message.d.ts [Correcto]
message.js [Correcto]
message.js.map [Correcto]
metadata-parser.d.ts [Correcto]
metadata-parser.js [Correcto]
metadata-parser.js.map [Correcto]
ntlm-payload.d.ts [Correcto]
ntlm-payload.js [Correcto]
ntlm-payload.js.map [Correcto]
ntlm.d.ts [Correcto]
ntlm.js [Correcto]
ntlm.js.map [Correcto]
outgoing-message-stream.d.ts [Correcto]
outgoing-message-stream.js [Correcto]
outgoing-message-stream.js.map [Correcto]
packet.d.ts [Correcto]
packet.js [Correcto]
packet.js.map [Correcto]
prelogin-payload.d.ts [Correcto]
prelogin-payload.js [Correcto]
prelogin-payload.js.map [Correcto]
request.d.ts [Correcto]
request.js [Correcto]
request.js.map [Correcto]
rpcrequest-payload.d.ts [Correcto]
rpcrequest-payload.js [Correcto]
rpcrequest-payload.js.map [Correcto]
sender.d.ts [Correcto]
sender.js [Correcto]
sender.js.map [Correcto]
special-stored-procedure.d.ts [Correcto]
special-stored-procedure.js [Correcto]
special-stored-procedure.js.map [Correcto]
sqlbatch-payload.d.ts [Correcto]
sqlbatch-payload.js [Correcto]
sqlbatch-payload.js.map [Correcto]
tds-versions.d.ts [Correcto]
tds-versions.js [Correcto]
tds-versions.js.map [Correcto]
tedious.d.ts [Correcto]
tedious.js [Correcto]
tedious.js.map [Correcto]
token [Correcto]
tracking-buffer [Correcto]
transaction.d.ts [Correcto]
transaction.js [Correcto]
transaction.js.map [Correcto]
transient-error-lookup.d.ts [Correcto]
transient-error-lookup.js [Correcto]
transient-error-lookup.js.map [Correcto]
value-parser.d.ts [Correcto]
value-parser.js [Correcto]
value-parser.js.map [Correcto]

 Descomprimiendo archivos en C:\controlab-h\backend\node_modules\tedious\lib\always-encrypted\

aead-aes-256-cbc-hmac-algorithm.js [Correcto]
aead-aes-256-cbc-hmac-algorithm.js.map [Correcto]
aead-aes-256-cbc-hmac-encryption-key.js [Correcto]
aead-aes-256-cbc-hmac-encryption-key.js.map [Correcto]
cek-entry.d.ts [Correcto]
cek-entry.js [Correcto]
cek-entry.js.map [Correcto]
get-parameter-encryption-metadata.js [Correcto]
get-parameter-encryption-metadata.js.map [Correcto]
key-crypto.js [Correcto]
key-crypto.js.map [Correcto]
keystore-provider-azure-key-vault.d.ts [Correcto]
keystore-provider-azure-key-vault.js [Correcto]
keystore-provider-azure-key-vault.js.map [Correcto]
symmetric-key-cache.js [Correcto]
symmetric-key-cache.js.map [Correcto]
symmetric-key.js [Correcto]
symmetric-key.js.map [Correcto]
types.d.ts [Correcto]
types.js [Correcto]
types.js.map [Correcto]
utils.js [Correcto]
utils.js.map [Correcto]

 Descomprimiendo archivos en C:\controlab-h\backend\node_modules\tedious\lib\data-types\

bigint.d.ts [Correcto]
bigint.js [Correcto]
bigint.js.map [Correcto]
binary.d.ts [Correcto]
binary.js [Correcto]
binary.js.map [Correcto]
bit.d.ts [Correcto]
bit.js [Correcto]
bit.js.map [Correcto]
bitn.d.ts [Correcto]
bitn.js [Correcto]
bitn.js.map [Correcto]
char.d.ts [Correcto]
char.js [Correcto]
char.js.map [Correcto]
date.d.ts [Correcto]
date.js [Correcto]
date.js.map [Correcto]
datetime.d.ts [Correcto]
datetime.js [Correcto]
datetime.js.map [Correcto]
datetime2.d.ts [Correcto]
datetime2.js [Correcto]
datetime2.js.map [Correcto]
datetimen.d.ts [Correcto]
datetimen.js [Correcto]
datetimen.js.map [Correcto]
datetimeoffset.d.ts [Correcto]
datetimeoffset.js [Correcto]
datetimeoffset.js.map [Correcto]
decimal.d.ts [Correcto]
decimal.js [Correcto]
decimal.js.map [Correcto]
decimaln.d.ts [Correcto]
decimaln.js [Correcto]
decimaln.js.map [Correcto]
float.d.ts [Correcto]
float.js [Correcto]
float.js.map [Correcto]
floatn.d.ts [Correcto]
floatn.js [Correcto]
floatn.js.map [Correcto]
image.d.ts [Correcto]
image.js [Correcto]
image.js.map [Correcto]
int.d.ts [Correcto]
int.js [Correcto]
int.js.map [Correcto]
intn.d.ts [Correcto]
intn.js [Correcto]
intn.js.map [Correcto]
money.d.ts [Correcto]
money.js [Correcto]
money.js.map [Correcto]
moneyn.d.ts [Correcto]
moneyn.js [Correcto]
moneyn.js.map [Correcto]
nchar.d.ts [Correcto]
nchar.js [Correcto]
nchar.js.map [Correcto]
ntext.d.ts [Correcto]
ntext.js [Correcto]
ntext.js.map [Correcto]
null.d.ts [Correcto]
null.js [Correcto]
null.js.map [Correcto]
numeric.d.ts [Correcto]
numeric.js [Correcto]
numeric.js.map [Correcto]
numericn.d.ts [Correcto]
numericn.js [Correcto]
numericn.js.map [Correcto]
nvarchar.d.ts [Correcto]
nvarchar.js [Correcto]
nvarchar.js.map [Correcto]
real.d.ts [Correcto]
real.js [Correcto]
real.js.map [Correcto]
smalldatetime.d.ts [Correcto]
smalldatetime.js [Correcto]
smalldatetime.js.map [Correcto]
smallint.d.ts [Correcto]
smallint.js [Correcto]
smallint.js.map [Correcto]
smallmoney.d.ts [Correcto]
smallmoney.js [Correcto]
smallmoney.js.map [Correcto]
sql-variant.d.ts [Correcto]
sql-variant.js [Correcto]
sql-variant.js.map [Correcto]
text.d.ts [Correcto]
text.js [Correcto]
text.js.map [Correcto]
time.d.ts [Correcto]
time.js [Correcto]
time.js.map [Correcto]
tinyint.d.ts [Correcto]
tinyint.js [Correcto]
tinyint.js.map [Correcto]
tvp.d.ts [Correcto]
tvp.js [Correcto]
tvp.js.map [Correcto]
udt.d.ts [Correcto]
udt.js [Correcto]
udt.js.map [Correcto]
uniqueidentifier.d.ts [Correcto]
uniqueidentifier.js [Correcto]
uniqueidentifier.js.map [Correcto]
varbinary.d.ts [Correcto]
varbinary.js [Correcto]
varbinary.js.map [Correcto]
varchar.d.ts [Correcto]
varchar.js [Correcto]
varchar.js.map [Correcto]
xml.d.ts [Correcto]
xml.js [Correcto]
xml.js.map [Correcto]

 Descomprimiendo archivos en C:\controlab-h\backend\node_modules\tedious\lib\token\

colmetadata-token-parser.d.ts [Correcto]
colmetadata-token-parser.js [Correcto]
colmetadata-token-parser.js.map [Correcto]
done-token-parser.d.ts [Correcto]
done-token-parser.js [Correcto]
done-token-parser.js.map [Correcto]
env-change-token-parser.d.ts [Correcto]
env-change-token-parser.js [Correcto]
env-change-token-parser.js.map [Correcto]
feature-ext-ack-parser.d.ts [Correcto]
feature-ext-ack-parser.js [Correcto]
feature-ext-ack-parser.js.map [Correcto]
fedauth-info-parser.d.ts [Correcto]
fedauth-info-parser.js [Correcto]
fedauth-info-parser.js.map [Correcto]
handler.d.ts [Correcto]
handler.js [Correcto]
handler.js.map [Correcto]
helpers.d.ts [Correcto]
helpers.js [Correcto]
helpers.js.map [Correcto]
infoerror-token-parser.d.ts [Correcto]
infoerror-token-parser.js [Correcto]
infoerror-token-parser.js.map [Correcto]
loginack-token-parser.d.ts [Correcto]
loginack-token-parser.js [Correcto]
loginack-token-parser.js.map [Correcto]
nbcrow-token-parser.d.ts [Correcto]
nbcrow-token-parser.js [Correcto]
nbcrow-token-parser.js.map [Correcto]
order-token-parser.d.ts [Correcto]
order-token-parser.js [Correcto]
order-token-parser.js.map [Correcto]
returnstatus-token-parser.d.ts [Correcto]
returnstatus-token-parser.js [Correcto]
returnstatus-token-parser.js.map [Correcto]
returnvalue-token-parser.d.ts [Correcto]
returnvalue-token-parser.js [Correcto]
returnvalue-token-parser.js.map [Correcto]
row-token-parser.d.ts [Correcto]
row-token-parser.js [Correcto]
row-token-parser.js.map [Correcto]
sspi-token-parser.d.ts [Correcto]
sspi-token-parser.js [Correcto]
sspi-token-parser.js.map [Correcto]
stream-parser.d.ts [Correcto]
stream-parser.js [Correcto]
stream-parser.js.map [Correcto]
token-stream-parser.d.ts [Correcto]
token-stream-parser.js [Correcto]
token-stream-parser.js.map [Correcto]
token.d.ts [Correcto]
token.js [Correcto]
token.js.map [Correcto]

 Descomprimiendo archivos en C:\controlab-h\backend\node_modules\tedious\lib\tracking-buffer\

writable-tracking-buffer.d.ts [Correcto]
writable-tracking-buffer.js [Correcto]
writable-tracking-buffer.js.map [Correcto]

 Descomprimiendo archivos en C:\controlab-h\backend\node_modules\tedious\types\

js-md4.d.ts [Correcto]
native-duplexpair.d.ts [Correcto]

 Descomprimiendo archivos en C:\controlab-h\backend\node_modules\to-regex-range\

index.js [Correcto]
LICENSE [Correcto]
package.json [Correcto]
README.md [Correcto]

 Descomprimiendo archivos en C:\controlab-h\backend\node_modules\toidentifier\

HISTORY.md [Correcto]
index.js [Correcto]
LICENSE [Correcto]
package.json [Correcto]
README.md [Correcto]

 Descomprimiendo archivos en C:\controlab-h\backend\node_modules\touch\

bin [Correcto]
index.js [Correcto]
LICENSE [Correcto]
package.json [Correcto]
README.md [Correcto]

 Descomprimiendo archivos en C:\controlab-h\backend\node_modules\touch\bin\

nodetouch.js [Correcto]

 Descomprimiendo archivos en C:\controlab-h\backend\node_modules\tslib\

CopyrightNotice.txt [Correcto]
LICENSE.txt [Correcto]
modules [Correcto]
package.json [Correcto]
README.md [Correcto]
SECURITY.md [Correcto]
tslib.d.ts [Correcto]
tslib.es6.html [Correcto]
tslib.es6.js [Correcto]
tslib.es6.mjs [Correcto]
tslib.html [Correcto]
tslib.js [Correcto]

 Descomprimiendo archivos en C:\controlab-h\backend\node_modules\tslib\modules\

index.d.ts [Correcto]
index.js [Correcto]
package.json [Correcto]

 Descomprimiendo archivos en C:\controlab-h\backend\node_modules\type-is\

HISTORY.md [Correcto]
index.js [Correcto]
LICENSE [Correcto]
node_modules [Correcto]
package.json [Correcto]
README.md [Correcto]

 Descomprimiendo archivos en C:\controlab-h\backend\node_modules\type-is\node_modules\

content-type [Correcto]

 Descomprimiendo archivos en C:\controlab-h\backend\node_modules\type-is\node_modules\content-type\

dist [Correcto]
LICENSE [Correcto]
package.json [Correcto]
README.md [Correcto]

 Descomprimiendo archivos en C:\controlab-h\backend\node_modules\type-is\node_modules\content-type\dist\

index.d.ts [Correcto]
index.js [Correcto]
index.js.map [Correcto]

 Descomprimiendo archivos en C:\controlab-h\backend\node_modules\undefsafe\

.github [Correcto]
.jscsrc [Correcto]
.jshintrc [Correcto]
.travis.yml [Correcto]
example.js [Correcto]
lib [Correcto]
LICENSE [Correcto]
package.json [Correcto]
README.md [Correcto]

 Descomprimiendo archivos en C:\controlab-h\backend\node_modules\undefsafe\.github\

workflows [Correcto]

 Descomprimiendo archivos en C:\controlab-h\backend\node_modules\undefsafe\.github\workflows\

release.yml [Correcto]

 Descomprimiendo archivos en C:\controlab-h\backend\node_modules\undefsafe\lib\

undefsafe.js [Correcto]

 Descomprimiendo archivos en C:\controlab-h\backend\node_modules\undici-types\

agent.d.ts [Correcto]
api.d.ts [Correcto]
balanced-pool.d.ts [Correcto]
cache-interceptor.d.ts [Correcto]
cache.d.ts [Correcto]
client-stats.d.ts [Correcto]
client.d.ts [Correcto]
connector.d.ts [Correcto]
content-type.d.ts [Correcto]
cookies.d.ts [Correcto]
diagnostics-channel.d.ts [Correcto]
dispatcher.d.ts [Correcto]
dispatcher1-wrapper.d.ts [Correcto]
env-http-proxy-agent.d.ts [Correcto]
errors.d.ts [Correcto]
eventsource.d.ts [Correcto]
fetch.d.ts [Correcto]
formdata.d.ts [Correcto]
global-dispatcher.d.ts [Correcto]
global-origin.d.ts [Correcto]
h2c-client.d.ts [Correcto]
handlers.d.ts [Correcto]
header.d.ts [Correcto]
index.d.ts [Correcto]
interceptors.d.ts [Correcto]
LICENSE [Correcto]
mock-agent.d.ts [Correcto]
mock-call-history.d.ts [Correcto]
mock-client.d.ts [Correcto]
mock-errors.d.ts [Correcto]
mock-interceptor.d.ts [Correcto]
mock-pool.d.ts [Correcto]
package.json [Correcto]
patch.d.ts [Correcto]
pool-stats.d.ts [Correcto]
pool.d.ts [Correcto]
proxy-agent.d.ts [Correcto]
readable.d.ts [Correcto]
README.md [Correcto]
retry-agent.d.ts [Correcto]
retry-handler.d.ts [Correcto]
round-robin-pool.d.ts [Correcto]
snapshot-agent.d.ts [Correcto]
socks5-proxy-agent.d.ts [Correcto]
util.d.ts [Correcto]
utility.d.ts [Correcto]
webidl.d.ts [Correcto]
websocket.d.ts [Correcto]

 Descomprimiendo archivos en C:\controlab-h\backend\node_modules\unpipe\

HISTORY.md [Correcto]
index.js [Correcto]
LICENSE [Correcto]
package.json [Correcto]
README.md [Correcto]

 Descomprimiendo archivos en C:\controlab-h\backend\node_modules\valibot\

dist [Correcto]
LICENSE.md [Correcto]
package.json [Correcto]
README.md [Correcto]

 Descomprimiendo archivos en C:\controlab-h\backend\node_modules\valibot\dist\

index.cjs [Correcto]
index.d.cts [Correcto]
index.d.mts [Correcto]
index.min.cjs [Correcto]
index.min.mjs [Correcto]
index.mjs [Correcto]

 Descomprimiendo archivos en C:\controlab-h\backend\node_modules\vary\

HISTORY.md [Correcto]
index.js [Correcto]
LICENSE [Correcto]
package.json [Correcto]
README.md [Correcto]

 Descomprimiendo archivos en C:\controlab-h\backend\node_modules\which\

bin [Correcto]
CHANGELOG.md [Correcto]
LICENSE [Correcto]
package.json [Correcto]
README.md [Correcto]
which.js [Correcto]

 Descomprimiendo archivos en C:\controlab-h\backend\node_modules\which\bin\

node-which [Correcto]

 Descomprimiendo archivos en C:\controlab-h\backend\node_modules\wrappy\

LICENSE [Correcto]
package.json [Correcto]
README.md [Correcto]
wrappy.js [Correcto]

 Descomprimiendo archivos en C:\controlab-h\backend\node_modules\wsl-utils\

index.d.ts [Correcto]
index.js [Correcto]
license [Correcto]
package.json [Correcto]
readme.md [Correcto]

 Descomprimiendo archivos en C:\controlab-h\backend\node_modules\zeptomatch\

dist [Correcto]
license [Correcto]
package.json [Correcto]
readme.md [Correcto]

 Descomprimiendo archivos en C:\controlab-h\backend\node_modules\zeptomatch\dist\

compile [Correcto]
index.d.ts [Correcto]
index.js [Correcto]
merge [Correcto]
normalize [Correcto]
parse [Correcto]
range.d.ts [Correcto]
range.js [Correcto]
types.d.ts [Correcto]
types.js [Correcto]
utils.d.ts [Correcto]
utils.js [Correcto]

 Descomprimiendo archivos en C:\controlab-h\backend\node_modules\zeptomatch\dist\compile\

index.d.ts [Correcto]
index.js [Correcto]

 Descomprimiendo archivos en C:\controlab-h\backend\node_modules\zeptomatch\dist\merge\

index.d.ts [Correcto]
index.js [Correcto]

 Descomprimiendo archivos en C:\controlab-h\backend\node_modules\zeptomatch\dist\normalize\

grammar.d.ts [Correcto]
grammar.js [Correcto]
index.d.ts [Correcto]
index.js [Correcto]

 Descomprimiendo archivos en C:\controlab-h\backend\node_modules\zeptomatch\dist\parse\

grammar.d.ts [Correcto]
grammar.js [Correcto]
index.d.ts [Correcto]
index.js [Correcto]
utils.d.ts [Correcto]
utils.js [Correcto]

 Descomprimiendo archivos en C:\controlab-h\backend\prisma\

schema.prisma [Correcto]

Se descomprimieron 17288 archivos en 1866 directorios.

